name	rmr4	rmr5	rmr6	rmr7	rmr8	rmr9	rmr10	rmr11	rmr12	rmr13	rmr14	rmr15	rcr4	rcr5	rcr6	rcr7	rcr8	rcr9	rcr10	rcr11	rcr12	rcr13	rcr14	rcr15	fmr4	fmr5	fmr6	fmr7	fmr8	fmr9	fmr10	fmr11	fmr12	fmr13	fmr14	fmr15	fcr4	fcr5	fcr6	fcr7	fcr8	fcr9	fcr10	fcr11	fcr12	fcr13	fcr14	fcr15	rmc4	rmc5	rmc6	rmc7	rmc8	rmc9	rmc10	rmc11	rmc12	rmc13	rmc14	rmc15	rcc4	rcc5	rcc6	rcc7	rcc8	rcc9	rcc10	rcc11	rcc12	rcc13	rcc14	rcc15	fmc4	fmc5	fmc6	fmc7	fmc8	fmc9	fmc10	fmc11	fmc12	fmc13	fmc14	fmc15	fcc4	fcc5	fcc6	fcc7	fcc8	fcc9	fcc10	fcc11	fcc12	fcc13	fcc14	fcc15	size
1a30_ligand	-13.975278	-23.243881	-36.880787	-32.465779	-17.676653	1.299296	14.790079	22.625103	32.366246	41.078880	52.361052	55.037166	-10.112300	-16.752616	-16.235266	-2.503485	18.195703	45.366931	72.427319	95.976908	119.342947	140.598366	152.700217	166.490602	-16.539219	-25.002105	-30.651073	-32.094999	-35.602195	-31.888082	-22.747087	-20.980707	-21.556131	-19.010535	-23.126093	-20.733035	-19.711788	-33.052187	-38.329079	-37.794732	-38.848917	-35.000441	-25.434069	-23.483628	-23.607268	-20.034768	-19.943091	-18.475066	-130.258803	-331.777999	-645.105955	-1008.936596	-1521.471981	-2216.313096	-3167.720710	-4408.895030	-5788.896149	-7286.923893	-8904.733167	-10654.300736	-10.428968	-16.809504	-16.812016	-5.867044	11.223478	36.411933	61.125536	81.270978	101.033149	118.773703	128.990843	141.205209	-135.149051	-349.246458	-699.614679	-1120.955359	-1727.229310	-2543.849961	-3628.529943	-5009.048785	-6495.770379	-8054.785866	-9705.205836	-11483.341597	-20.149934	-32.516246	-37.767312	-36.572199	-37.125634	-33.298543	-23.730029	-21.815589	-21.510464	-17.292839	-17.248337	-15.955652	49
