name	rmr4	rmr5	rmr6	rmr7	rmr8	rmr9	rmr10	rmr11	rmr12	rmr13	rmr14	rmr15	rcr4	rcr5	rcr6	rcr7	rcr8	rcr9	rcr10	rcr11	rcr12	rcr13	rcr14	rcr15	fmr4	fmr5	fmr6	fmr7	fmr8	fmr9	fmr10	fmr11	fmr12	fmr13	fmr14	fmr15	fcr4	fcr5	fcr6	fcr7	fcr8	fcr9	fcr10	fcr11	fcr12	fcr13	fcr14	fcr15	rmc4	rmc5	rmc6	rmc7	rmc8	rmc9	rmc10	rmc11	rmc12	rmc13	rmc14	rmc15	rcc4	rcc5	rcc6	rcc7	rcc8	rcc9	rcc10	rcc11	rcc12	rcc13	rcc14	rcc15	fmc4	fmc5	fmc6	fmc7	fmc8	fmc9	fmc10	fmc11	fmc12	fmc13	fmc14	fmc15	fcc4	fcc5	fcc6	fcc7	fcc8	fcc9	fcc10	fcc11	fcc12	fcc13	fcc14	fcc15	size
1bzc_ligand	-17.226636	-23.022022	-37.576942	-32.317439	-1.369103	14.508503	24.401652	35.248004	22.345322	3.040792	-15.060119	-37.271332	-6.278459	0.903654	5.667286	25.604788	49.233346	77.028454	107.908275	139.960753	153.092509	160.984882	173.567031	189.790353	-15.504820	-15.285099	-17.359686	-16.910414	-16.814100	-16.645980	-16.832008	-11.343233	-15.729074	-24.289252	-35.573832	-48.254220	-10.499909	-7.566959	-3.540517	6.354769	8.411247	14.699481	19.779160	32.585122	39.881059	45.146140	48.825288	52.560073	-166.355319	-426.900446	-763.968002	-1141.823678	-1608.249803	-2153.149617	-2852.963125	-3749.223882	-4874.614183	-6195.384820	-7704.628255	-9403.427522	-6.675004	0.471424	7.158664	30.151837	57.446060	88.320207	121.872840	156.485330	172.351628	181.922376	195.275791	212.118587	-166.756024	-439.458590	-806.843253	-1249.678713	-1803.415693	-2442.462195	-3252.237116	-4255.207664	-5466.190314	-6843.152083	-8396.865721	-10140.498002	-9.339495	-5.687166	-2.491946	6.073730	4.975533	8.874847	13.509925	26.325566	33.617053	39.137472	43.324361	47.592438	43
