name	rmr4	rmr5	rmr6	rmr7	rmr8	rmr9	rmr10	rmr11	rmr12	rmr13	rmr14	rmr15	rcr4	rcr5	rcr6	rcr7	rcr8	rcr9	rcr10	rcr11	rcr12	rcr13	rcr14	rcr15	fmr4	fmr5	fmr6	fmr7	fmr8	fmr9	fmr10	fmr11	fmr12	fmr13	fmr14	fmr15	fcr4	fcr5	fcr6	fcr7	fcr8	fcr9	fcr10	fcr11	fcr12	fcr13	fcr14	fcr15	rmc4	rmc5	rmc6	rmc7	rmc8	rmc9	rmc10	rmc11	rmc12	rmc13	rmc14	rmc15	rcc4	rcc5	rcc6	rcc7	rcc8	rcc9	rcc10	rcc11	rcc12	rcc13	rcc14	rcc15	fmc4	fmc5	fmc6	fmc7	fmc8	fmc9	fmc10	fmc11	fmc12	fmc13	fmc14	fmc15	fcc4	fcc5	fcc6	fcc7	fcc8	fcc9	fcc10	fcc11	fcc12	fcc13	fcc14	fcc15	size
1e66_ligand	-5.393902	-1.085950	-3.661527	1.562423	24.291027	45.706956	64.404211	75.416841	86.344585	97.755156	116.153251	120.906937	8.732190	25.143220	29.796821	34.749001	47.894944	60.532682	77.689572	90.488924	101.604444	114.458701	126.373245	137.212181	-5.736711	10.180134	19.918619	20.285774	18.516892	16.827069	18.749363	15.639692	14.860314	16.460655	15.884611	19.746585	2.641152	21.771229	33.044329	35.654361	36.799555	36.371281	37.893132	35.411678	34.720907	36.158450	37.344789	39.799163	-152.781946	-408.312899	-713.823650	-1112.969187	-1645.993814	-2384.659035	-3364.808213	-4607.157870	-6087.499454	-7803.544813	-9763.739610	-11932.214927	3.309914	17.706362	22.925276	28.669576	44.647200	59.520959	76.380327	87.891595	97.751463	108.117220	116.475341	123.557726	-155.793181	-412.076377	-735.868101	-1194.440099	-1822.395445	-2680.899388	-3793.017635	-5166.928306	-6756.128340	-8546.872628	-10558.050168	-12767.547073	0.294720	19.675222	29.805098	32.047541	32.478756	31.893570	33.492665	31.113156	30.619573	32.507249	34.402240	37.714573	40
