name	rmr4	rmr5	rmr6	rmr7	rmr8	rmr9	rmr10	rmr11	rmr12	rmr13	rmr14	rmr15	rcr4	rcr5	rcr6	rcr7	rcr8	rcr9	rcr10	rcr11	rcr12	rcr13	rcr14	rcr15	fmr4	fmr5	fmr6	fmr7	fmr8	fmr9	fmr10	fmr11	fmr12	fmr13	fmr14	fmr15	fcr4	fcr5	fcr6	fcr7	fcr8	fcr9	fcr10	fcr11	fcr12	fcr13	fcr14	fcr15	rmc4	rmc5	rmc6	rmc7	rmc8	rmc9	rmc10	rmc11	rmc12	rmc13	rmc14	rmc15	rcc4	rcc5	rcc6	rcc7	rcc8	rcc9	rcc10	rcc11	rcc12	rcc13	rcc14	rcc15	fmc4	fmc5	fmc6	fmc7	fmc8	fmc9	fmc10	fmc11	fmc12	fmc13	fmc14	fmc15	fcc4	fcc5	fcc6	fcc7	fcc8	fcc9	fcc10	fcc11	fcc12	fcc13	fcc14	fcc15	size
1g2k_ligand	-27.200680	-38.135718	-61.440900	-65.691845	-36.419438	-22.998099	-9.412001	-18.325641	-39.147755	-50.452899	-53.450067	-64.998415	-18.114033	-19.043722	-34.285350	-30.127107	3.940176	22.096272	49.418950	71.624777	84.681854	94.312952	102.118103	100.302036	-24.094508	-23.326878	-24.438518	-28.097670	-21.582678	-28.183443	-26.773447	-28.261518	-33.886923	-32.274210	-34.948350	-42.367010	-24.448935	-24.274573	-30.561921	-31.677115	-25.428803	-30.882376	-28.525509	-28.934670	-31.067719	-32.389857	-34.226027	-38.909316	-196.531176	-548.195964	-1139.244350	-1840.515255	-2757.088037	-4031.842791	-5799.564074	-7979.929528	-10589.831114	-13318.888318	-16218.197674	-19158.070187	-15.105868	-18.045269	-31.369302	-24.699182	15.986031	40.680480	71.611899	96.147532	111.209955	120.767230	127.681277	124.946633	-196.244402	-557.937084	-1202.091466	-2002.229695	-3088.500108	-4572.438503	-6587.041268	-8995.567188	-11793.919977	-14616.886076	-17559.358001	-20513.446941	-19.540024	-19.038069	-24.120685	-25.966536	-20.840095	-26.610707	-24.209760	-24.596372	-26.646209	-26.956171	-27.159831	-29.793916	82
