name	rmr4	rmr5	rmr6	rmr7	rmr8	rmr9	rmr10	rmr11	rmr12	rmr13	rmr14	rmr15	rcr4	rcr5	rcr6	rcr7	rcr8	rcr9	rcr10	rcr11	rcr12	rcr13	rcr14	rcr15	fmr4	fmr5	fmr6	fmr7	fmr8	fmr9	fmr10	fmr11	fmr12	fmr13	fmr14	fmr15	fcr4	fcr5	fcr6	fcr7	fcr8	fcr9	fcr10	fcr11	fcr12	fcr13	fcr14	fcr15	rmc4	rmc5	rmc6	rmc7	rmc8	rmc9	rmc10	rmc11	rmc12	rmc13	rmc14	rmc15	rcc4	rcc5	rcc6	rcc7	rcc8	rcc9	rcc10	rcc11	rcc12	rcc13	rcc14	rcc15	fmc4	fmc5	fmc6	fmc7	fmc8	fmc9	fmc10	fmc11	fmc12	fmc13	fmc14	fmc15	fcc4	fcc5	fcc6	fcc7	fcc8	fcc9	fcc10	fcc11	fcc12	fcc13	fcc14	fcc15	size
1gpk_ligand	-4.578688	-8.921567	-15.477428	-10.968496	11.984187	33.159184	52.743374	67.938409	86.192049	105.386973	125.159007	135.150889	0.567784	3.321877	0.303099	1.592078	11.933641	19.646160	32.977906	45.925745	59.078785	72.621671	82.648511	93.048259	-7.285091	-4.735265	-3.207702	-4.922986	-4.658045	-4.955610	-5.125664	-6.333323	-4.445078	-3.355314	-6.328115	-3.916339	-6.228061	-2.592923	-0.492916	0.572873	3.832138	4.525326	3.864844	4.161753	6.928215	8.883524	8.783880	10.786070	-83.594085	-301.259225	-594.388099	-946.530605	-1437.232139	-2108.954454	-3024.035296	-4118.915821	-5452.714485	-7005.050120	-8729.638791	-10663.630900	1.131172	-0.175076	-3.251396	-2.062524	10.916244	19.762114	31.091262	41.797457	52.594254	62.077474	67.277685	72.500456	-87.628774	-310.313599	-625.057111	-1025.363420	-1598.910252	-2372.639197	-3409.654336	-4612.978597	-6042.631944	-7661.921764	-9427.200811	-11395.691563	-3.896109	-1.220246	1.087119	2.158889	5.104899	5.642370	4.936798	5.434655	8.357465	10.844882	11.701410	14.695708	37
