name	rmr4	rmr5	rmr6	rmr7	rmr8	rmr9	rmr10	rmr11	rmr12	rmr13	rmr14	rmr15	rcr4	rcr5	rcr6	rcr7	rcr8	rcr9	rcr10	rcr11	rcr12	rcr13	rcr14	rcr15	fmr4	fmr5	fmr6	fmr7	fmr8	fmr9	fmr10	fmr11	fmr12	fmr13	fmr14	fmr15	fcr4	fcr5	fcr6	fcr7	fcr8	fcr9	fcr10	fcr11	fcr12	fcr13	fcr14	fcr15	rmc4	rmc5	rmc6	rmc7	rmc8	rmc9	rmc10	rmc11	rmc12	rmc13	rmc14	rmc15	rcc4	rcc5	rcc6	rcc7	rcc8	rcc9	rcc10	rcc11	rcc12	rcc13	rcc14	rcc15	fmc4	fmc5	fmc6	fmc7	fmc8	fmc9	fmc10	fmc11	fmc12	fmc13	fmc14	fmc15	fcc4	fcc5	fcc6	fcc7	fcc8	fcc9	fcc10	fcc11	fcc12	fcc13	fcc14	fcc15	size
1gpn_ligand	0.465897	0.707678	-2.121886	6.296283	37.355842	69.207078	94.669081	118.872741	144.902434	167.797356	192.375476	205.789204	8.615309	13.987393	12.264525	16.228262	33.594437	50.689447	67.535869	84.689686	103.210528	118.826019	133.574924	145.829277	-3.523709	3.336921	5.540065	4.463181	4.526473	6.301455	7.655577	7.241769	8.839246	9.426583	6.956013	10.392342	-0.266541	6.862496	8.736677	9.775535	12.839933	16.103433	17.025706	16.807834	19.262871	19.901190	20.315882	22.588723	-99.291765	-311.256007	-601.521224	-965.579660	-1469.866211	-2167.544929	-3100.756039	-4296.809114	-5724.166513	-7381.017704	-9180.163009	-11227.943998	7.743020	10.478289	8.397050	11.535440	29.630385	46.231792	59.828345	72.621516	86.906273	97.150967	106.212036	112.244469	-105.501924	-320.885702	-633.828761	-1051.693756	-1649.216961	-2456.912243	-3513.303653	-4835.497248	-6370.405560	-8100.710733	-9943.257156	-12027.790144	0.915436	8.199491	10.432884	11.710907	14.687634	18.015487	18.997764	18.765211	21.399437	22.499606	23.929169	27.131156	40
