name	rmr4	rmr5	rmr6	rmr7	rmr8	rmr9	rmr10	rmr11	rmr12	rmr13	rmr14	rmr15	rcr4	rcr5	rcr6	rcr7	rcr8	rcr9	rcr10	rcr11	rcr12	rcr13	rcr14	rcr15	fmr4	fmr5	fmr6	fmr7	fmr8	fmr9	fmr10	fmr11	fmr12	fmr13	fmr14	fmr15	fcr4	fcr5	fcr6	fcr7	fcr8	fcr9	fcr10	fcr11	fcr12	fcr13	fcr14	fcr15	rmc4	rmc5	rmc6	rmc7	rmc8	rmc9	rmc10	rmc11	rmc12	rmc13	rmc14	rmc15	rcc4	rcc5	rcc6	rcc7	rcc8	rcc9	rcc10	rcc11	rcc12	rcc13	rcc14	rcc15	fmc4	fmc5	fmc6	fmc7	fmc8	fmc9	fmc10	fmc11	fmc12	fmc13	fmc14	fmc15	fcc4	fcc5	fcc6	fcc7	fcc8	fcc9	fcc10	fcc11	fcc12	fcc13	fcc14	fcc15	size
1h22_ligand	-18.052350	-28.482628	-52.863220	-42.048921	2.459989	47.383987	78.486936	104.120844	130.961702	157.420034	200.950639	218.442126	-2.987847	1.024320	-14.641000	-7.570469	8.287001	26.017818	45.708610	64.906226	83.340795	100.687078	122.122240	137.354353	-17.766866	-17.648616	-27.929553	-31.407222	-32.967248	-31.759460	-31.775013	-30.845276	-32.606541	-36.867203	-38.773335	-35.230896	-11.018555	-8.260352	-17.107838	-13.095864	-12.540715	-10.341380	-11.663628	-8.655004	-8.576268	-10.351007	-8.799504	-5.165108	-156.863477	-489.816274	-964.672688	-1520.509442	-2289.831752	-3378.720186	-4824.266243	-6540.492122	-8579.984771	-11019.540651	-13898.533528	-17179.776508	-4.728657	-5.263420	-22.004204	-12.487717	15.945794	41.996523	63.285664	83.231772	101.827692	115.517459	131.827593	141.912957	-160.970717	-503.694247	-1011.272104	-1647.649809	-2567.671160	-3836.794060	-5475.344697	-7360.664618	-9547.546161	-12095.809872	-15060.334197	-18412.446087	-9.781828	-7.568917	-16.769069	-14.149473	-13.841019	-11.732944	-12.924843	-9.675312	-9.108332	-9.910247	-7.428701	-2.899290	78
