name	rmr4	rmr5	rmr6	rmr7	rmr8	rmr9	rmr10	rmr11	rmr12	rmr13	rmr14	rmr15	rcr4	rcr5	rcr6	rcr7	rcr8	rcr9	rcr10	rcr11	rcr12	rcr13	rcr14	rcr15	fmr4	fmr5	fmr6	fmr7	fmr8	fmr9	fmr10	fmr11	fmr12	fmr13	fmr14	fmr15	fcr4	fcr5	fcr6	fcr7	fcr8	fcr9	fcr10	fcr11	fcr12	fcr13	fcr14	fcr15	rmc4	rmc5	rmc6	rmc7	rmc8	rmc9	rmc10	rmc11	rmc12	rmc13	rmc14	rmc15	rcc4	rcc5	rcc6	rcc7	rcc8	rcc9	rcc10	rcc11	rcc12	rcc13	rcc14	rcc15	fmc4	fmc5	fmc6	fmc7	fmc8	fmc9	fmc10	fmc11	fmc12	fmc13	fmc14	fmc15	fcc4	fcc5	fcc6	fcc7	fcc8	fcc9	fcc10	fcc11	fcc12	fcc13	fcc14	fcc15	size
1h23_ligand	-20.175317	-28.211261	-51.485727	-37.752449	14.362527	64.481290	99.122307	128.870453	155.900295	186.431221	233.401636	249.317037	-2.028244	6.187112	-8.303734	-0.858720	21.684435	41.907862	65.995699	85.935792	103.718074	123.805679	146.987267	161.609725	-18.273995	-18.178080	-27.079764	-28.392841	-25.291722	-22.627759	-19.924757	-18.475420	-21.070040	-25.213809	-26.561379	-25.563100	-8.412900	-4.552630	-11.787002	-7.964672	-2.315502	-0.163848	2.067649	3.293516	2.379587	-0.180632	1.603296	4.005985	-155.078974	-504.302558	-987.552862	-1571.916168	-2372.941152	-3513.066668	-5013.204245	-6861.744603	-9026.614087	-11589.610939	-14610.242983	-18093.516534	-4.691763	-1.464659	-17.141460	-7.024208	28.820145	58.262273	84.113351	104.945373	122.899385	139.190784	156.998475	166.102599	-157.676050	-520.421370	-1036.036447	-1707.584158	-2665.734862	-3997.425122	-5696.548151	-7734.004076	-10054.924196	-12733.920194	-15843.713715	-19403.109509	-8.098881	-4.951174	-12.727318	-10.110668	-4.516300	-1.971677	0.530992	1.914831	1.486062	0.028576	2.833962	6.079947	84
