name	rmr4	rmr5	rmr6	rmr7	rmr8	rmr9	rmr10	rmr11	rmr12	rmr13	rmr14	rmr15	rcr4	rcr5	rcr6	rcr7	rcr8	rcr9	rcr10	rcr11	rcr12	rcr13	rcr14	rcr15	fmr4	fmr5	fmr6	fmr7	fmr8	fmr9	fmr10	fmr11	fmr12	fmr13	fmr14	fmr15	fcr4	fcr5	fcr6	fcr7	fcr8	fcr9	fcr10	fcr11	fcr12	fcr13	fcr14	fcr15	rmc4	rmc5	rmc6	rmc7	rmc8	rmc9	rmc10	rmc11	rmc12	rmc13	rmc14	rmc15	rcc4	rcc5	rcc6	rcc7	rcc8	rcc9	rcc10	rcc11	rcc12	rcc13	rcc14	rcc15	fmc4	fmc5	fmc6	fmc7	fmc8	fmc9	fmc10	fmc11	fmc12	fmc13	fmc14	fmc15	fcc4	fcc5	fcc6	fcc7	fcc8	fcc9	fcc10	fcc11	fcc12	fcc13	fcc14	fcc15	size
1k1i_ligand	-15.900231	-35.507866	-63.236761	-72.769039	-74.818090	-77.139905	-87.331759	-113.753195	-141.875144	-176.152163	-215.043477	-247.009564	-6.174300	-9.834784	-19.343682	-13.257557	1.069513	17.381848	38.789577	52.536863	61.999105	66.299135	72.941102	80.514669	-18.579494	-25.325059	-27.483143	-19.136924	-14.630346	-9.628992	-3.123613	-3.291115	-2.704646	-5.463211	-6.031676	-3.334926	-13.782268	-14.202218	-13.221393	-5.776699	-0.425260	6.257501	15.329816	14.409419	14.256555	11.622549	11.517865	12.669289	-121.057468	-371.501089	-691.636161	-1085.334683	-1617.290426	-2314.627205	-3283.561412	-4480.730444	-6024.174697	-7846.314643	-10005.996130	-12451.745635	-5.415388	-9.702511	-17.450629	-8.269643	10.975533	32.205065	58.036733	75.419348	89.012080	96.164373	105.099848	114.880389	-125.541025	-381.152494	-718.937162	-1171.065365	-1794.996704	-2603.776259	-3708.938628	-5036.630400	-6702.753332	-8611.426450	-10839.965351	-13346.501924	-12.249354	-12.643927	-11.887291	-4.685495	-0.168270	5.922261	15.083863	14.120337	13.975779	11.348474	11.299868	12.573430	64
