name	rmr4	rmr5	rmr6	rmr7	rmr8	rmr9	rmr10	rmr11	rmr12	rmr13	rmr14	rmr15	rcr4	rcr5	rcr6	rcr7	rcr8	rcr9	rcr10	rcr11	rcr12	rcr13	rcr14	rcr15	fmr4	fmr5	fmr6	fmr7	fmr8	fmr9	fmr10	fmr11	fmr12	fmr13	fmr14	fmr15	fcr4	fcr5	fcr6	fcr7	fcr8	fcr9	fcr10	fcr11	fcr12	fcr13	fcr14	fcr15	rmc4	rmc5	rmc6	rmc7	rmc8	rmc9	rmc10	rmc11	rmc12	rmc13	rmc14	rmc15	rcc4	rcc5	rcc6	rcc7	rcc8	rcc9	rcc10	rcc11	rcc12	rcc13	rcc14	rcc15	fmc4	fmc5	fmc6	fmc7	fmc8	fmc9	fmc10	fmc11	fmc12	fmc13	fmc14	fmc15	fcc4	fcc5	fcc6	fcc7	fcc8	fcc9	fcc10	fcc11	fcc12	fcc13	fcc14	fcc15	size
1lpg_ligand	2.714594	-10.786565	-18.173539	-21.728698	-23.285099	-29.434904	-37.010217	-39.312588	-41.770392	-49.809311	-58.021553	-62.268081	2.917117	-3.125977	-2.540472	1.074476	2.422377	3.265891	9.284919	19.115822	28.154030	31.871492	33.441721	33.605096	10.480559	7.187667	8.661190	9.384161	10.699935	13.310438	15.929012	19.021025	24.306995	27.842491	32.193362	40.646784	2.230579	-5.803942	-5.070847	-4.454295	-1.050304	0.990192	0.063767	-3.038806	-5.476637	-10.767975	-16.307009	-21.280939	-274.123443	-655.778027	-1149.670501	-1733.868854	-2523.194275	-3513.248055	-4702.670746	-5944.982361	-7264.175139	-8679.851910	-10092.871068	-11336.878227	4.131019	-2.013574	-0.230522	5.028598	10.158200	14.394051	22.178193	32.963283	42.806220	46.837590	48.440949	48.611978	-266.442925	-655.006597	-1190.386037	-1852.364300	-2753.673428	-3876.341041	-5205.611050	-6554.458741	-7947.966863	-9397.659638	-10812.510387	-12040.067098	5.815821	-0.813416	-0.646770	-1.236621	0.417880	1.398952	0.255909	-2.891208	-5.400622	-9.976451	-14.347594	-18.124902	78
