name	rmr4	rmr5	rmr6	rmr7	rmr8	rmr9	rmr10	rmr11	rmr12	rmr13	rmr14	rmr15	rcr4	rcr5	rcr6	rcr7	rcr8	rcr9	rcr10	rcr11	rcr12	rcr13	rcr14	rcr15	fmr4	fmr5	fmr6	fmr7	fmr8	fmr9	fmr10	fmr11	fmr12	fmr13	fmr14	fmr15	fcr4	fcr5	fcr6	fcr7	fcr8	fcr9	fcr10	fcr11	fcr12	fcr13	fcr14	fcr15	rmc4	rmc5	rmc6	rmc7	rmc8	rmc9	rmc10	rmc11	rmc12	rmc13	rmc14	rmc15	rcc4	rcc5	rcc6	rcc7	rcc8	rcc9	rcc10	rcc11	rcc12	rcc13	rcc14	rcc15	fmc4	fmc5	fmc6	fmc7	fmc8	fmc9	fmc10	fmc11	fmc12	fmc13	fmc14	fmc15	fcc4	fcc5	fcc6	fcc7	fcc8	fcc9	fcc10	fcc11	fcc12	fcc13	fcc14	fcc15	size
1lpg_ligand	-18.396645	-36.513259	-67.194107	-73.759124	-71.702291	-72.173289	-92.733633	-115.319776	-148.662484	-176.571342	-203.256279	-217.230692	4.517079	9.053723	10.420137	20.547901	31.650392	42.066709	49.548227	59.872838	65.135227	69.123140	71.232918	78.679553	-14.797252	-2.672464	5.055991	9.899685	1.002141	-2.796286	-7.177009	-4.444599	-0.563126	1.680331	1.305371	3.701029	-4.849103	12.527591	29.175515	39.787381	38.444803	38.443866	35.522434	35.857836	37.222413	41.131441	42.156701	42.817584	-231.663195	-578.009446	-1032.099025	-1568.679259	-2292.492440	-3228.055828	-4421.199902	-5802.707512	-7532.468525	-9657.880466	-12054.422408	-14572.677702	7.076903	10.768750	12.095843	22.733120	36.696805	49.484433	57.397867	67.830560	73.002105	75.372215	75.153414	80.352925	-233.801153	-572.167879	-1047.625779	-1653.036722	-2494.292138	-3569.820883	-4911.531482	-6421.578976	-8268.233764	-10479.394210	-12931.357039	-15491.898247	0.421073	19.658608	36.112362	46.039843	43.180454	42.497979	39.604820	40.078928	41.569953	45.797956	47.363841	48.894331	78
