name	rmr4	rmr5	rmr6	rmr7	rmr8	rmr9	rmr10	rmr11	rmr12	rmr13	rmr14	rmr15	rcr4	rcr5	rcr6	rcr7	rcr8	rcr9	rcr10	rcr11	rcr12	rcr13	rcr14	rcr15	fmr4	fmr5	fmr6	fmr7	fmr8	fmr9	fmr10	fmr11	fmr12	fmr13	fmr14	fmr15	fcr4	fcr5	fcr6	fcr7	fcr8	fcr9	fcr10	fcr11	fcr12	fcr13	fcr14	fcr15	rmc4	rmc5	rmc6	rmc7	rmc8	rmc9	rmc10	rmc11	rmc12	rmc13	rmc14	rmc15	rcc4	rcc5	rcc6	rcc7	rcc8	rcc9	rcc10	rcc11	rcc12	rcc13	rcc14	rcc15	fmc4	fmc5	fmc6	fmc7	fmc8	fmc9	fmc10	fmc11	fmc12	fmc13	fmc14	fmc15	fcc4	fcc5	fcc6	fcc7	fcc8	fcc9	fcc10	fcc11	fcc12	fcc13	fcc14	fcc15	size
1mq6_ligand	-16.840852	-34.736738	-36.331186	-30.484857	-11.949905	3.478060	17.472523	26.790753	30.338083	29.785191	25.538085	21.468007	-12.865221	-20.835376	-17.451453	-12.737895	-9.120235	-3.274885	4.319489	11.556872	16.262333	20.005304	20.901224	20.458169	-13.453936	-25.170093	-26.776736	-34.499070	-40.206154	-43.354998	-44.600127	-48.174630	-50.278327	-48.684771	-44.175973	-37.485230	-14.579017	-24.903787	-22.857338	-20.525346	-16.202475	-11.612068	-13.120172	-17.799905	-22.758657	-27.970664	-33.491577	-38.648791	-233.375039	-638.594728	-1150.853461	-1691.683997	-2415.782412	-3280.685851	-4373.367795	-5590.836846	-6890.680112	-8230.785785	-9555.467988	-10776.921673	-13.254984	-22.111701	-16.585991	-10.114582	-2.048061	7.169528	17.843479	27.538691	34.238319	39.104130	40.615071	40.460173	-229.934441	-649.135442	-1206.894033	-1813.649370	-2643.698561	-3622.121670	-4848.485974	-6179.587028	-7558.176072	-8932.113309	-10257.563743	-11467.365799	-12.997751	-23.012021	-22.019921	-21.842518	-19.527330	-16.772174	-18.836612	-24.060496	-29.589844	-34.629205	-39.512556	-44.082311	56
