name	rmr4	rmr5	rmr6	rmr7	rmr8	rmr9	rmr10	rmr11	rmr12	rmr13	rmr14	rmr15	rcr4	rcr5	rcr6	rcr7	rcr8	rcr9	rcr10	rcr11	rcr12	rcr13	rcr14	rcr15	fmr4	fmr5	fmr6	fmr7	fmr8	fmr9	fmr10	fmr11	fmr12	fmr13	fmr14	fmr15	fcr4	fcr5	fcr6	fcr7	fcr8	fcr9	fcr10	fcr11	fcr12	fcr13	fcr14	fcr15	rmc4	rmc5	rmc6	rmc7	rmc8	rmc9	rmc10	rmc11	rmc12	rmc13	rmc14	rmc15	rcc4	rcc5	rcc6	rcc7	rcc8	rcc9	rcc10	rcc11	rcc12	rcc13	rcc14	rcc15	fmc4	fmc5	fmc6	fmc7	fmc8	fmc9	fmc10	fmc11	fmc12	fmc13	fmc14	fmc15	fcc4	fcc5	fcc6	fcc7	fcc8	fcc9	fcc10	fcc11	fcc12	fcc13	fcc14	fcc15	size
1nc1_ligand	-17.826486	-19.730666	-24.108455	-22.993240	-0.074619	22.141858	42.538743	57.446467	74.245818	90.883688	113.499382	119.978734	-11.181702	-3.373619	0.559007	1.765013	10.783673	17.150774	26.757069	35.083370	43.416939	56.925625	69.518306	74.844888	-14.753549	-7.204605	0.237679	-0.301619	-3.243168	-5.143276	-2.363638	-3.059387	-1.699234	0.535155	0.399233	2.873151	-19.088617	-12.744463	-5.466089	2.318540	9.320744	13.585254	17.314468	17.592870	19.541454	23.867234	29.487878	32.361828	-165.347566	-433.311246	-799.213670	-1215.183985	-1770.066627	-2494.514238	-3456.241458	-4575.499272	-5954.988614	-7497.250786	-9147.128145	-11000.317223	-7.127488	-1.765873	-1.261756	0.590808	14.666536	24.075189	34.240661	42.096183	49.224185	60.598119	70.907997	73.963941	-166.581625	-438.443976	-828.906498	-1289.326153	-1933.448147	-2760.840573	-3843.981215	-5068.131048	-6542.839806	-8146.014573	-9826.091713	-11703.763898	-11.886141	-3.502050	4.090793	10.489472	15.490609	18.887115	22.530381	23.078011	25.333868	30.404753	37.129542	40.903142	36
