name	rmr4	rmr5	rmr6	rmr7	rmr8	rmr9	rmr10	rmr11	rmr12	rmr13	rmr14	rmr15	rcr4	rcr5	rcr6	rcr7	rcr8	rcr9	rcr10	rcr11	rcr12	rcr13	rcr14	rcr15	fmr4	fmr5	fmr6	fmr7	fmr8	fmr9	fmr10	fmr11	fmr12	fmr13	fmr14	fmr15	fcr4	fcr5	fcr6	fcr7	fcr8	fcr9	fcr10	fcr11	fcr12	fcr13	fcr14	fcr15	rmc4	rmc5	rmc6	rmc7	rmc8	rmc9	rmc10	rmc11	rmc12	rmc13	rmc14	rmc15	rcc4	rcc5	rcc6	rcc7	rcc8	rcc9	rcc10	rcc11	rcc12	rcc13	rcc14	rcc15	fmc4	fmc5	fmc6	fmc7	fmc8	fmc9	fmc10	fmc11	fmc12	fmc13	fmc14	fmc15	fcc4	fcc5	fcc6	fcc7	fcc8	fcc9	fcc10	fcc11	fcc12	fcc13	fcc14	fcc15	size
1nc3_ligand	-20.229135	-34.741609	-39.530776	-37.208601	-15.692956	-2.241838	15.314682	26.680301	39.209519	48.756390	73.874133	76.761035	-15.788041	-18.705040	-13.019507	-9.900185	1.018206	1.583651	10.138666	18.400577	27.490567	38.036658	51.259463	54.780713	-16.714895	-19.625349	-8.970399	-4.278594	-4.326189	-6.777783	-3.410116	-2.379195	0.373283	-2.029107	-2.621438	-1.883348	-25.497056	-29.367341	-18.735522	-7.001242	3.926522	7.557403	11.561721	14.701218	18.485002	17.623286	21.554736	21.808363	-165.396800	-434.286622	-780.641190	-1179.895499	-1697.788349	-2382.084726	-3292.410824	-4378.112215	-5719.761162	-7188.125003	-8829.473204	-10646.502775	-9.870131	-14.828086	-12.484836	-8.380391	7.005612	10.476139	19.644356	27.384710	35.229355	43.738215	54.509333	55.696652	-167.353753	-438.567358	-805.114205	-1247.932755	-1844.936697	-2621.583822	-3647.186947	-4834.216730	-6269.814981	-7798.189928	-9476.049715	-11319.443652	-16.511417	-17.995078	-7.172402	3.561760	11.790360	14.362395	18.293329	21.675582	25.726570	25.654894	30.512664	31.618148	32
