name	rmr4	rmr5	rmr6	rmr7	rmr8	rmr9	rmr10	rmr11	rmr12	rmr13	rmr14	rmr15	rcr4	rcr5	rcr6	rcr7	rcr8	rcr9	rcr10	rcr11	rcr12	rcr13	rcr14	rcr15	fmr4	fmr5	fmr6	fmr7	fmr8	fmr9	fmr10	fmr11	fmr12	fmr13	fmr14	fmr15	fcr4	fcr5	fcr6	fcr7	fcr8	fcr9	fcr10	fcr11	fcr12	fcr13	fcr14	fcr15	rmc4	rmc5	rmc6	rmc7	rmc8	rmc9	rmc10	rmc11	rmc12	rmc13	rmc14	rmc15	rcc4	rcc5	rcc6	rcc7	rcc8	rcc9	rcc10	rcc11	rcc12	rcc13	rcc14	rcc15	fmc4	fmc5	fmc6	fmc7	fmc8	fmc9	fmc10	fmc11	fmc12	fmc13	fmc14	fmc15	fcc4	fcc5	fcc6	fcc7	fcc8	fcc9	fcc10	fcc11	fcc12	fcc13	fcc14	fcc15	size
1nvq_ligand	-19.789742	-35.309802	-48.798895	-41.635420	-5.245556	17.391161	24.689996	32.393454	33.110285	33.676807	39.172592	37.477063	-9.298409	-13.824532	-18.014497	-10.930729	13.022510	27.798742	40.470732	56.786403	69.202672	78.233969	80.973926	86.174419	-16.405889	-22.796012	-20.573984	-16.805666	-7.946983	-5.818103	-10.390829	-8.960462	-7.542966	-6.950205	-13.187433	-9.065179	-13.887882	-18.281548	-15.652800	-9.256390	-0.834792	1.101347	-0.780937	1.998503	4.481547	6.679762	5.582675	7.012056	-146.662418	-446.937899	-858.079759	-1394.543986	-2178.153678	-3308.886224	-4743.883209	-6416.946769	-8420.353072	-10659.130331	-13046.409852	-15432.772464	-9.106965	-16.169482	-20.516324	-12.526614	16.366784	35.293184	48.711662	65.180110	77.515976	85.031493	85.736356	89.187768	-147.561048	-454.978427	-898.745133	-1513.834729	-2444.160543	-3755.822347	-5370.409472	-7200.595256	-9337.629519	-11655.640612	-14077.754319	-16477.643665	-12.123130	-16.568131	-13.746243	-7.266735	1.811899	4.277973	2.435481	5.334399	7.979639	10.940615	11.084577	14.172216	63
