name	rmr4	rmr5	rmr6	rmr7	rmr8	rmr9	rmr10	rmr11	rmr12	rmr13	rmr14	rmr15	rcr4	rcr5	rcr6	rcr7	rcr8	rcr9	rcr10	rcr11	rcr12	rcr13	rcr14	rcr15	fmr4	fmr5	fmr6	fmr7	fmr8	fmr9	fmr10	fmr11	fmr12	fmr13	fmr14	fmr15	fcr4	fcr5	fcr6	fcr7	fcr8	fcr9	fcr10	fcr11	fcr12	fcr13	fcr14	fcr15	rmc4	rmc5	rmc6	rmc7	rmc8	rmc9	rmc10	rmc11	rmc12	rmc13	rmc14	rmc15	rcc4	rcc5	rcc6	rcc7	rcc8	rcc9	rcc10	rcc11	rcc12	rcc13	rcc14	rcc15	fmc4	fmc5	fmc6	fmc7	fmc8	fmc9	fmc10	fmc11	fmc12	fmc13	fmc14	fmc15	fcc4	fcc5	fcc6	fcc7	fcc8	fcc9	fcc10	fcc11	fcc12	fcc13	fcc14	fcc15	size
1o0h_ligand	-18.397293	-14.887963	-29.275064	-24.118729	6.947923	38.238109	59.269799	85.859881	91.998668	82.928246	83.641886	86.393297	-17.018579	-4.108286	-4.191697	9.632359	23.478816	57.965786	89.876609	123.927647	141.136060	148.314140	167.914327	191.710639	-16.998409	-12.052885	-22.009606	-19.868113	-15.428594	-4.136699	-0.527203	10.149555	7.229215	-8.132841	-15.051933	-12.337662	-22.010610	-14.162274	-16.479210	-2.465150	5.662254	29.833638	44.168488	66.063974	78.881666	79.767587	90.522064	109.510530	-126.012646	-288.044543	-538.537555	-858.869466	-1283.180071	-1773.500807	-2407.133470	-3207.082315	-4158.205631	-5251.168238	-6394.731215	-7643.019921	-11.736634	0.257717	-1.947438	13.130734	31.476384	68.166647	100.978053	135.355705	152.459439	158.816535	177.479260	200.434957	-126.295648	-295.120395	-567.822852	-936.711870	-1432.060137	-2001.395993	-2726.972324	-3614.187768	-4629.611605	-5765.190673	-6932.855867	-8198.864170	-14.878883	-5.425809	-7.638532	6.363017	13.223329	36.165200	50.292763	72.268664	85.314243	86.709039	98.204812	117.837111	39
