name	rmr4	rmr5	rmr6	rmr7	rmr8	rmr9	rmr10	rmr11	rmr12	rmr13	rmr14	rmr15	rcr4	rcr5	rcr6	rcr7	rcr8	rcr9	rcr10	rcr11	rcr12	rcr13	rcr14	rcr15	fmr4	fmr5	fmr6	fmr7	fmr8	fmr9	fmr10	fmr11	fmr12	fmr13	fmr14	fmr15	fcr4	fcr5	fcr6	fcr7	fcr8	fcr9	fcr10	fcr11	fcr12	fcr13	fcr14	fcr15	rmc4	rmc5	rmc6	rmc7	rmc8	rmc9	rmc10	rmc11	rmc12	rmc13	rmc14	rmc15	rcc4	rcc5	rcc6	rcc7	rcc8	rcc9	rcc10	rcc11	rcc12	rcc13	rcc14	rcc15	fmc4	fmc5	fmc6	fmc7	fmc8	fmc9	fmc10	fmc11	fmc12	fmc13	fmc14	fmc15	fcc4	fcc5	fcc6	fcc7	fcc8	fcc9	fcc10	fcc11	fcc12	fcc13	fcc14	fcc15	size
1owh_ligand	-12.663022	-18.879889	-27.054207	-26.526873	-11.995691	3.710157	23.287495	28.124168	30.066755	33.856582	44.019248	49.897652	-10.476293	-10.943000	-14.475358	-15.735618	-10.574057	-1.019046	17.295969	22.850498	26.205968	29.206493	32.377578	39.954389	-9.912365	-4.853126	-1.072691	-2.803914	-4.676587	-3.029668	4.247944	1.889234	3.823899	2.389304	-0.648971	0.497807	-13.213511	-8.049980	-3.559195	-2.646947	-1.664329	1.063389	8.171847	5.983007	8.858876	9.097223	9.011701	9.251936	-104.704283	-330.918782	-622.594511	-964.513051	-1437.271128	-2057.118295	-2890.006676	-3929.801176	-5149.411517	-6539.601024	-8177.051377	-10004.168399	-7.267460	-11.007385	-15.322441	-17.057100	-10.842514	-1.058576	15.015356	17.763072	18.370217	17.686466	15.959906	18.336792	-103.601765	-329.526575	-636.664094	-1020.103313	-1567.439494	-2279.056834	-3221.891579	-4361.682550	-5656.505341	-7095.175129	-8767.934502	-10628.896254	-8.017418	-3.090018	1.149897	2.086779	2.650351	5.261073	12.384509	10.372423	13.543919	14.448039	15.026596	16.018745	44
