name	rmr4	rmr5	rmr6	rmr7	rmr8	rmr9	rmr10	rmr11	rmr12	rmr13	rmr14	rmr15	rcr4	rcr5	rcr6	rcr7	rcr8	rcr9	rcr10	rcr11	rcr12	rcr13	rcr14	rcr15	fmr4	fmr5	fmr6	fmr7	fmr8	fmr9	fmr10	fmr11	fmr12	fmr13	fmr14	fmr15	fcr4	fcr5	fcr6	fcr7	fcr8	fcr9	fcr10	fcr11	fcr12	fcr13	fcr14	fcr15	rmc4	rmc5	rmc6	rmc7	rmc8	rmc9	rmc10	rmc11	rmc12	rmc13	rmc14	rmc15	rcc4	rcc5	rcc6	rcc7	rcc8	rcc9	rcc10	rcc11	rcc12	rcc13	rcc14	rcc15	fmc4	fmc5	fmc6	fmc7	fmc8	fmc9	fmc10	fmc11	fmc12	fmc13	fmc14	fmc15	fcc4	fcc5	fcc6	fcc7	fcc8	fcc9	fcc10	fcc11	fcc12	fcc13	fcc14	fcc15	size
1p1n_ligand	-17.203853	-10.404370	-12.474390	-4.320211	10.924230	19.412319	24.480873	30.729514	45.486990	57.102078	77.344541	90.532458	-20.921710	-15.970470	-9.308137	4.247160	20.468905	34.295217	47.081214	62.692376	84.855455	105.231485	124.157335	146.341528	-16.660396	-12.998432	-12.988766	-13.163360	-14.024335	-17.502749	-16.994682	-18.047489	-16.011378	-11.507410	-9.415280	-3.996609	-28.115463	-34.147686	-37.098941	-37.677257	-37.978794	-40.430285	-40.218815	-41.345024	-39.877925	-34.660527	-30.572825	-24.355397	-127.077705	-278.300755	-496.750709	-763.306468	-1156.676225	-1661.732228	-2339.454642	-3157.829448	-4146.462687	-5321.752417	-6706.535252	-8179.958206	-10.325766	-4.065605	-0.475408	9.231679	20.471376	30.828324	40.382151	52.046899	69.329495	84.452146	98.582449	116.219769	-128.010589	-289.077666	-530.017710	-842.436854	-1308.350924	-1894.644469	-2665.570774	-3571.860239	-4642.558987	-5874.673863	-7304.967796	-8814.790103	-15.526483	-15.831109	-17.846695	-17.464624	-17.545358	-19.956592	-19.842313	-20.979291	-19.395104	-14.025843	-9.928170	-3.658506	29
