name	rmr4	rmr5	rmr6	rmr7	rmr8	rmr9	rmr10	rmr11	rmr12	rmr13	rmr14	rmr15	rcr4	rcr5	rcr6	rcr7	rcr8	rcr9	rcr10	rcr11	rcr12	rcr13	rcr14	rcr15	fmr4	fmr5	fmr6	fmr7	fmr8	fmr9	fmr10	fmr11	fmr12	fmr13	fmr14	fmr15	fcr4	fcr5	fcr6	fcr7	fcr8	fcr9	fcr10	fcr11	fcr12	fcr13	fcr14	fcr15	rmc4	rmc5	rmc6	rmc7	rmc8	rmc9	rmc10	rmc11	rmc12	rmc13	rmc14	rmc15	rcc4	rcc5	rcc6	rcc7	rcc8	rcc9	rcc10	rcc11	rcc12	rcc13	rcc14	rcc15	fmc4	fmc5	fmc6	fmc7	fmc8	fmc9	fmc10	fmc11	fmc12	fmc13	fmc14	fmc15	fcc4	fcc5	fcc6	fcc7	fcc8	fcc9	fcc10	fcc11	fcc12	fcc13	fcc14	fcc15	size
1p1q_ligand	-11.975662	-12.860386	-13.708916	5.623969	37.312878	49.701896	58.669875	79.689056	101.055823	113.943431	137.668445	137.552617	-12.858868	-17.988470	-18.209310	-0.107384	8.823602	17.072851	20.977778	33.248743	43.395755	55.092021	72.769560	81.418586	-11.944068	-15.387377	-18.118970	-10.545797	-2.655128	-2.489898	-5.676778	-3.342859	-0.320313	4.244452	12.950916	11.372962	-19.386276	-29.161020	-31.892638	-21.050313	-17.913455	-14.499288	-16.425990	-12.333769	-9.721834	-3.915275	5.124220	-1.259120	-132.304930	-293.963935	-504.049370	-747.632345	-1111.860680	-1582.417176	-2206.092052	-2992.932229	-3962.395752	-4996.627514	-6166.934041	-7425.465490	-6.256138	-10.942138	-11.560759	6.413480	16.439960	25.159236	29.094737	40.547921	49.798681	60.488104	76.547353	83.544437	-132.488808	-300.681568	-528.516144	-812.326721	-1239.385972	-1779.465787	-2482.874417	-3352.264569	-4395.033884	-5470.357827	-6670.136004	-7958.296522	-10.790439	-17.683182	-19.788964	-9.217873	-6.452686	-3.378215	-5.313276	-1.205621	1.416322	7.404464	16.850645	10.988674	23
