name	rmr4	rmr5	rmr6	rmr7	rmr8	rmr9	rmr10	rmr11	rmr12	rmr13	rmr14	rmr15	rcr4	rcr5	rcr6	rcr7	rcr8	rcr9	rcr10	rcr11	rcr12	rcr13	rcr14	rcr15	fmr4	fmr5	fmr6	fmr7	fmr8	fmr9	fmr10	fmr11	fmr12	fmr13	fmr14	fmr15	fcr4	fcr5	fcr6	fcr7	fcr8	fcr9	fcr10	fcr11	fcr12	fcr13	fcr14	fcr15	rmc4	rmc5	rmc6	rmc7	rmc8	rmc9	rmc10	rmc11	rmc12	rmc13	rmc14	rmc15	rcc4	rcc5	rcc6	rcc7	rcc8	rcc9	rcc10	rcc11	rcc12	rcc13	rcc14	rcc15	fmc4	fmc5	fmc6	fmc7	fmc8	fmc9	fmc10	fmc11	fmc12	fmc13	fmc14	fmc15	fcc4	fcc5	fcc6	fcc7	fcc8	fcc9	fcc10	fcc11	fcc12	fcc13	fcc14	fcc15	size
1pxn_ligand	-14.072694	-18.760421	-27.973744	-21.164134	22.140265	46.975167	69.013992	78.955581	87.394910	92.976897	110.648212	118.286961	-8.139062	-1.341472	-0.904748	0.607947	8.660937	7.984133	12.387895	11.456277	7.977287	5.726840	3.390445	5.567209	-8.111864	-2.670911	3.380210	8.157341	18.860736	10.542310	7.988772	-4.207939	-9.411160	-15.270497	-23.329756	-18.698334	-10.128000	-2.851844	4.071539	13.055468	23.365458	21.881550	23.223624	15.408955	13.417094	11.625875	15.578412	19.095602	-106.328286	-343.143270	-644.052841	-1043.712486	-1624.323509	-2388.533074	-3326.525795	-4419.563382	-5711.962823	-7088.667133	-8575.419085	-10198.484520	-3.475977	-1.858858	-3.920196	-1.186453	13.952141	17.006699	22.037656	20.579460	15.979872	12.027360	7.757103	8.066872	-104.116247	-345.292984	-662.506765	-1114.152864	-1791.544132	-2661.246962	-3705.329004	-4894.021434	-6259.342738	-7671.105046	-9165.621672	-10799.642307	-3.524309	2.825126	10.300609	19.589286	30.619270	28.843679	30.173891	22.676753	21.156115	20.496937	25.782280	30.428293	37
