name	rmr4	rmr5	rmr6	rmr7	rmr8	rmr9	rmr10	rmr11	rmr12	rmr13	rmr14	rmr15	rcr4	rcr5	rcr6	rcr7	rcr8	rcr9	rcr10	rcr11	rcr12	rcr13	rcr14	rcr15	fmr4	fmr5	fmr6	fmr7	fmr8	fmr9	fmr10	fmr11	fmr12	fmr13	fmr14	fmr15	fcr4	fcr5	fcr6	fcr7	fcr8	fcr9	fcr10	fcr11	fcr12	fcr13	fcr14	fcr15	rmc4	rmc5	rmc6	rmc7	rmc8	rmc9	rmc10	rmc11	rmc12	rmc13	rmc14	rmc15	rcc4	rcc5	rcc6	rcc7	rcc8	rcc9	rcc10	rcc11	rcc12	rcc13	rcc14	rcc15	fmc4	fmc5	fmc6	fmc7	fmc8	fmc9	fmc10	fmc11	fmc12	fmc13	fmc14	fmc15	fcc4	fcc5	fcc6	fcc7	fcc8	fcc9	fcc10	fcc11	fcc12	fcc13	fcc14	fcc15	size
1q8t_ligand	-3.303047	-12.231479	-25.977187	-32.939250	2.214104	6.846793	0.398411	-5.440212	-16.959503	-31.028485	-44.879664	-67.717456	-1.634104	-3.482336	-7.480878	-6.592577	9.375186	21.106107	30.957541	40.109118	46.500129	52.971608	60.790590	64.046990	-1.727961	-7.891651	-13.646105	-18.651704	-6.691144	-12.279989	-22.654330	-34.665042	-47.206379	-62.545110	-74.975706	-87.190758	-3.146636	-6.521545	-7.033380	-4.674275	2.077086	6.121317	5.895222	5.791623	7.120401	7.848625	10.149557	12.004525	-65.372679	-223.962705	-458.966315	-785.826846	-1280.848416	-1894.970958	-2689.658902	-3674.257501	-4866.812650	-6217.645595	-7662.772872	-9244.964178	-1.003280	-4.140401	-7.940994	-6.211244	13.111794	26.548940	36.813029	46.108903	52.571912	58.260631	65.023102	67.191377	-64.926046	-230.963180	-486.080043	-862.812814	-1453.354275	-2154.722572	-3048.109782	-4129.815017	-5403.383812	-6807.410092	-8280.649530	-9882.281303	-1.901007	-5.457879	-5.684095	-2.977089	4.607084	8.423387	8.207919	8.156129	9.550918	10.612471	13.474861	15.915670	40
