name	rmr4	rmr5	rmr6	rmr7	rmr8	rmr9	rmr10	rmr11	rmr12	rmr13	rmr14	rmr15	rcr4	rcr5	rcr6	rcr7	rcr8	rcr9	rcr10	rcr11	rcr12	rcr13	rcr14	rcr15	fmr4	fmr5	fmr6	fmr7	fmr8	fmr9	fmr10	fmr11	fmr12	fmr13	fmr14	fmr15	fcr4	fcr5	fcr6	fcr7	fcr8	fcr9	fcr10	fcr11	fcr12	fcr13	fcr14	fcr15	rmc4	rmc5	rmc6	rmc7	rmc8	rmc9	rmc10	rmc11	rmc12	rmc13	rmc14	rmc15	rcc4	rcc5	rcc6	rcc7	rcc8	rcc9	rcc10	rcc11	rcc12	rcc13	rcc14	rcc15	fmc4	fmc5	fmc6	fmc7	fmc8	fmc9	fmc10	fmc11	fmc12	fmc13	fmc14	fmc15	fcc4	fcc5	fcc6	fcc7	fcc8	fcc9	fcc10	fcc11	fcc12	fcc13	fcc14	fcc15	size
1q8u_ligand	-4.305768	-15.105782	-27.682417	-30.715603	22.333950	42.365405	50.501188	65.557121	45.871084	30.618588	15.463748	-8.859228	2.680466	-3.920813	-14.197422	-8.544360	27.726717	47.590243	69.040823	97.612169	98.467416	100.845625	113.671493	112.572087	-4.792364	-13.459968	-19.634687	-21.597038	1.423594	-5.801892	-15.032691	-20.390059	-39.724209	-58.789320	-67.596662	-88.013846	-0.997176	-7.564422	-12.662761	-7.079695	11.438948	11.747878	11.706316	20.421527	13.112447	10.397677	15.599769	13.780127	-87.388589	-260.084307	-536.766084	-888.930408	-1435.309288	-2209.951752	-3156.487547	-4339.171841	-5764.596743	-7353.745239	-9089.351120	-11069.280683	2.784340	-4.673964	-14.801262	-8.420046	31.784859	54.288643	76.224275	104.968304	105.894585	107.374715	118.953542	116.445553	-89.206182	-267.101561	-567.107395	-970.491270	-1634.823711	-2543.518242	-3616.790555	-4926.580753	-6448.507476	-8095.222133	-9866.944555	-11874.746260	-0.043914	-6.297114	-11.054415	-5.343689	14.316667	14.906480	14.881459	23.637628	16.388849	14.083454	19.903518	18.633201	44
