name	rmr4	rmr5	rmr6	rmr7	rmr8	rmr9	rmr10	rmr11	rmr12	rmr13	rmr14	rmr15	rcr4	rcr5	rcr6	rcr7	rcr8	rcr9	rcr10	rcr11	rcr12	rcr13	rcr14	rcr15	fmr4	fmr5	fmr6	fmr7	fmr8	fmr9	fmr10	fmr11	fmr12	fmr13	fmr14	fmr15	fcr4	fcr5	fcr6	fcr7	fcr8	fcr9	fcr10	fcr11	fcr12	fcr13	fcr14	fcr15	rmc4	rmc5	rmc6	rmc7	rmc8	rmc9	rmc10	rmc11	rmc12	rmc13	rmc14	rmc15	rcc4	rcc5	rcc6	rcc7	rcc8	rcc9	rcc10	rcc11	rcc12	rcc13	rcc14	rcc15	fmc4	fmc5	fmc6	fmc7	fmc8	fmc9	fmc10	fmc11	fmc12	fmc13	fmc14	fmc15	fcc4	fcc5	fcc6	fcc7	fcc8	fcc9	fcc10	fcc11	fcc12	fcc13	fcc14	fcc15	size
1qf1_ligand	-6.363132	-14.077219	-42.370501	-51.475220	-42.754696	-38.229357	-44.608599	-58.255129	-80.367917	-85.155445	-102.438810	-128.336002	3.292277	11.144714	7.086954	11.609423	26.764090	44.934220	59.134915	72.776093	90.064995	115.473166	129.959768	146.364070	-7.157224	-7.617605	-13.271251	-16.865401	-22.949051	-26.639145	-35.681212	-49.620180	-61.958743	-64.506585	-84.228268	-99.814206	-3.069415	3.134277	7.613337	10.803424	13.645031	19.352911	22.683447	22.920093	26.447186	42.431435	42.963254	44.784372	-118.908543	-368.971415	-715.478004	-1128.156672	-1704.117175	-2460.664183	-3449.554036	-4704.515500	-6261.564462	-8060.747659	-10095.216564	-12384.771058	5.746829	12.417726	9.811665	16.806314	37.304914	60.259673	77.763875	94.360213	114.746747	141.944700	157.451190	174.810133	-121.048453	-379.216021	-748.517705	-1221.071978	-1903.460132	-2782.768337	-3901.441176	-5291.108631	-6972.384312	-8855.180744	-10951.034642	-13297.072670	0.384323	6.348801	10.444262	13.003458	15.494729	20.630824	23.851333	24.074754	27.615350	43.693113	44.566027	46.761622	53
