name	rmr4	rmr5	rmr6	rmr7	rmr8	rmr9	rmr10	rmr11	rmr12	rmr13	rmr14	rmr15	rcr4	rcr5	rcr6	rcr7	rcr8	rcr9	rcr10	rcr11	rcr12	rcr13	rcr14	rcr15	fmr4	fmr5	fmr6	fmr7	fmr8	fmr9	fmr10	fmr11	fmr12	fmr13	fmr14	fmr15	fcr4	fcr5	fcr6	fcr7	fcr8	fcr9	fcr10	fcr11	fcr12	fcr13	fcr14	fcr15	rmc4	rmc5	rmc6	rmc7	rmc8	rmc9	rmc10	rmc11	rmc12	rmc13	rmc14	rmc15	rcc4	rcc5	rcc6	rcc7	rcc8	rcc9	rcc10	rcc11	rcc12	rcc13	rcc14	rcc15	fmc4	fmc5	fmc6	fmc7	fmc8	fmc9	fmc10	fmc11	fmc12	fmc13	fmc14	fmc15	fcc4	fcc5	fcc6	fcc7	fcc8	fcc9	fcc10	fcc11	fcc12	fcc13	fcc14	fcc15	size
1s38_ligand	-17.290441	-15.841553	-13.347444	-5.142289	17.221529	38.394214	53.545320	76.610123	85.302964	102.462437	125.210021	134.792208	-11.664605	-14.349527	-13.195915	-8.042874	2.701113	11.216937	15.007034	22.060007	21.397385	24.792317	27.922636	34.095539	-15.971607	-11.531476	-6.278101	-5.059170	-5.286561	-3.079292	-8.630066	-10.616666	-10.838969	-9.617434	-9.679815	-7.765780	-14.960161	-16.009667	-10.404394	-3.535782	2.380256	6.866206	4.720164	4.871483	5.759988	8.856111	10.571550	12.558655	-116.625246	-273.801676	-495.592502	-739.754510	-1072.872809	-1530.292865	-2069.837477	-2755.619942	-3556.239263	-4510.723822	-5696.831117	-7009.815299	-9.945759	-12.516925	-11.510652	-6.369296	5.235325	14.058693	16.725499	21.837876	19.322253	20.042776	19.285883	21.493984	-116.092601	-274.704612	-510.936480	-782.632366	-1171.260328	-1697.518641	-2298.431692	-3050.839452	-3897.121438	-4885.256455	-6101.112947	-7440.586900	-11.149659	-10.368673	-5.011147	1.726172	7.152651	11.577484	9.835322	10.340128	11.639626	15.207125	17.169447	19.543978	22
