name	rmr4	rmr5	rmr6	rmr7	rmr8	rmr9	rmr10	rmr11	rmr12	rmr13	rmr14	rmr15	rcr4	rcr5	rcr6	rcr7	rcr8	rcr9	rcr10	rcr11	rcr12	rcr13	rcr14	rcr15	fmr4	fmr5	fmr6	fmr7	fmr8	fmr9	fmr10	fmr11	fmr12	fmr13	fmr14	fmr15	fcr4	fcr5	fcr6	fcr7	fcr8	fcr9	fcr10	fcr11	fcr12	fcr13	fcr14	fcr15	rmc4	rmc5	rmc6	rmc7	rmc8	rmc9	rmc10	rmc11	rmc12	rmc13	rmc14	rmc15	rcc4	rcc5	rcc6	rcc7	rcc8	rcc9	rcc10	rcc11	rcc12	rcc13	rcc14	rcc15	fmc4	fmc5	fmc6	fmc7	fmc8	fmc9	fmc10	fmc11	fmc12	fmc13	fmc14	fmc15	fcc4	fcc5	fcc6	fcc7	fcc8	fcc9	fcc10	fcc11	fcc12	fcc13	fcc14	fcc15	size
1sqa_ligand	-10.741402	-25.677737	-33.772004	-30.969718	-12.062950	7.624286	34.978072	48.570746	52.708129	57.969417	77.253087	83.315847	-7.402404	-11.609956	-16.578513	-14.171387	-7.977956	-1.251566	16.626473	26.466003	28.024728	30.894001	36.490184	43.852957	-7.364664	-7.241204	-1.960408	-2.154932	-5.439085	-6.419891	2.015259	1.239644	3.111061	2.678454	3.312214	4.121552	-11.655546	-8.216745	-2.484509	4.246825	5.849971	7.584944	14.496813	14.530434	17.754449	19.018783	20.678261	20.442191	-129.449061	-412.558234	-783.047307	-1208.663900	-1784.676468	-2546.251033	-3618.546239	-4896.273268	-6368.702737	-8070.349002	-10108.533640	-12336.960096	-3.864847	-11.817252	-17.886347	-16.424948	-9.396519	-2.984815	11.032347	16.592586	14.283407	12.069369	10.827361	11.375978	-129.063264	-410.406340	-802.233705	-1274.008058	-1939.092771	-2808.645561	-4022.536507	-5421.663642	-6978.139679	-8735.327268	-10818.201210	-13084.738536	-5.601424	-2.318750	3.215451	9.768417	10.798591	12.460920	19.246477	19.634992	23.458867	25.641547	28.057637	28.852740	54
