name	rmr4	rmr5	rmr6	rmr7	rmr8	rmr9	rmr10	rmr11	rmr12	rmr13	rmr14	rmr15	rcr4	rcr5	rcr6	rcr7	rcr8	rcr9	rcr10	rcr11	rcr12	rcr13	rcr14	rcr15	fmr4	fmr5	fmr6	fmr7	fmr8	fmr9	fmr10	fmr11	fmr12	fmr13	fmr14	fmr15	fcr4	fcr5	fcr6	fcr7	fcr8	fcr9	fcr10	fcr11	fcr12	fcr13	fcr14	fcr15	rmc4	rmc5	rmc6	rmc7	rmc8	rmc9	rmc10	rmc11	rmc12	rmc13	rmc14	rmc15	rcc4	rcc5	rcc6	rcc7	rcc8	rcc9	rcc10	rcc11	rcc12	rcc13	rcc14	rcc15	fmc4	fmc5	fmc6	fmc7	fmc8	fmc9	fmc10	fmc11	fmc12	fmc13	fmc14	fmc15	fcc4	fcc5	fcc6	fcc7	fcc8	fcc9	fcc10	fcc11	fcc12	fcc13	fcc14	fcc15	size
1u1b_ligand	-7.626557	-19.188052	-43.361684	-45.588023	2.748238	38.904039	50.649676	82.072117	69.979500	49.213996	27.580550	-19.508281	1.267939	3.662513	5.393222	21.160156	48.529603	95.741645	137.949584	197.759377	220.388203	245.734158	277.958334	294.824082	-8.344406	-16.099522	-32.148870	-36.920019	-32.305324	-29.518400	-40.870691	-37.077223	-65.086578	-96.689617	-132.740820	-173.913733	-4.814825	-6.400711	-6.144458	11.510755	25.270331	54.102507	73.449753	111.502661	125.051523	140.483925	154.987317	168.173587	-134.060068	-400.771088	-840.806473	-1393.015816	-2139.358737	-3089.828609	-4297.709891	-5769.870661	-7634.863767	-9796.136263	-12140.760866	-14810.899006	1.848743	4.063347	5.452473	25.288012	61.339893	115.040411	161.103957	224.748236	250.890477	278.376694	312.595923	331.920785	-136.894623	-416.443121	-901.033738	-1536.241339	-2418.050467	-3525.284167	-4897.440129	-6529.976456	-8529.787571	-10785.780652	-13195.748993	-15914.944743	-3.752713	-4.951238	-4.897727	12.561232	25.939410	54.127495	73.151867	111.101406	124.642576	140.371792	155.259654	168.664482	74
