name	rmr4	rmr5	rmr6	rmr7	rmr8	rmr9	rmr10	rmr11	rmr12	rmr13	rmr14	rmr15	rcr4	rcr5	rcr6	rcr7	rcr8	rcr9	rcr10	rcr11	rcr12	rcr13	rcr14	rcr15	fmr4	fmr5	fmr6	fmr7	fmr8	fmr9	fmr10	fmr11	fmr12	fmr13	fmr14	fmr15	fcr4	fcr5	fcr6	fcr7	fcr8	fcr9	fcr10	fcr11	fcr12	fcr13	fcr14	fcr15	rmc4	rmc5	rmc6	rmc7	rmc8	rmc9	rmc10	rmc11	rmc12	rmc13	rmc14	rmc15	rcc4	rcc5	rcc6	rcc7	rcc8	rcc9	rcc10	rcc11	rcc12	rcc13	rcc14	rcc15	fmc4	fmc5	fmc6	fmc7	fmc8	fmc9	fmc10	fmc11	fmc12	fmc13	fmc14	fmc15	fcc4	fcc5	fcc6	fcc7	fcc8	fcc9	fcc10	fcc11	fcc12	fcc13	fcc14	fcc15	size
1u1b_ligand	-12.058751	-21.610777	-36.172029	-53.934952	-54.870764	-55.762907	-66.692710	-81.636788	-94.885652	-110.391722	-118.585905	-128.852284	-13.811418	-12.731853	-9.947519	-7.513432	10.467035	37.021330	63.173546	89.870762	118.691006	140.452174	160.949483	172.822892	-12.803943	-20.295033	-28.482082	-38.338723	-37.621271	-38.627925	-43.570377	-51.376813	-59.956252	-68.540116	-77.903018	-85.497722	-19.553418	-25.139400	-26.647496	-28.894383	-19.072115	-10.453312	-6.653844	-6.850911	-6.364720	-10.443882	-17.935771	-26.735971	-173.866304	-458.560310	-919.975583	-1507.651847	-2288.428603	-3284.670052	-4495.783488	-5893.707998	-7475.591255	-9078.972974	-10592.248876	-12012.827690	-12.805502	-12.387929	-8.577963	-4.401806	16.695614	46.131561	73.882990	101.549494	131.330998	153.508785	174.103000	186.039149	-174.186768	-473.365672	-985.014986	-1659.451299	-2567.162779	-3718.144679	-5085.663301	-6627.288522	-8327.080753	-9989.695219	-11521.935963	-12943.264487	-17.624241	-23.027816	-24.357958	-26.845602	-17.376859	-9.187928	-5.645501	-5.803762	-5.315089	-9.033490	-15.753224	-23.864114	74
