name	rmr4	rmr5	rmr6	rmr7	rmr8	rmr9	rmr10	rmr11	rmr12	rmr13	rmr14	rmr15	rcr4	rcr5	rcr6	rcr7	rcr8	rcr9	rcr10	rcr11	rcr12	rcr13	rcr14	rcr15	fmr4	fmr5	fmr6	fmr7	fmr8	fmr9	fmr10	fmr11	fmr12	fmr13	fmr14	fmr15	fcr4	fcr5	fcr6	fcr7	fcr8	fcr9	fcr10	fcr11	fcr12	fcr13	fcr14	fcr15	rmc4	rmc5	rmc6	rmc7	rmc8	rmc9	rmc10	rmc11	rmc12	rmc13	rmc14	rmc15	rcc4	rcc5	rcc6	rcc7	rcc8	rcc9	rcc10	rcc11	rcc12	rcc13	rcc14	rcc15	fmc4	fmc5	fmc6	fmc7	fmc8	fmc9	fmc10	fmc11	fmc12	fmc13	fmc14	fmc15	fcc4	fcc5	fcc6	fcc7	fcc8	fcc9	fcc10	fcc11	fcc12	fcc13	fcc14	fcc15	size
1vso_ligand	-13.589721	-24.793967	-45.314366	-47.329005	-19.114172	-4.003394	-8.184816	-1.165019	0.763311	-24.071151	-49.449261	-75.918331	-9.865645	-14.706223	-21.004646	-8.639850	-3.124009	21.864687	38.664640	64.464620	76.137894	91.397084	111.620056	135.574932	-13.178299	-23.087202	-38.705646	-42.707006	-33.177221	-20.343134	-24.485380	-24.737227	-32.064711	-41.104948	-55.325821	-61.885772	-14.967572	-25.252145	-34.868233	-29.977172	-30.761345	-12.715109	-5.807081	4.697730	8.523678	16.345096	24.756701	36.090334	-111.075865	-259.606007	-470.792127	-718.667280	-1072.228735	-1563.172465	-2280.122393	-3197.947684	-4438.595853	-5899.717223	-7636.166825	-9432.725199	-7.705109	-12.810204	-19.670599	-4.433840	7.617777	39.031769	60.976960	91.210631	107.441320	125.374203	147.915062	174.093247	-112.277140	-267.416918	-498.424238	-793.614066	-1215.158156	-1794.405568	-2620.557349	-3650.317630	-4997.676562	-6535.986187	-8339.557153	-10184.270405	-11.958770	-21.103493	-30.778502	-26.075831	-27.750812	-9.446952	-2.250209	8.321381	12.168521	19.884861	28.188975	39.714708	38
