name	rmr4	rmr5	rmr6	rmr7	rmr8	rmr9	rmr10	rmr11	rmr12	rmr13	rmr14	rmr15	rcr4	rcr5	rcr6	rcr7	rcr8	rcr9	rcr10	rcr11	rcr12	rcr13	rcr14	rcr15	fmr4	fmr5	fmr6	fmr7	fmr8	fmr9	fmr10	fmr11	fmr12	fmr13	fmr14	fmr15	fcr4	fcr5	fcr6	fcr7	fcr8	fcr9	fcr10	fcr11	fcr12	fcr13	fcr14	fcr15	rmc4	rmc5	rmc6	rmc7	rmc8	rmc9	rmc10	rmc11	rmc12	rmc13	rmc14	rmc15	rcc4	rcc5	rcc6	rcc7	rcc8	rcc9	rcc10	rcc11	rcc12	rcc13	rcc14	rcc15	fmc4	fmc5	fmc6	fmc7	fmc8	fmc9	fmc10	fmc11	fmc12	fmc13	fmc14	fmc15	fcc4	fcc5	fcc6	fcc7	fcc8	fcc9	fcc10	fcc11	fcc12	fcc13	fcc14	fcc15	size
1w4o_ligand	-5.604250	-5.863369	-28.961182	-30.252563	-0.835869	2.256026	4.871315	12.925991	2.838098	-12.870196	-33.567896	-56.685132	-0.346588	10.001236	2.261313	12.088779	31.846887	41.673008	60.568383	84.113080	93.788786	104.034500	117.784953	132.906187	-6.141682	-10.113946	-27.080088	-32.301417	-27.493183	-36.232672	-41.581648	-45.486557	-64.615066	-85.031382	-113.370813	-135.865275	-4.329440	-2.960056	-10.289902	-1.228365	10.485545	15.734768	24.840319	38.659973	43.116945	49.978821	55.398984	66.177293	-76.163409	-235.090299	-488.877821	-765.232470	-1138.708380	-1612.266417	-2186.696459	-2895.301450	-3822.859163	-4906.025334	-6205.688269	-7569.294514	0.030502	10.018799	2.686419	14.503377	40.499986	54.324661	75.778637	102.085092	114.616023	126.548947	142.132001	159.041821	-77.675351	-251.802346	-527.457795	-842.571034	-1289.482270	-1833.875134	-2484.182791	-3270.048689	-4268.982074	-5400.437283	-6745.397183	-8138.581098	-3.517592	-2.108388	-9.541966	-1.749784	9.455628	13.756936	22.645042	36.308012	40.726825	47.748749	53.275113	64.260744	32
