name	rmr4	rmr5	rmr6	rmr7	rmr8	rmr9	rmr10	rmr11	rmr12	rmr13	rmr14	rmr15	rcr4	rcr5	rcr6	rcr7	rcr8	rcr9	rcr10	rcr11	rcr12	rcr13	rcr14	rcr15	fmr4	fmr5	fmr6	fmr7	fmr8	fmr9	fmr10	fmr11	fmr12	fmr13	fmr14	fmr15	fcr4	fcr5	fcr6	fcr7	fcr8	fcr9	fcr10	fcr11	fcr12	fcr13	fcr14	fcr15	rmc4	rmc5	rmc6	rmc7	rmc8	rmc9	rmc10	rmc11	rmc12	rmc13	rmc14	rmc15	rcc4	rcc5	rcc6	rcc7	rcc8	rcc9	rcc10	rcc11	rcc12	rcc13	rcc14	rcc15	fmc4	fmc5	fmc6	fmc7	fmc8	fmc9	fmc10	fmc11	fmc12	fmc13	fmc14	fmc15	fcc4	fcc5	fcc6	fcc7	fcc8	fcc9	fcc10	fcc11	fcc12	fcc13	fcc14	fcc15	size
1y6r_ligand	-20.758136	-30.021299	-28.523172	-23.062250	2.183044	24.726771	54.310305	67.043027	79.208704	94.274042	111.546672	120.722276	-8.949732	-11.392360	-5.567734	-1.823709	10.404956	16.314795	34.079021	39.420261	44.360717	57.161800	65.553616	72.391095	-19.641900	-22.151676	-11.875962	-8.409450	-9.028571	-9.126986	1.399402	0.549295	0.983598	4.177235	1.196566	7.123787	-17.586185	-20.576406	-10.063355	2.012587	12.470241	16.713089	26.632623	25.249525	26.297151	30.424539	31.449808	36.897250	-166.935313	-442.284581	-797.175038	-1213.351899	-1751.514811	-2477.103980	-3431.507897	-4549.900415	-5948.171367	-7461.632217	-9131.502463	-10993.144155	-8.823341	-13.993294	-12.036053	-8.227300	7.498663	15.394586	32.829265	37.235381	40.419696	50.691962	56.363645	60.556461	-170.146738	-448.434686	-826.266702	-1285.287028	-1906.105194	-2734.004197	-3810.602933	-5031.106248	-6524.141995	-8094.565627	-9796.737479	-11682.540860	-14.614748	-15.505707	-4.126236	7.322429	15.490737	19.211877	29.133439	27.915757	29.152980	34.014149	35.931004	42.130367	38
