name	rmr4	rmr5	rmr6	rmr7	rmr8	rmr9	rmr10	rmr11	rmr12	rmr13	rmr14	rmr15	rcr4	rcr5	rcr6	rcr7	rcr8	rcr9	rcr10	rcr11	rcr12	rcr13	rcr14	rcr15	fmr4	fmr5	fmr6	fmr7	fmr8	fmr9	fmr10	fmr11	fmr12	fmr13	fmr14	fmr15	fcr4	fcr5	fcr6	fcr7	fcr8	fcr9	fcr10	fcr11	fcr12	fcr13	fcr14	fcr15	rmc4	rmc5	rmc6	rmc7	rmc8	rmc9	rmc10	rmc11	rmc12	rmc13	rmc14	rmc15	rcc4	rcc5	rcc6	rcc7	rcc8	rcc9	rcc10	rcc11	rcc12	rcc13	rcc14	rcc15	fmc4	fmc5	fmc6	fmc7	fmc8	fmc9	fmc10	fmc11	fmc12	fmc13	fmc14	fmc15	fcc4	fcc5	fcc6	fcc7	fcc8	fcc9	fcc10	fcc11	fcc12	fcc13	fcc14	fcc15	size
1yc1_ligand	-9.154480	-20.087032	-36.793488	-33.901310	-8.952474	6.596309	13.792730	13.506126	17.264957	11.733666	18.325098	14.241032	-0.518798	1.725137	1.250608	7.336266	18.721576	24.881939	36.732129	45.161890	52.275130	57.223549	60.687655	66.294168	-7.622780	-6.358589	-5.902964	0.992144	10.812302	12.977899	13.561335	8.770531	10.957260	10.490844	3.916598	7.725028	-5.772682	-3.354419	-2.492851	3.499046	10.143410	11.670192	14.312534	12.070288	16.017605	18.326671	17.256762	19.070282	-112.259492	-333.622993	-644.675272	-1066.580997	-1706.084694	-2619.216676	-3778.676956	-5118.909319	-6710.836370	-8553.390527	-10670.984410	-12984.244580	0.809176	0.474836	-0.755617	11.834890	38.764750	57.846433	76.963030	89.906759	100.845384	107.844863	112.739421	119.944877	-114.249266	-338.176595	-677.392497	-1172.924586	-1933.315462	-2995.969201	-4305.672708	-5774.413679	-7469.437996	-9379.879302	-11546.987513	-13899.889879	-3.000504	-0.716827	0.142329	7.741373	16.858035	19.744360	22.532487	20.263057	24.347599	27.269887	27.006807	29.569328	42
