name	rmr4	rmr5	rmr6	rmr7	rmr8	rmr9	rmr10	rmr11	rmr12	rmr13	rmr14	rmr15	rcr4	rcr5	rcr6	rcr7	rcr8	rcr9	rcr10	rcr11	rcr12	rcr13	rcr14	rcr15	fmr4	fmr5	fmr6	fmr7	fmr8	fmr9	fmr10	fmr11	fmr12	fmr13	fmr14	fmr15	fcr4	fcr5	fcr6	fcr7	fcr8	fcr9	fcr10	fcr11	fcr12	fcr13	fcr14	fcr15	rmc4	rmc5	rmc6	rmc7	rmc8	rmc9	rmc10	rmc11	rmc12	rmc13	rmc14	rmc15	rcc4	rcc5	rcc6	rcc7	rcc8	rcc9	rcc10	rcc11	rcc12	rcc13	rcc14	rcc15	fmc4	fmc5	fmc6	fmc7	fmc8	fmc9	fmc10	fmc11	fmc12	fmc13	fmc14	fmc15	fcc4	fcc5	fcc6	fcc7	fcc8	fcc9	fcc10	fcc11	fcc12	fcc13	fcc14	fcc15	size
1yc1_ligand	-17.854425	-26.308604	-29.493558	-23.072552	-12.879725	-3.420449	4.393317	9.048984	8.705986	6.123639	6.002916	5.505386	-24.393464	-27.015578	-25.475791	-14.673157	-6.699417	3.480696	20.250508	33.894687	40.374156	41.573838	42.323389	38.748200	-17.599928	-24.428534	-25.107114	-22.938807	-22.115372	-21.994690	-22.404423	-24.854807	-27.490195	-28.425805	-25.825795	-21.072904	-29.931065	-38.165254	-39.368141	-37.481399	-37.290563	-37.468564	-38.873152	-44.797606	-52.820803	-61.733099	-70.040973	-77.965139	-199.193304	-470.471848	-829.281495	-1314.086675	-2054.371393	-3065.633233	-4276.552056	-5513.803343	-6735.457704	-7844.119866	-8805.807825	-9564.172351	-22.094687	-25.241939	-22.850544	-9.930763	3.163617	17.971649	36.819261	51.447039	58.521146	59.788830	60.557342	56.979630	-197.499770	-477.620421	-870.701826	-1441.850504	-2311.804417	-3482.564902	-4848.272395	-6194.506377	-7476.267217	-8588.162715	-9521.839823	-10239.821327	-26.051596	-33.667542	-35.176197	-33.278088	-32.791034	-32.812315	-34.254022	-40.172417	-48.211045	-56.146053	-62.852118	-69.288851	42
