name	rmr4	rmr5	rmr6	rmr7	rmr8	rmr9	rmr10	rmr11	rmr12	rmr13	rmr14	rmr15	rcr4	rcr5	rcr6	rcr7	rcr8	rcr9	rcr10	rcr11	rcr12	rcr13	rcr14	rcr15	fmr4	fmr5	fmr6	fmr7	fmr8	fmr9	fmr10	fmr11	fmr12	fmr13	fmr14	fmr15	fcr4	fcr5	fcr6	fcr7	fcr8	fcr9	fcr10	fcr11	fcr12	fcr13	fcr14	fcr15	rmc4	rmc5	rmc6	rmc7	rmc8	rmc9	rmc10	rmc11	rmc12	rmc13	rmc14	rmc15	rcc4	rcc5	rcc6	rcc7	rcc8	rcc9	rcc10	rcc11	rcc12	rcc13	rcc14	rcc15	fmc4	fmc5	fmc6	fmc7	fmc8	fmc9	fmc10	fmc11	fmc12	fmc13	fmc14	fmc15	fcc4	fcc5	fcc6	fcc7	fcc8	fcc9	fcc10	fcc11	fcc12	fcc13	fcc14	fcc15	size
1ydr_ligand	-3.367626	-7.659313	-7.680560	-9.222518	35.446639	70.039992	101.102441	119.817280	110.699566	101.938875	83.736770	68.598013	1.881472	0.771121	-2.198968	-5.406957	12.243166	31.818041	60.228007	81.976129	81.492174	82.781044	86.901205	88.212777	-1.572286	-6.507871	-3.449903	-9.493284	2.107931	0.875642	0.141852	-3.614405	-18.207262	-33.888872	-42.949794	-54.520779	0.417743	-2.488318	0.617559	0.363876	8.425885	12.761275	19.244963	27.758106	23.987426	20.333998	20.476370	21.336085	-81.972688	-257.365896	-522.761454	-874.977048	-1398.140587	-2115.016343	-3023.450576	-4117.188949	-5446.118740	-6971.916743	-8572.729940	-10361.403469	2.725880	0.313262	-2.633258	-5.063502	15.713354	37.446329	66.208562	87.957177	87.426044	87.671096	90.587162	90.571873	-80.866753	-263.733473	-548.497300	-951.445057	-1572.541389	-2408.713137	-3445.138420	-4648.082551	-6062.650230	-7646.589594	-9273.755265	-11083.853617	2.048682	-0.886231	2.406856	2.498978	11.123654	15.615789	22.147487	30.717960	27.057408	23.730457	24.552136	26.032572	38
