name	rmr4	rmr5	rmr6	rmr7	rmr8	rmr9	rmr10	rmr11	rmr12	rmr13	rmr14	rmr15	rcr4	rcr5	rcr6	rcr7	rcr8	rcr9	rcr10	rcr11	rcr12	rcr13	rcr14	rcr15	fmr4	fmr5	fmr6	fmr7	fmr8	fmr9	fmr10	fmr11	fmr12	fmr13	fmr14	fmr15	fcr4	fcr5	fcr6	fcr7	fcr8	fcr9	fcr10	fcr11	fcr12	fcr13	fcr14	fcr15	rmc4	rmc5	rmc6	rmc7	rmc8	rmc9	rmc10	rmc11	rmc12	rmc13	rmc14	rmc15	rcc4	rcc5	rcc6	rcc7	rcc8	rcc9	rcc10	rcc11	rcc12	rcc13	rcc14	rcc15	fmc4	fmc5	fmc6	fmc7	fmc8	fmc9	fmc10	fmc11	fmc12	fmc13	fmc14	fmc15	fcc4	fcc5	fcc6	fcc7	fcc8	fcc9	fcc10	fcc11	fcc12	fcc13	fcc14	fcc15	size
1ydt_ligand	-13.480688	-21.462332	-36.116990	-42.591847	-1.907079	15.931626	25.431502	48.259035	22.178465	-4.877864	-34.631289	-57.870155	-1.637785	-0.565498	-6.814220	1.160597	30.572864	50.281779	75.662404	114.121834	113.929962	112.346956	119.437258	129.798492	-10.968998	-10.335143	-16.076148	-21.370597	-6.681589	-12.418024	-17.605804	-13.178732	-32.150999	-56.861286	-70.877658	-84.444908	-3.057868	2.898513	1.597573	6.218158	18.867321	20.466646	24.761199	43.318079	38.152819	32.448149	34.153330	40.000883	-143.321328	-393.991641	-746.866622	-1214.781560	-1865.364782	-2801.055863	-3933.094029	-5334.073472	-7079.460198	-9130.072441	-11406.980529	-14013.920625	-2.814507	-3.065111	-8.781282	0.367640	33.798008	57.007646	83.342525	122.414990	122.756321	120.424481	126.210560	135.048633	-142.331099	-394.241037	-775.610431	-1317.138672	-2091.580447	-3184.027992	-4463.292656	-6012.769979	-7876.140861	-10008.996365	-12338.320045	-14995.213569	-2.905618	3.367732	2.392503	7.069761	19.768469	21.596441	25.890054	44.496663	39.378632	33.970656	36.178898	42.472221	48
