name	rmr4	rmr5	rmr6	rmr7	rmr8	rmr9	rmr10	rmr11	rmr12	rmr13	rmr14	rmr15	rcr4	rcr5	rcr6	rcr7	rcr8	rcr9	rcr10	rcr11	rcr12	rcr13	rcr14	rcr15	fmr4	fmr5	fmr6	fmr7	fmr8	fmr9	fmr10	fmr11	fmr12	fmr13	fmr14	fmr15	fcr4	fcr5	fcr6	fcr7	fcr8	fcr9	fcr10	fcr11	fcr12	fcr13	fcr14	fcr15	rmc4	rmc5	rmc6	rmc7	rmc8	rmc9	rmc10	rmc11	rmc12	rmc13	rmc14	rmc15	rcc4	rcc5	rcc6	rcc7	rcc8	rcc9	rcc10	rcc11	rcc12	rcc13	rcc14	rcc15	fmc4	fmc5	fmc6	fmc7	fmc8	fmc9	fmc10	fmc11	fmc12	fmc13	fmc14	fmc15	fcc4	fcc5	fcc6	fcc7	fcc8	fcc9	fcc10	fcc11	fcc12	fcc13	fcc14	fcc15	size
1z6e_ligand	-27.443002	-61.205370	-73.229627	-71.124202	-31.975987	-14.113372	-1.970218	13.178970	19.823746	20.522302	31.764580	19.748885	-10.760671	-21.335467	-19.446937	-5.895278	15.001357	27.503934	52.651755	75.510101	80.659668	94.625590	104.847491	123.050597	-22.853762	-37.585410	-30.006111	-33.901443	-30.794490	-25.122062	-14.887428	-12.017996	-16.949980	-12.211726	-13.549957	-12.583165	-16.035050	-20.437221	-4.629593	5.604825	13.920260	18.941109	28.309055	31.037222	26.014254	30.042751	27.645819	24.396530	-211.383405	-647.745516	-1179.718936	-1756.834924	-2446.466490	-3355.013977	-4510.475356	-5928.006842	-7637.533727	-9676.139530	-12084.525805	-14605.766089	-11.406234	-25.983549	-24.519442	-10.292742	13.167983	28.275980	53.777699	76.121300	80.647776	92.171443	98.299428	112.572673	-211.661378	-652.739488	-1213.135510	-1863.674656	-2658.242988	-3698.503045	-5002.301331	-6567.501429	-8397.199213	-10522.555226	-12999.473975	-15577.678654	-13.827430	-18.473929	-3.607087	5.199938	10.164285	13.929059	23.535468	26.651954	22.010161	26.750112	25.165133	23.307291	59
