name	rmr4	rmr5	rmr6	rmr7	rmr8	rmr9	rmr10	rmr11	rmr12	rmr13	rmr14	rmr15	rcr4	rcr5	rcr6	rcr7	rcr8	rcr9	rcr10	rcr11	rcr12	rcr13	rcr14	rcr15	fmr4	fmr5	fmr6	fmr7	fmr8	fmr9	fmr10	fmr11	fmr12	fmr13	fmr14	fmr15	fcr4	fcr5	fcr6	fcr7	fcr8	fcr9	fcr10	fcr11	fcr12	fcr13	fcr14	fcr15	rmc4	rmc5	rmc6	rmc7	rmc8	rmc9	rmc10	rmc11	rmc12	rmc13	rmc14	rmc15	rcc4	rcc5	rcc6	rcc7	rcc8	rcc9	rcc10	rcc11	rcc12	rcc13	rcc14	rcc15	fmc4	fmc5	fmc6	fmc7	fmc8	fmc9	fmc10	fmc11	fmc12	fmc13	fmc14	fmc15	fcc4	fcc5	fcc6	fcc7	fcc8	fcc9	fcc10	fcc11	fcc12	fcc13	fcc14	fcc15	size
1z95_ligand	-6.065849	-27.476659	-37.471253	-37.238223	-13.287501	11.377221	28.906340	28.994763	29.167263	12.912887	21.697155	14.028579	-0.940383	-11.202957	-7.615472	3.389001	39.044305	80.927337	129.826049	171.597507	217.269515	241.376539	285.079579	306.250572	-6.289826	-18.185625	-17.203719	-15.724808	-6.816316	2.775644	8.071114	12.768781	22.619852	21.546662	33.802376	25.064355	-6.428502	-15.913980	-14.198053	-11.345282	-1.030243	8.522472	14.975904	18.961725	27.756579	24.155082	33.719110	24.407242	-130.598544	-449.281423	-866.221384	-1407.350923	-2134.964878	-3173.153216	-4536.820806	-6189.060069	-8166.353716	-10466.229588	-13075.238817	-15788.273661	-0.429075	-10.880900	-3.531609	13.830311	60.546192	115.261165	174.450042	225.383084	280.078480	311.063215	360.615896	386.460003	-131.914359	-462.636929	-923.210587	-1556.804906	-2435.349769	-3673.835857	-5256.477571	-7106.267614	-9258.801663	-11678.115802	-14383.446493	-17164.358428	-4.994510	-14.321753	-12.358742	-9.772613	0.269799	10.272082	16.725053	20.386381	28.891383	25.327140	35.236473	26.529282	43
