name	rmr4	rmr5	rmr6	rmr7	rmr8	rmr9	rmr10	rmr11	rmr12	rmr13	rmr14	rmr15	rcr4	rcr5	rcr6	rcr7	rcr8	rcr9	rcr10	rcr11	rcr12	rcr13	rcr14	rcr15	fmr4	fmr5	fmr6	fmr7	fmr8	fmr9	fmr10	fmr11	fmr12	fmr13	fmr14	fmr15	fcr4	fcr5	fcr6	fcr7	fcr8	fcr9	fcr10	fcr11	fcr12	fcr13	fcr14	fcr15	rmc4	rmc5	rmc6	rmc7	rmc8	rmc9	rmc10	rmc11	rmc12	rmc13	rmc14	rmc15	rcc4	rcc5	rcc6	rcc7	rcc8	rcc9	rcc10	rcc11	rcc12	rcc13	rcc14	rcc15	fmc4	fmc5	fmc6	fmc7	fmc8	fmc9	fmc10	fmc11	fmc12	fmc13	fmc14	fmc15	fcc4	fcc5	fcc6	fcc7	fcc8	fcc9	fcc10	fcc11	fcc12	fcc13	fcc14	fcc15	size
1z95_ligand	-0.229854	-18.006215	-19.230593	-21.554304	-26.740106	-34.156837	-44.450523	-61.776389	-70.356170	-73.358744	-72.940530	-71.046303	-1.819629	-9.859940	-0.837146	10.634893	18.692127	34.202273	55.954618	70.191272	85.833668	96.438944	101.597702	101.308253	1.272340	-10.859463	-11.040322	-14.634727	-19.660534	-22.642730	-22.312029	-23.155997	-18.587212	-9.364272	1.673251	12.870106	-3.910777	-13.911601	-12.344835	-14.305887	-18.833855	-21.389688	-23.990679	-32.995106	-40.947936	-49.580156	-58.698692	-66.473817	-140.316946	-457.952995	-879.886451	-1432.462121	-2206.750300	-3264.988918	-4551.879598	-5975.756415	-7428.911749	-8763.354912	-9936.090504	-10948.444520	-1.908930	-9.182286	4.089522	22.212928	40.956501	68.314658	99.078593	120.292399	140.791322	153.342190	158.774118	157.763183	-137.828087	-470.501767	-943.597053	-1595.628953	-2510.432691	-3749.137511	-5213.877071	-6781.060433	-8330.315064	-9691.115642	-10844.884387	-11823.568468	-3.408352	-13.066314	-11.192811	-13.412301	-18.234755	-20.824705	-24.196827	-34.545489	-44.226937	-53.643441	-62.746020	-70.511621	43
