name	rmr4	rmr5	rmr6	rmr7	rmr8	rmr9	rmr10	rmr11	rmr12	rmr13	rmr14	rmr15	rcr4	rcr5	rcr6	rcr7	rcr8	rcr9	rcr10	rcr11	rcr12	rcr13	rcr14	rcr15	fmr4	fmr5	fmr6	fmr7	fmr8	fmr9	fmr10	fmr11	fmr12	fmr13	fmr14	fmr15	fcr4	fcr5	fcr6	fcr7	fcr8	fcr9	fcr10	fcr11	fcr12	fcr13	fcr14	fcr15	rmc4	rmc5	rmc6	rmc7	rmc8	rmc9	rmc10	rmc11	rmc12	rmc13	rmc14	rmc15	rcc4	rcc5	rcc6	rcc7	rcc8	rcc9	rcc10	rcc11	rcc12	rcc13	rcc14	rcc15	fmc4	fmc5	fmc6	fmc7	fmc8	fmc9	fmc10	fmc11	fmc12	fmc13	fmc14	fmc15	fcc4	fcc5	fcc6	fcc7	fcc8	fcc9	fcc10	fcc11	fcc12	fcc13	fcc14	fcc15	size
1z9g_ligand	1.626169	-2.380197	-0.499610	7.163491	23.605424	38.239354	43.576695	48.442962	50.394279	52.744939	51.838667	51.508492	0.233835	-2.994507	-1.426322	3.227220	10.510298	19.014383	23.089920	28.768962	32.763292	36.822607	36.548031	34.571698	2.922697	-0.441724	-1.799580	-1.856857	1.346450	1.576580	-2.044003	-4.850733	-6.266520	-5.495491	-4.373914	0.386203	-0.992806	-4.884837	-5.394826	-4.465822	-1.631504	-0.183230	-2.817764	-5.589203	-8.559765	-11.448642	-16.008429	-20.317871	-86.798980	-247.016259	-468.354097	-747.009030	-1160.090139	-1686.369000	-2301.214577	-2947.784272	-3558.649034	-4081.774288	-4455.266759	-4693.029015	1.125117	-2.701656	-0.630561	5.049111	15.110000	25.614260	30.563165	36.733977	40.963147	45.043505	44.768951	42.784054	-85.031295	-249.770561	-493.115691	-816.477669	-1301.429421	-1908.730674	-2593.540646	-3295.216405	-3933.378449	-4455.243317	-4803.921176	-5012.634920	0.660938	-3.091982	-3.684717	-2.902175	0.044222	1.193271	-1.529852	-4.306862	-7.303320	-9.632490	-13.251397	-16.716515	31
