name	rmr4	rmr5	rmr6	rmr7	rmr8	rmr9	rmr10	rmr11	rmr12	rmr13	rmr14	rmr15	rcr4	rcr5	rcr6	rcr7	rcr8	rcr9	rcr10	rcr11	rcr12	rcr13	rcr14	rcr15	fmr4	fmr5	fmr6	fmr7	fmr8	fmr9	fmr10	fmr11	fmr12	fmr13	fmr14	fmr15	fcr4	fcr5	fcr6	fcr7	fcr8	fcr9	fcr10	fcr11	fcr12	fcr13	fcr14	fcr15	rmc4	rmc5	rmc6	rmc7	rmc8	rmc9	rmc10	rmc11	rmc12	rmc13	rmc14	rmc15	rcc4	rcc5	rcc6	rcc7	rcc8	rcc9	rcc10	rcc11	rcc12	rcc13	rcc14	rcc15	fmc4	fmc5	fmc6	fmc7	fmc8	fmc9	fmc10	fmc11	fmc12	fmc13	fmc14	fmc15	fcc4	fcc5	fcc6	fcc7	fcc8	fcc9	fcc10	fcc11	fcc12	fcc13	fcc14	fcc15	size
1z9g_ligand	-7.235083	-11.308849	-30.874301	-37.118498	-31.445777	-26.696990	-33.083651	-38.525710	-54.790566	-63.197302	-73.751322	-93.002524	-0.274867	4.346713	0.215561	3.233555	13.469062	27.841113	35.677699	47.677460	58.270403	71.500168	82.802963	93.195746	-4.990949	-4.064897	-11.665091	-14.389667	-18.197286	-19.376575	-29.844963	-35.753668	-43.574300	-49.811000	-60.633513	-74.001039	-1.565420	2.526389	1.666877	3.528669	5.642592	10.716835	8.694706	11.130447	14.600470	21.784799	25.097793	24.310710	-82.821612	-231.842834	-451.990999	-725.982688	-1121.044205	-1638.849410	-2316.047577	-3176.755769	-4211.070487	-5456.584189	-6843.345189	-8404.981505	0.701204	4.852264	1.784037	6.652877	20.807115	38.610684	48.728719	62.800047	75.380205	89.924722	101.931087	112.978447	-81.559748	-235.320445	-472.280819	-788.555386	-1257.250334	-1861.947394	-2628.793588	-3581.976730	-4693.887020	-5998.313495	-7425.554506	-9027.177454	0.072450	4.244579	3.302293	4.996193	7.189591	12.002112	9.929285	12.363637	15.839554	23.104573	26.643219	26.104284	31
