name	rmr4	rmr5	rmr6	rmr7	rmr8	rmr9	rmr10	rmr11	rmr12	rmr13	rmr14	rmr15	rcr4	rcr5	rcr6	rcr7	rcr8	rcr9	rcr10	rcr11	rcr12	rcr13	rcr14	rcr15	fmr4	fmr5	fmr6	fmr7	fmr8	fmr9	fmr10	fmr11	fmr12	fmr13	fmr14	fmr15	fcr4	fcr5	fcr6	fcr7	fcr8	fcr9	fcr10	fcr11	fcr12	fcr13	fcr14	fcr15	rmc4	rmc5	rmc6	rmc7	rmc8	rmc9	rmc10	rmc11	rmc12	rmc13	rmc14	rmc15	rcc4	rcc5	rcc6	rcc7	rcc8	rcc9	rcc10	rcc11	rcc12	rcc13	rcc14	rcc15	fmc4	fmc5	fmc6	fmc7	fmc8	fmc9	fmc10	fmc11	fmc12	fmc13	fmc14	fmc15	fcc4	fcc5	fcc6	fcc7	fcc8	fcc9	fcc10	fcc11	fcc12	fcc13	fcc14	fcc15	size
2br1_ligand	-17.411628	-31.324947	-61.284847	-65.900638	1.470848	26.660669	38.363283	58.293504	81.933912	73.772136	94.732306	84.069065	-2.266471	2.431272	-9.882682	-5.707518	9.882277	21.472604	38.581547	50.192082	60.263815	60.840965	73.147438	77.840134	-12.907930	-17.234399	-29.535127	-39.486865	-12.802892	-11.822326	-9.523196	-9.475418	-10.244862	-13.700575	-17.341303	-10.610835	-4.197454	-0.954947	-7.618412	-7.371752	0.536712	4.595805	13.072009	13.074572	20.898360	17.004212	22.478788	18.205966	-106.449445	-319.080039	-663.060875	-1057.214556	-1641.515746	-2472.241302	-3497.482335	-4751.230375	-6138.608976	-7790.538575	-9515.251032	-11271.110338	-4.053291	-3.007597	-19.509604	-13.882888	9.141773	25.403901	43.275626	54.226167	63.178585	61.427995	71.344121	74.138712	-106.225797	-324.201047	-692.553913	-1146.377484	-1839.694916	-2800.947527	-3949.625843	-5323.642524	-6791.759430	-8501.608607	-10253.710946	-12026.581218	-4.107633	-0.790971	-7.734475	-7.240814	1.705375	6.236394	14.704293	14.868448	23.277141	20.155107	26.890319	23.997827	50
