name	rmr4	rmr5	rmr6	rmr7	rmr8	rmr9	rmr10	rmr11	rmr12	rmr13	rmr14	rmr15	rcr4	rcr5	rcr6	rcr7	rcr8	rcr9	rcr10	rcr11	rcr12	rcr13	rcr14	rcr15	fmr4	fmr5	fmr6	fmr7	fmr8	fmr9	fmr10	fmr11	fmr12	fmr13	fmr14	fmr15	fcr4	fcr5	fcr6	fcr7	fcr8	fcr9	fcr10	fcr11	fcr12	fcr13	fcr14	fcr15	rmc4	rmc5	rmc6	rmc7	rmc8	rmc9	rmc10	rmc11	rmc12	rmc13	rmc14	rmc15	rcc4	rcc5	rcc6	rcc7	rcc8	rcc9	rcc10	rcc11	rcc12	rcc13	rcc14	rcc15	fmc4	fmc5	fmc6	fmc7	fmc8	fmc9	fmc10	fmc11	fmc12	fmc13	fmc14	fmc15	fcc4	fcc5	fcc6	fcc7	fcc8	fcc9	fcc10	fcc11	fcc12	fcc13	fcc14	fcc15	size
2brb_ligand	-14.437750	-37.874533	-59.091208	-65.742211	0.635033	28.793723	39.060328	51.489380	71.126338	63.662401	79.027655	70.878859	-1.316495	-4.820273	-9.869556	-8.963723	9.330957	24.619821	38.730688	47.198094	54.293169	59.783862	68.043371	74.783015	-10.102166	-22.776721	-27.638026	-38.066273	-9.990636	-3.155212	-0.779735	-3.609244	-3.180426	-5.485705	-9.734647	-3.123850	-2.620397	-5.648777	-5.037118	-6.569590	4.506110	13.651768	19.921282	18.702824	26.502657	29.201852	33.763875	32.062975	-88.840588	-300.497649	-598.959893	-953.552804	-1469.414492	-2222.670599	-3151.103334	-4244.041391	-5498.828625	-6966.437624	-8562.084768	-10115.378112	-2.694689	-10.208703	-18.635426	-16.285755	8.634339	28.317064	43.193880	51.107531	57.136180	60.564394	66.511073	71.610002	-88.225588	-303.802918	-622.920794	-1029.404705	-1643.006454	-2516.961571	-3556.498534	-4749.894141	-6075.259043	-7592.967472	-9215.380863	-10782.973560	-2.372168	-5.842667	-5.244777	-6.454844	5.512458	15.283683	21.621426	20.613733	28.866067	32.274922	37.821937	37.409819	42
