name	rmr4	rmr5	rmr6	rmr7	rmr8	rmr9	rmr10	rmr11	rmr12	rmr13	rmr14	rmr15	rcr4	rcr5	rcr6	rcr7	rcr8	rcr9	rcr10	rcr11	rcr12	rcr13	rcr14	rcr15	fmr4	fmr5	fmr6	fmr7	fmr8	fmr9	fmr10	fmr11	fmr12	fmr13	fmr14	fmr15	fcr4	fcr5	fcr6	fcr7	fcr8	fcr9	fcr10	fcr11	fcr12	fcr13	fcr14	fcr15	rmc4	rmc5	rmc6	rmc7	rmc8	rmc9	rmc10	rmc11	rmc12	rmc13	rmc14	rmc15	rcc4	rcc5	rcc6	rcc7	rcc8	rcc9	rcc10	rcc11	rcc12	rcc13	rcc14	rcc15	fmc4	fmc5	fmc6	fmc7	fmc8	fmc9	fmc10	fmc11	fmc12	fmc13	fmc14	fmc15	fcc4	fcc5	fcc6	fcc7	fcc8	fcc9	fcc10	fcc11	fcc12	fcc13	fcc14	fcc15	size
2c3i_ligand	-3.714170	-20.582719	-35.849857	-37.631382	-18.697861	-2.241066	8.037803	5.298819	-8.242749	-25.535607	-35.486269	-59.692961	6.320137	5.577714	0.853706	4.534295	18.906248	34.648338	55.395269	69.380316	75.556098	79.185636	87.174795	91.993158	-1.684191	-6.981954	-11.038448	-15.250544	-19.500831	-30.163616	-43.532221	-65.171981	-90.112030	-115.646870	-144.368055	-169.183346	4.587442	7.302741	9.016723	12.618070	16.617273	19.521290	24.378591	24.651935	24.981023	24.682300	27.329604	27.639024	-74.417101	-295.211706	-580.115824	-935.960541	-1482.991728	-2241.907393	-3215.751432	-4367.324103	-5688.097098	-7111.313231	-8654.419098	-10267.434708	4.333892	-0.598946	-6.161802	-3.361567	10.871362	25.589353	42.799270	52.213811	54.179036	53.786672	57.381498	58.177141	-74.567182	-297.626007	-600.669685	-1008.275668	-1654.958357	-2533.596082	-3631.210666	-4891.522053	-6290.328601	-7752.572802	-9314.200974	-10937.080841	4.002043	5.186585	6.651989	10.362966	14.590913	17.644051	22.644863	23.461381	24.544814	25.486574	29.741700	31.830519	41
