name	rmr4	rmr5	rmr6	rmr7	rmr8	rmr9	rmr10	rmr11	rmr12	rmr13	rmr14	rmr15	rcr4	rcr5	rcr6	rcr7	rcr8	rcr9	rcr10	rcr11	rcr12	rcr13	rcr14	rcr15	fmr4	fmr5	fmr6	fmr7	fmr8	fmr9	fmr10	fmr11	fmr12	fmr13	fmr14	fmr15	fcr4	fcr5	fcr6	fcr7	fcr8	fcr9	fcr10	fcr11	fcr12	fcr13	fcr14	fcr15	rmc4	rmc5	rmc6	rmc7	rmc8	rmc9	rmc10	rmc11	rmc12	rmc13	rmc14	rmc15	rcc4	rcc5	rcc6	rcc7	rcc8	rcc9	rcc10	rcc11	rcc12	rcc13	rcc14	rcc15	fmc4	fmc5	fmc6	fmc7	fmc8	fmc9	fmc10	fmc11	fmc12	fmc13	fmc14	fmc15	fcc4	fcc5	fcc6	fcc7	fcc8	fcc9	fcc10	fcc11	fcc12	fcc13	fcc14	fcc15	size
2cet_ligand	-1.921519	-20.487236	-39.493647	-35.795550	-3.603436	23.343266	54.767760	74.777298	94.273467	105.766855	133.610933	139.474102	-1.789793	-20.370723	-29.643277	-25.664329	-13.242356	-7.972971	12.318993	27.713308	43.457589	55.127895	66.399130	72.433913	-8.944729	-15.552322	-17.074876	-15.518415	-10.428457	-10.471652	-3.205454	-0.372658	0.250163	-2.685247	-5.547685	-5.947575	-24.449552	-38.629809	-40.480663	-33.472196	-28.169396	-28.326285	-19.386672	-14.537455	-12.000452	-14.150390	-14.030913	-14.418555	-162.762493	-362.217455	-693.941350	-1082.114187	-1651.159191	-2458.499182	-3535.432348	-4816.433225	-6414.138876	-8240.214219	-10427.570519	-12916.013784	7.954879	-7.149367	-20.650701	-16.286856	3.155511	12.861225	33.944295	48.672745	62.877985	71.779565	79.331889	81.697348	-175.534996	-368.221036	-718.300795	-1154.214035	-1830.287361	-2765.272229	-3989.067900	-5395.687726	-7113.896042	-9020.806348	-11270.341714	-13811.229291	-11.261510	-19.071510	-21.539018	-15.647772	-9.864234	-9.752494	-0.866015	4.138352	6.847781	5.226929	5.749019	5.770719	42
