name	rmr4	rmr5	rmr6	rmr7	rmr8	rmr9	rmr10	rmr11	rmr12	rmr13	rmr14	rmr15	rcr4	rcr5	rcr6	rcr7	rcr8	rcr9	rcr10	rcr11	rcr12	rcr13	rcr14	rcr15	fmr4	fmr5	fmr6	fmr7	fmr8	fmr9	fmr10	fmr11	fmr12	fmr13	fmr14	fmr15	fcr4	fcr5	fcr6	fcr7	fcr8	fcr9	fcr10	fcr11	fcr12	fcr13	fcr14	fcr15	rmc4	rmc5	rmc6	rmc7	rmc8	rmc9	rmc10	rmc11	rmc12	rmc13	rmc14	rmc15	rcc4	rcc5	rcc6	rcc7	rcc8	rcc9	rcc10	rcc11	rcc12	rcc13	rcc14	rcc15	fmc4	fmc5	fmc6	fmc7	fmc8	fmc9	fmc10	fmc11	fmc12	fmc13	fmc14	fmc15	fcc4	fcc5	fcc6	fcc7	fcc8	fcc9	fcc10	fcc11	fcc12	fcc13	fcc14	fcc15	size
2fvd_ligand	-4.346311	-11.485357	-18.346673	1.495933	36.498032	74.325645	109.913407	125.126443	135.343346	134.444987	138.888516	143.217562	3.095985	-3.207719	-10.732874	-1.061651	19.899494	32.898908	61.791927	80.274763	95.112753	102.375658	111.947385	120.910889	-4.581157	-8.943463	-9.104597	2.773413	7.949541	15.728293	25.612033	26.064371	28.494628	30.241297	33.172175	37.825105	-2.645629	-10.214211	-8.559518	4.362087	13.229011	17.500271	27.920150	28.873822	30.148929	28.719483	30.257289	31.861460	-136.888378	-409.351547	-770.638021	-1212.798239	-1856.339427	-2792.513500	-3945.430743	-5307.157654	-6891.186566	-8710.424002	-10769.382212	-13021.323966	3.189767	-3.422925	-9.844565	3.383054	31.319302	52.214203	85.709050	107.760784	125.846388	135.021286	145.806408	155.779770	-139.017193	-423.646875	-805.352041	-1314.288570	-2076.435268	-3167.847341	-4476.844053	-5977.831015	-7673.996990	-9563.535525	-11669.380635	-13960.269129	-1.646169	-8.765803	-7.550931	5.414049	14.169971	19.017491	29.392826	30.213318	31.397600	30.356668	32.544222	34.873024	51
