name	rmr4	rmr5	rmr6	rmr7	rmr8	rmr9	rmr10	rmr11	rmr12	rmr13	rmr14	rmr15	rcr4	rcr5	rcr6	rcr7	rcr8	rcr9	rcr10	rcr11	rcr12	rcr13	rcr14	rcr15	fmr4	fmr5	fmr6	fmr7	fmr8	fmr9	fmr10	fmr11	fmr12	fmr13	fmr14	fmr15	fcr4	fcr5	fcr6	fcr7	fcr8	fcr9	fcr10	fcr11	fcr12	fcr13	fcr14	fcr15	rmc4	rmc5	rmc6	rmc7	rmc8	rmc9	rmc10	rmc11	rmc12	rmc13	rmc14	rmc15	rcc4	rcc5	rcc6	rcc7	rcc8	rcc9	rcc10	rcc11	rcc12	rcc13	rcc14	rcc15	fmc4	fmc5	fmc6	fmc7	fmc8	fmc9	fmc10	fmc11	fmc12	fmc13	fmc14	fmc15	fcc4	fcc5	fcc6	fcc7	fcc8	fcc9	fcc10	fcc11	fcc12	fcc13	fcc14	fcc15	size
2fxs_ligand	-2.370603	-0.213935	-11.300651	-4.518648	18.401238	31.954841	45.453865	46.804038	40.469106	36.561804	44.386199	39.249258	1.739928	9.941560	9.719096	21.303651	36.775800	51.243539	74.368018	88.750943	97.540976	107.572102	117.111534	126.627249	-0.718106	7.963381	7.438551	14.463878	24.515267	31.033364	38.538027	39.559346	37.223230	37.887533	34.755013	36.272860	-2.915517	4.235194	4.006254	12.821008	18.176534	23.709164	32.251363	34.152278	31.009885	31.491313	31.065555	31.784992	-102.881045	-267.524781	-519.208542	-850.660439	-1394.753368	-2155.156496	-3185.280296	-4367.459303	-5819.245302	-7499.745822	-9406.436776	-11631.616660	4.123869	12.004194	13.195356	26.916092	48.678898	68.727182	95.526619	112.398556	123.683977	134.989401	145.045152	154.922061	-103.392331	-273.145251	-549.675726	-935.924163	-1588.299524	-2475.661337	-3651.795955	-4951.169607	-6510.106832	-8263.778327	-10221.810406	-12497.968412	0.847573	8.570107	8.490412	17.272497	23.910556	29.919767	38.634347	40.496283	37.336476	38.029365	37.990342	39.017929	46
