name	rmr4	rmr5	rmr6	rmr7	rmr8	rmr9	rmr10	rmr11	rmr12	rmr13	rmr14	rmr15	rcr4	rcr5	rcr6	rcr7	rcr8	rcr9	rcr10	rcr11	rcr12	rcr13	rcr14	rcr15	fmr4	fmr5	fmr6	fmr7	fmr8	fmr9	fmr10	fmr11	fmr12	fmr13	fmr14	fmr15	fcr4	fcr5	fcr6	fcr7	fcr8	fcr9	fcr10	fcr11	fcr12	fcr13	fcr14	fcr15	rmc4	rmc5	rmc6	rmc7	rmc8	rmc9	rmc10	rmc11	rmc12	rmc13	rmc14	rmc15	rcc4	rcc5	rcc6	rcc7	rcc8	rcc9	rcc10	rcc11	rcc12	rcc13	rcc14	rcc15	fmc4	fmc5	fmc6	fmc7	fmc8	fmc9	fmc10	fmc11	fmc12	fmc13	fmc14	fmc15	fcc4	fcc5	fcc6	fcc7	fcc8	fcc9	fcc10	fcc11	fcc12	fcc13	fcc14	fcc15	size
2fxs_ligand	1.698499	4.631413	0.770564	-4.160190	-7.711426	-16.475860	-29.987864	-40.302884	-47.684197	-51.218432	-49.396170	-46.519692	-9.158723	-6.528320	-1.760404	4.292126	12.375219	21.588108	30.681606	34.718173	36.219060	34.896761	34.229505	30.606948	1.826241	6.751863	7.145857	7.390205	9.702711	10.050017	10.770342	13.270217	17.132917	23.644705	31.005031	38.546878	-15.755269	-19.248971	-20.442879	-20.979462	-18.904452	-19.064687	-21.807519	-28.823638	-35.329886	-41.349123	-47.762727	-54.486419	-183.461106	-407.234561	-724.351352	-1135.611501	-1773.307807	-2593.632861	-3585.388780	-4541.577844	-5474.261527	-6284.280381	-6970.025652	-7532.592379	-4.047403	-0.853511	5.581985	14.448715	29.329094	44.249896	57.235497	63.060678	65.542136	64.259775	63.258088	59.046522	-180.994339	-414.521707	-765.618244	-1244.501556	-1997.547127	-2946.942372	-4065.024328	-5097.264360	-6069.729547	-6872.770299	-7530.115272	-8059.625254	-8.859267	-11.344679	-13.236792	-14.379707	-11.953087	-12.604269	-15.793231	-23.752378	-31.191534	-37.149739	-42.907752	-49.012469	46
