name	rmr4	rmr5	rmr6	rmr7	rmr8	rmr9	rmr10	rmr11	rmr12	rmr13	rmr14	rmr15	rcr4	rcr5	rcr6	rcr7	rcr8	rcr9	rcr10	rcr11	rcr12	rcr13	rcr14	rcr15	fmr4	fmr5	fmr6	fmr7	fmr8	fmr9	fmr10	fmr11	fmr12	fmr13	fmr14	fmr15	fcr4	fcr5	fcr6	fcr7	fcr8	fcr9	fcr10	fcr11	fcr12	fcr13	fcr14	fcr15	rmc4	rmc5	rmc6	rmc7	rmc8	rmc9	rmc10	rmc11	rmc12	rmc13	rmc14	rmc15	rcc4	rcc5	rcc6	rcc7	rcc8	rcc9	rcc10	rcc11	rcc12	rcc13	rcc14	rcc15	fmc4	fmc5	fmc6	fmc7	fmc8	fmc9	fmc10	fmc11	fmc12	fmc13	fmc14	fmc15	fcc4	fcc5	fcc6	fcc7	fcc8	fcc9	fcc10	fcc11	fcc12	fcc13	fcc14	fcc15	size
2hb1_ligand	-11.272525	-12.161446	-7.276061	-0.325361	11.870745	21.537197	28.988342	30.867197	32.954710	30.906875	27.641503	22.774507	-14.197936	-14.716110	-6.921494	0.310922	9.195731	18.148012	27.146984	31.206544	35.199284	34.283210	31.057928	24.236994	-11.009156	-14.519144	-16.935601	-22.091520	-28.944105	-34.606973	-38.818418	-44.220290	-47.501621	-50.753226	-52.587078	-53.792066	-17.731513	-25.182002	-28.180552	-32.471918	-36.174583	-39.883293	-44.828222	-50.863306	-55.602344	-61.953905	-68.696085	-75.644893	-132.784454	-302.162180	-516.124651	-770.728404	-1102.511796	-1498.910457	-1975.775312	-2444.103091	-2913.714463	-3331.639179	-3654.783754	-3842.730723	-12.675302	-13.225609	-4.706363	3.302358	13.841564	23.975206	33.715353	38.069876	42.258321	41.360112	38.097105	31.181617	-131.109577	-312.112108	-554.969504	-853.591197	-1247.972650	-1708.610909	-2251.331131	-2760.311924	-3256.181524	-3674.994884	-3982.111708	-4145.610485	-15.135367	-21.920688	-25.175027	-30.108525	-34.700094	-39.165582	-44.278001	-50.393326	-55.216960	-61.188176	-67.265082	-73.579422	17
