name	rmr4	rmr5	rmr6	rmr7	rmr8	rmr9	rmr10	rmr11	rmr12	rmr13	rmr14	rmr15	rcr4	rcr5	rcr6	rcr7	rcr8	rcr9	rcr10	rcr11	rcr12	rcr13	rcr14	rcr15	fmr4	fmr5	fmr6	fmr7	fmr8	fmr9	fmr10	fmr11	fmr12	fmr13	fmr14	fmr15	fcr4	fcr5	fcr6	fcr7	fcr8	fcr9	fcr10	fcr11	fcr12	fcr13	fcr14	fcr15	rmc4	rmc5	rmc6	rmc7	rmc8	rmc9	rmc10	rmc11	rmc12	rmc13	rmc14	rmc15	rcc4	rcc5	rcc6	rcc7	rcc8	rcc9	rcc10	rcc11	rcc12	rcc13	rcc14	rcc15	fmc4	fmc5	fmc6	fmc7	fmc8	fmc9	fmc10	fmc11	fmc12	fmc13	fmc14	fmc15	fcc4	fcc5	fcc6	fcc7	fcc8	fcc9	fcc10	fcc11	fcc12	fcc13	fcc14	fcc15	size
2hb1_ligand	-6.521407	-9.433103	-12.021862	-5.531931	13.312438	21.120999	26.858961	34.515367	48.589215	57.469224	70.453024	77.239335	1.902684	5.861397	17.334704	24.806299	35.475578	40.573505	45.259971	51.289362	61.572140	69.038133	73.137489	80.953464	-5.317714	-3.681002	-0.949500	-2.893151	-5.037415	-8.621591	-8.323017	-10.506780	-6.292239	-4.659256	-7.962408	-6.577948	-1.444486	-1.804501	0.741578	0.754772	6.122656	5.275387	6.798410	5.339045	11.728697	15.289234	17.110910	18.111237	-87.003450	-250.414520	-453.179652	-697.206044	-1013.335041	-1400.333429	-1912.329042	-2489.204960	-3168.261222	-3991.726140	-4883.896581	-5725.256728	2.843988	5.344601	16.958459	27.228665	43.720387	52.640776	60.646239	68.893900	81.207901	90.218057	95.367468	103.927643	-88.221147	-261.047241	-490.385446	-777.414161	-1152.319431	-1598.384912	-2175.274370	-2809.630569	-3535.841687	-4394.950698	-5306.039846	-6158.468749	0.703351	0.858801	3.517356	2.295274	5.309044	2.520076	3.662814	2.041914	8.456244	12.327860	14.651459	16.310973	17
