name	rmr4	rmr5	rmr6	rmr7	rmr8	rmr9	rmr10	rmr11	rmr12	rmr13	rmr14	rmr15	rcr4	rcr5	rcr6	rcr7	rcr8	rcr9	rcr10	rcr11	rcr12	rcr13	rcr14	rcr15	fmr4	fmr5	fmr6	fmr7	fmr8	fmr9	fmr10	fmr11	fmr12	fmr13	fmr14	fmr15	fcr4	fcr5	fcr6	fcr7	fcr8	fcr9	fcr10	fcr11	fcr12	fcr13	fcr14	fcr15	rmc4	rmc5	rmc6	rmc7	rmc8	rmc9	rmc10	rmc11	rmc12	rmc13	rmc14	rmc15	rcc4	rcc5	rcc6	rcc7	rcc8	rcc9	rcc10	rcc11	rcc12	rcc13	rcc14	rcc15	fmc4	fmc5	fmc6	fmc7	fmc8	fmc9	fmc10	fmc11	fmc12	fmc13	fmc14	fmc15	fcc4	fcc5	fcc6	fcc7	fcc8	fcc9	fcc10	fcc11	fcc12	fcc13	fcc14	fcc15	size
2iwx_ligand	-9.578969	-20.367514	-27.043619	-35.176224	-42.808607	-53.156766	-67.099658	-79.844426	-86.345955	-89.157808	-85.501254	-79.091849	-10.690477	-12.458932	-6.935838	-3.821919	0.621724	8.160688	17.878741	21.802062	24.319966	22.187450	17.733457	11.319607	-8.959311	-15.677401	-15.666981	-16.056162	-16.872011	-16.900810	-15.867838	-13.229277	-8.164355	-0.712747	7.352554	16.112400	-13.755294	-18.849254	-17.170650	-18.080335	-18.723460	-18.903357	-20.368759	-25.776021	-30.767224	-36.244730	-43.736302	-50.874279	-122.912089	-352.830857	-676.938079	-1079.045970	-1706.867950	-2506.535140	-3492.473760	-4469.985451	-5388.930514	-6147.927198	-6666.933811	-7011.525731	-9.454875	-11.842473	-4.173447	2.135665	13.426559	26.566519	40.389874	46.441825	49.939669	47.662857	42.430792	34.952226	-121.471008	-361.470726	-722.319074	-1189.956326	-1929.274026	-2850.299195	-3959.588605	-5015.037029	-5970.746041	-6715.559162	-7188.846087	-7485.061023	-11.402327	-16.376022	-14.535153	-15.495662	-15.511962	-16.078012	-17.829782	-24.047796	-29.945462	-35.375088	-42.119481	-48.562819	45
