name	rmr4	rmr5	rmr6	rmr7	rmr8	rmr9	rmr10	rmr11	rmr12	rmr13	rmr14	rmr15	rcr4	rcr5	rcr6	rcr7	rcr8	rcr9	rcr10	rcr11	rcr12	rcr13	rcr14	rcr15	fmr4	fmr5	fmr6	fmr7	fmr8	fmr9	fmr10	fmr11	fmr12	fmr13	fmr14	fmr15	fcr4	fcr5	fcr6	fcr7	fcr8	fcr9	fcr10	fcr11	fcr12	fcr13	fcr14	fcr15	rmc4	rmc5	rmc6	rmc7	rmc8	rmc9	rmc10	rmc11	rmc12	rmc13	rmc14	rmc15	rcc4	rcc5	rcc6	rcc7	rcc8	rcc9	rcc10	rcc11	rcc12	rcc13	rcc14	rcc15	fmc4	fmc5	fmc6	fmc7	fmc8	fmc9	fmc10	fmc11	fmc12	fmc13	fmc14	fmc15	fcc4	fcc5	fcc6	fcc7	fcc8	fcc9	fcc10	fcc11	fcc12	fcc13	fcc14	fcc15	size
2iwx_ligand	-6.776411	-12.888361	-29.227434	-24.518463	-4.117713	3.806974	12.434866	6.078525	3.392284	2.669288	12.362978	4.173772	-3.083140	5.029871	6.459260	16.127358	32.257922	45.174885	67.171834	76.633331	92.240255	106.527652	117.911196	125.880938	-6.196779	-6.166931	-6.902703	-0.134792	8.898848	12.047429	15.414774	12.178500	13.851033	16.006832	14.441173	14.641195	-6.830221	-2.224483	-0.268924	6.966654	12.512347	15.968273	20.239151	17.129035	17.911527	18.796537	19.738767	18.814646	-70.053144	-250.387664	-517.051907	-844.823511	-1371.268991	-2091.069329	-3064.998662	-4188.606698	-5559.652012	-7170.420397	-8978.793514	-11086.952526	-2.130111	4.064179	7.820191	20.989455	45.717746	65.670349	92.567116	105.759904	125.230284	141.688590	154.351863	163.516629	-71.324593	-261.258842	-556.498926	-940.480600	-1572.181188	-2411.079747	-3525.493657	-4761.715573	-6239.062600	-7926.516650	-9784.939904	-11941.943628	-4.895027	-0.946301	1.776624	9.517285	16.597632	20.353655	24.855758	21.611836	22.327453	23.421401	24.819037	24.273824	45
