name	rmr4	rmr5	rmr6	rmr7	rmr8	rmr9	rmr10	rmr11	rmr12	rmr13	rmr14	rmr15	rcr4	rcr5	rcr6	rcr7	rcr8	rcr9	rcr10	rcr11	rcr12	rcr13	rcr14	rcr15	fmr4	fmr5	fmr6	fmr7	fmr8	fmr9	fmr10	fmr11	fmr12	fmr13	fmr14	fmr15	fcr4	fcr5	fcr6	fcr7	fcr8	fcr9	fcr10	fcr11	fcr12	fcr13	fcr14	fcr15	rmc4	rmc5	rmc6	rmc7	rmc8	rmc9	rmc10	rmc11	rmc12	rmc13	rmc14	rmc15	rcc4	rcc5	rcc6	rcc7	rcc8	rcc9	rcc10	rcc11	rcc12	rcc13	rcc14	rcc15	fmc4	fmc5	fmc6	fmc7	fmc8	fmc9	fmc10	fmc11	fmc12	fmc13	fmc14	fmc15	fcc4	fcc5	fcc6	fcc7	fcc8	fcc9	fcc10	fcc11	fcc12	fcc13	fcc14	fcc15	size
2p15_ligand	-11.660001	-35.458120	-67.528801	-63.034830	-36.277253	-19.940145	-10.496241	-11.328930	-11.392290	-14.050170	7.121594	1.210157	0.095928	-1.155296	-8.581791	5.305997	30.753231	55.173871	88.611655	122.933414	161.051728	188.836782	218.879502	239.224087	-10.836901	-19.690928	-24.355266	-16.119821	-15.041306	-16.719912	-16.592138	-13.732327	-7.400097	-6.645922	-7.504617	-4.583160	-6.254152	-9.213343	-11.671602	-3.743273	-0.890599	-0.816760	2.487795	7.088300	13.094450	13.879808	16.262162	17.171006	-104.739126	-409.274046	-844.653874	-1402.529171	-2171.755591	-3247.290268	-4714.952773	-6537.350790	-8680.792823	-11156.598984	-13864.249991	-16703.658395	-1.052838	-9.353202	-19.027490	-1.590880	33.678143	66.988547	106.433194	144.552752	185.670412	214.194901	242.768495	261.138474	-108.186674	-421.255247	-892.144087	-1545.420795	-2463.016063	-3725.312317	-5407.518683	-7433.587631	-9751.771729	-12347.107096	-15131.116985	-18018.389406	-5.420900	-10.747962	-13.166131	-4.082459	-1.063864	-0.631161	2.979413	7.575568	13.576283	14.821130	18.512360	21.398338	61
