name	rmr4	rmr5	rmr6	rmr7	rmr8	rmr9	rmr10	rmr11	rmr12	rmr13	rmr14	rmr15	rcr4	rcr5	rcr6	rcr7	rcr8	rcr9	rcr10	rcr11	rcr12	rcr13	rcr14	rcr15	fmr4	fmr5	fmr6	fmr7	fmr8	fmr9	fmr10	fmr11	fmr12	fmr13	fmr14	fmr15	fcr4	fcr5	fcr6	fcr7	fcr8	fcr9	fcr10	fcr11	fcr12	fcr13	fcr14	fcr15	rmc4	rmc5	rmc6	rmc7	rmc8	rmc9	rmc10	rmc11	rmc12	rmc13	rmc14	rmc15	rcc4	rcc5	rcc6	rcc7	rcc8	rcc9	rcc10	rcc11	rcc12	rcc13	rcc14	rcc15	fmc4	fmc5	fmc6	fmc7	fmc8	fmc9	fmc10	fmc11	fmc12	fmc13	fmc14	fmc15	fcc4	fcc5	fcc6	fcc7	fcc8	fcc9	fcc10	fcc11	fcc12	fcc13	fcc14	fcc15	size
2p4y_ligand	-10.572639	-34.141066	-61.760133	-57.312552	1.105280	18.233761	17.085457	16.972652	30.778958	11.238376	10.087180	-23.046782	0.018096	-1.166910	-5.332742	12.080538	31.124757	48.032964	71.331671	91.242820	109.723100	121.612618	131.180563	142.493606	-9.053980	-18.364168	-24.765912	-15.912042	6.111388	5.496243	10.072966	11.983915	16.824748	23.389676	19.467745	18.933677	-4.175430	-4.134384	-4.615294	11.627655	20.053038	23.146930	30.893503	31.075167	34.672530	36.667063	36.177075	30.220405	-138.867998	-478.795617	-968.139874	-1607.366311	-2514.050705	-3778.146311	-5386.064393	-7298.002250	-9575.607392	-12233.398577	-15311.536433	-18740.042579	0.517644	-2.528810	-4.668870	26.297459	67.184908	104.928109	144.560849	177.926168	209.047065	231.566303	250.969260	272.486644	-140.532770	-491.181970	-1027.185090	-1781.551182	-2859.849648	-4337.409053	-6159.935291	-8271.194727	-10718.613688	-13492.882582	-16659.276540	-20173.312398	-2.741219	-3.159181	-3.056755	15.758853	24.971296	28.635163	36.234937	35.642758	38.730792	40.770320	40.567679	34.840687	61
