name	rmr4	rmr5	rmr6	rmr7	rmr8	rmr9	rmr10	rmr11	rmr12	rmr13	rmr14	rmr15	rcr4	rcr5	rcr6	rcr7	rcr8	rcr9	rcr10	rcr11	rcr12	rcr13	rcr14	rcr15	fmr4	fmr5	fmr6	fmr7	fmr8	fmr9	fmr10	fmr11	fmr12	fmr13	fmr14	fmr15	fcr4	fcr5	fcr6	fcr7	fcr8	fcr9	fcr10	fcr11	fcr12	fcr13	fcr14	fcr15	rmc4	rmc5	rmc6	rmc7	rmc8	rmc9	rmc10	rmc11	rmc12	rmc13	rmc14	rmc15	rcc4	rcc5	rcc6	rcc7	rcc8	rcc9	rcc10	rcc11	rcc12	rcc13	rcc14	rcc15	fmc4	fmc5	fmc6	fmc7	fmc8	fmc9	fmc10	fmc11	fmc12	fmc13	fmc14	fmc15	fcc4	fcc5	fcc6	fcc7	fcc8	fcc9	fcc10	fcc11	fcc12	fcc13	fcc14	fcc15	size
2pog_ligand	-13.751059	-36.036301	-72.924318	-77.754330	-57.447831	-48.251755	-41.075494	-40.262649	-48.612057	-55.198997	-40.677793	-41.907790	-9.582143	-13.193452	-21.475862	-18.740174	-8.686548	0.008916	13.739348	24.949770	32.148681	38.465023	47.342131	53.079406	-9.840495	-14.870725	-24.029952	-22.744693	-22.069260	-25.792333	-25.462733	-25.071547	-27.415257	-31.904254	-42.808160	-44.175159	-12.537115	-14.779028	-19.317450	-16.353020	-15.302573	-15.522102	-12.038104	-10.360320	-11.437600	-13.089371	-13.352206	-13.671716	-61.520777	-252.744711	-565.671928	-960.676234	-1493.942336	-2236.659501	-3233.025506	-4398.510693	-5734.024474	-7194.347986	-8772.007435	-10397.641463	-7.211499	-15.946822	-27.569107	-21.765386	-1.050943	15.513084	33.012868	46.014316	54.073753	59.660393	67.314525	72.019072	-61.251346	-256.879378	-595.296919	-1051.197524	-1684.320391	-2547.813243	-3675.407623	-4953.604464	-6376.380288	-7885.894879	-9490.714342	-11130.236290	-8.887950	-12.629808	-17.477167	-13.927762	-12.391403	-12.459679	-8.909919	-7.180001	-7.883822	-8.334178	-7.008400	-5.636981	39
