name	rmr4	rmr5	rmr6	rmr7	rmr8	rmr9	rmr10	rmr11	rmr12	rmr13	rmr14	rmr15	rcr4	rcr5	rcr6	rcr7	rcr8	rcr9	rcr10	rcr11	rcr12	rcr13	rcr14	rcr15	fmr4	fmr5	fmr6	fmr7	fmr8	fmr9	fmr10	fmr11	fmr12	fmr13	fmr14	fmr15	fcr4	fcr5	fcr6	fcr7	fcr8	fcr9	fcr10	fcr11	fcr12	fcr13	fcr14	fcr15	rmc4	rmc5	rmc6	rmc7	rmc8	rmc9	rmc10	rmc11	rmc12	rmc13	rmc14	rmc15	rcc4	rcc5	rcc6	rcc7	rcc8	rcc9	rcc10	rcc11	rcc12	rcc13	rcc14	rcc15	fmc4	fmc5	fmc6	fmc7	fmc8	fmc9	fmc10	fmc11	fmc12	fmc13	fmc14	fmc15	fcc4	fcc5	fcc6	fcc7	fcc8	fcc9	fcc10	fcc11	fcc12	fcc13	fcc14	fcc15	size
2qbp_ligand	-8.669433	-16.893764	-26.974900	-26.051353	6.210599	25.274941	43.308702	52.334790	59.374782	50.203545	58.274575	64.488392	3.468127	4.077129	10.229449	16.805117	42.003002	57.224532	77.112945	92.793803	103.530752	106.531020	113.369503	124.981335	-11.024049	-14.206786	-11.312968	-15.905746	-13.008343	-17.452917	-13.150298	-13.900782	-10.700407	-11.534988	-14.504342	-10.539964	-4.011848	-6.756987	-3.878727	-6.205044	3.073899	0.679876	7.536157	6.043302	10.233188	10.299737	11.547548	15.850745	-134.428768	-411.889997	-829.470858	-1364.562712	-2039.821833	-2937.059791	-4025.010773	-5398.838507	-7054.469637	-8901.838765	-10964.614015	-13194.319938	3.935769	2.040367	6.776657	19.208641	55.642752	80.656863	106.740815	128.103090	144.060886	150.694847	160.571067	175.191203	-139.454182	-427.858491	-888.274949	-1513.951716	-2315.739570	-3361.152323	-4586.539304	-6106.137887	-7880.172704	-9796.667112	-11905.262881	-14174.254398	-2.198687	-4.795917	-2.115570	-4.659546	2.357169	-1.336973	4.601602	2.810899	6.916279	7.299983	9.066280	13.830073	60
