name	rmr4	rmr5	rmr6	rmr7	rmr8	rmr9	rmr10	rmr11	rmr12	rmr13	rmr14	rmr15	rcr4	rcr5	rcr6	rcr7	rcr8	rcr9	rcr10	rcr11	rcr12	rcr13	rcr14	rcr15	fmr4	fmr5	fmr6	fmr7	fmr8	fmr9	fmr10	fmr11	fmr12	fmr13	fmr14	fmr15	fcr4	fcr5	fcr6	fcr7	fcr8	fcr9	fcr10	fcr11	fcr12	fcr13	fcr14	fcr15	rmc4	rmc5	rmc6	rmc7	rmc8	rmc9	rmc10	rmc11	rmc12	rmc13	rmc14	rmc15	rcc4	rcc5	rcc6	rcc7	rcc8	rcc9	rcc10	rcc11	rcc12	rcc13	rcc14	rcc15	fmc4	fmc5	fmc6	fmc7	fmc8	fmc9	fmc10	fmc11	fmc12	fmc13	fmc14	fmc15	fcc4	fcc5	fcc6	fcc7	fcc8	fcc9	fcc10	fcc11	fcc12	fcc13	fcc14	fcc15	size
2qbq_ligand	-10.541218	-10.635813	-27.935468	-21.052369	11.970359	30.694202	42.189511	53.852108	80.045130	98.127310	118.725293	125.075387	-1.633924	5.994784	11.491561	22.509578	39.878708	51.533834	60.703971	68.364672	86.841037	101.103336	103.246044	111.477275	-13.539885	-7.163797	-10.614821	-11.520539	-11.213402	-15.278425	-17.518809	-23.531481	-19.134623	-11.552954	-16.824834	-16.730888	-10.036297	-5.377838	-5.326425	-3.036208	3.625859	3.238106	4.371816	0.040182	7.455957	14.787553	12.031977	12.327735	-116.998260	-323.991358	-657.106250	-1079.635950	-1628.484256	-2362.406187	-3275.125738	-4397.229834	-5772.084766	-7334.997769	-9139.259248	-11053.401271	-0.965215	4.883833	8.672494	24.141771	50.075184	69.259808	82.921132	94.316085	116.317085	132.883693	136.774637	146.706675	-122.808939	-337.444555	-706.886023	-1204.780843	-1852.518137	-2707.811770	-3733.900555	-4969.878950	-6449.870938	-8078.894295	-9928.398244	-11878.980019	-7.961958	-2.669984	-2.915654	-0.453270	4.508980	3.246931	3.700280	-0.796044	6.643868	14.276812	11.930433	12.717529	57
