name	rmr4	rmr5	rmr6	rmr7	rmr8	rmr9	rmr10	rmr11	rmr12	rmr13	rmr14	rmr15	rcr4	rcr5	rcr6	rcr7	rcr8	rcr9	rcr10	rcr11	rcr12	rcr13	rcr14	rcr15	fmr4	fmr5	fmr6	fmr7	fmr8	fmr9	fmr10	fmr11	fmr12	fmr13	fmr14	fmr15	fcr4	fcr5	fcr6	fcr7	fcr8	fcr9	fcr10	fcr11	fcr12	fcr13	fcr14	fcr15	rmc4	rmc5	rmc6	rmc7	rmc8	rmc9	rmc10	rmc11	rmc12	rmc13	rmc14	rmc15	rcc4	rcc5	rcc6	rcc7	rcc8	rcc9	rcc10	rcc11	rcc12	rcc13	rcc14	rcc15	fmc4	fmc5	fmc6	fmc7	fmc8	fmc9	fmc10	fmc11	fmc12	fmc13	fmc14	fmc15	fcc4	fcc5	fcc6	fcc7	fcc8	fcc9	fcc10	fcc11	fcc12	fcc13	fcc14	fcc15	size
2qnq_ligand	-6.503586	-20.606436	-21.955183	-14.534808	31.214590	59.443457	91.537711	91.061831	58.425471	28.826062	26.429665	23.281079	-25.940603	-32.833489	-30.676138	-13.663682	37.311386	75.799406	127.509448	168.773939	178.569755	185.502157	202.294213	212.106295	-3.630918	-9.224041	-0.299523	2.369780	20.150567	21.856786	28.839725	29.757603	22.288894	19.515404	16.914131	16.798325	-35.067763	-41.470195	-39.949217	-34.503266	-14.127026	-10.576672	-1.170830	3.170936	-5.179354	-13.440981	-9.536508	-6.220749	-140.786210	-445.649805	-918.978317	-1590.644787	-2457.164609	-3676.535818	-5323.479661	-7340.457279	-9739.820913	-12310.031133	-14952.813182	-17636.189345	-0.181413	-11.822439	-15.437461	1.751280	64.460977	110.258176	163.782631	204.256990	212.401370	215.959197	228.879530	235.331660	-140.022297	-448.209435	-967.755441	-1751.589642	-2796.638094	-4231.396480	-6123.047238	-8360.520835	-10926.941770	-13586.971067	-16262.997820	-18956.084570	-4.844861	-9.640993	-7.973828	-2.476887	18.152424	21.848948	31.592536	36.008932	28.011115	21.292118	27.944902	34.388757	71
