name	rmr4	rmr5	rmr6	rmr7	rmr8	rmr9	rmr10	rmr11	rmr12	rmr13	rmr14	rmr15	rcr4	rcr5	rcr6	rcr7	rcr8	rcr9	rcr10	rcr11	rcr12	rcr13	rcr14	rcr15	fmr4	fmr5	fmr6	fmr7	fmr8	fmr9	fmr10	fmr11	fmr12	fmr13	fmr14	fmr15	fcr4	fcr5	fcr6	fcr7	fcr8	fcr9	fcr10	fcr11	fcr12	fcr13	fcr14	fcr15	rmc4	rmc5	rmc6	rmc7	rmc8	rmc9	rmc10	rmc11	rmc12	rmc13	rmc14	rmc15	rcc4	rcc5	rcc6	rcc7	rcc8	rcc9	rcc10	rcc11	rcc12	rcc13	rcc14	rcc15	fmc4	fmc5	fmc6	fmc7	fmc8	fmc9	fmc10	fmc11	fmc12	fmc13	fmc14	fmc15	fcc4	fcc5	fcc6	fcc7	fcc8	fcc9	fcc10	fcc11	fcc12	fcc13	fcc14	fcc15	size
2r9w_ligand	-14.909859	-16.096917	-19.594929	-13.863976	6.330286	19.494940	33.260962	38.029344	40.224930	45.688832	56.007318	60.510420	-9.377380	-2.105037	6.583069	17.483286	36.152134	54.945457	80.868402	99.121476	112.567071	129.265283	139.061362	160.976214	-10.983943	-4.412809	-0.645855	-0.262933	3.127824	6.518639	10.939786	12.349988	11.153291	19.386824	19.371527	22.375553	-11.491797	-5.552521	-1.493705	-0.633498	2.228857	5.940744	11.316761	13.961971	14.175830	22.799961	22.429722	24.525797	-115.773455	-302.256999	-555.565272	-882.814820	-1373.704204	-2069.614552	-3031.301512	-4189.564650	-5637.398309	-7398.605694	-9400.808037	-11630.302885	-8.250587	-1.822778	8.068587	20.493710	43.467761	66.148178	93.103449	111.077594	124.245249	139.344316	146.267879	165.069070	-114.010649	-306.596815	-589.362294	-975.473770	-1566.421226	-2383.300983	-3487.329045	-4767.691941	-6326.729179	-8169.985755	-10229.762969	-12518.497779	-8.639604	-1.963854	2.133905	2.890499	6.081181	10.020483	15.318347	18.062695	18.340334	27.061013	27.049785	29.671388	42
