name	rmr4	rmr5	rmr6	rmr7	rmr8	rmr9	rmr10	rmr11	rmr12	rmr13	rmr14	rmr15	rcr4	rcr5	rcr6	rcr7	rcr8	rcr9	rcr10	rcr11	rcr12	rcr13	rcr14	rcr15	fmr4	fmr5	fmr6	fmr7	fmr8	fmr9	fmr10	fmr11	fmr12	fmr13	fmr14	fmr15	fcr4	fcr5	fcr6	fcr7	fcr8	fcr9	fcr10	fcr11	fcr12	fcr13	fcr14	fcr15	rmc4	rmc5	rmc6	rmc7	rmc8	rmc9	rmc10	rmc11	rmc12	rmc13	rmc14	rmc15	rcc4	rcc5	rcc6	rcc7	rcc8	rcc9	rcc10	rcc11	rcc12	rcc13	rcc14	rcc15	fmc4	fmc5	fmc6	fmc7	fmc8	fmc9	fmc10	fmc11	fmc12	fmc13	fmc14	fmc15	fcc4	fcc5	fcc6	fcc7	fcc8	fcc9	fcc10	fcc11	fcc12	fcc13	fcc14	fcc15	size
2v00_ligand	-8.833986	-15.744689	-17.844277	-20.070367	-9.116406	0.776168	6.216166	8.654195	8.924746	7.715022	6.682212	6.754481	-6.903566	-9.804428	-7.202442	-6.553794	3.137286	10.538951	19.196701	24.406105	25.731946	28.826285	32.317628	39.162639	-7.960629	-5.453988	0.114402	2.664545	9.973630	12.185107	13.472391	12.611411	12.224387	13.181299	15.052447	18.236114	-12.397430	-13.147552	-7.987231	-4.753366	2.777499	6.457620	8.042933	7.155123	7.064637	8.244216	9.972485	12.729472	-109.342468	-245.251654	-440.710484	-697.433880	-1061.375711	-1541.440875	-2176.241227	-2964.599977	-3894.391946	-4926.720113	-6100.300520	-7439.719121	-3.519323	-5.717357	-3.394661	-0.781807	13.768862	23.984994	33.059626	38.086295	38.919206	40.621212	42.261282	47.200440	-110.672865	-246.403821	-455.361697	-749.044903	-1177.115106	-1730.613231	-2447.857823	-3313.674161	-4303.094533	-5370.515799	-6566.272054	-7929.864335	-7.086512	-5.990427	-1.023838	2.503797	9.891396	13.173251	14.814584	14.066208	14.226332	16.154262	18.648420	22.015957	29
