name	rmr4	rmr5	rmr6	rmr7	rmr8	rmr9	rmr10	rmr11	rmr12	rmr13	rmr14	rmr15	rcr4	rcr5	rcr6	rcr7	rcr8	rcr9	rcr10	rcr11	rcr12	rcr13	rcr14	rcr15	fmr4	fmr5	fmr6	fmr7	fmr8	fmr9	fmr10	fmr11	fmr12	fmr13	fmr14	fmr15	fcr4	fcr5	fcr6	fcr7	fcr8	fcr9	fcr10	fcr11	fcr12	fcr13	fcr14	fcr15	rmc4	rmc5	rmc6	rmc7	rmc8	rmc9	rmc10	rmc11	rmc12	rmc13	rmc14	rmc15	rcc4	rcc5	rcc6	rcc7	rcc8	rcc9	rcc10	rcc11	rcc12	rcc13	rcc14	rcc15	fmc4	fmc5	fmc6	fmc7	fmc8	fmc9	fmc10	fmc11	fmc12	fmc13	fmc14	fmc15	fcc4	fcc5	fcc6	fcc7	fcc8	fcc9	fcc10	fcc11	fcc12	fcc13	fcc14	fcc15	size
2v7a_ligand	-17.427508	-41.106216	-61.949734	-52.471706	-2.574441	11.079293	24.764684	29.538025	22.392117	4.914069	-25.422454	-70.873826	-7.563582	-12.953301	-17.171964	-7.023593	14.231082	20.820783	41.080431	53.021859	60.044578	64.726703	66.203973	66.702045	-15.542017	-27.865879	-36.391051	-36.961587	-31.370962	-52.880912	-73.620249	-106.608844	-141.924188	-181.945831	-221.729695	-260.680567	-10.663496	-12.037396	-6.179300	6.196646	17.119136	15.656295	23.373335	23.575855	25.610697	26.209385	27.197527	25.621680	-111.827607	-388.012102	-772.806473	-1251.168837	-1944.748440	-2937.850710	-4191.688236	-5668.038601	-7378.210959	-9318.395537	-11447.757340	-13773.400739	-7.819250	-15.565674	-19.629908	-8.618555	16.823526	26.640481	47.575157	59.693293	66.774769	70.345104	70.274212	69.184383	-113.038516	-394.788189	-805.842061	-1350.688473	-2170.061850	-3315.170609	-4724.750042	-6340.203736	-8156.603154	-10162.412436	-12324.143533	-14677.483228	-9.906041	-11.762617	-5.669404	6.646496	17.987345	16.739000	24.481453	24.806486	27.015072	28.247731	30.119718	29.454797	66
