name	rmr4	rmr5	rmr6	rmr7	rmr8	rmr9	rmr10	rmr11	rmr12	rmr13	rmr14	rmr15	rcr4	rcr5	rcr6	rcr7	rcr8	rcr9	rcr10	rcr11	rcr12	rcr13	rcr14	rcr15	fmr4	fmr5	fmr6	fmr7	fmr8	fmr9	fmr10	fmr11	fmr12	fmr13	fmr14	fmr15	fcr4	fcr5	fcr6	fcr7	fcr8	fcr9	fcr10	fcr11	fcr12	fcr13	fcr14	fcr15	rmc4	rmc5	rmc6	rmc7	rmc8	rmc9	rmc10	rmc11	rmc12	rmc13	rmc14	rmc15	rcc4	rcc5	rcc6	rcc7	rcc8	rcc9	rcc10	rcc11	rcc12	rcc13	rcc14	rcc15	fmc4	fmc5	fmc6	fmc7	fmc8	fmc9	fmc10	fmc11	fmc12	fmc13	fmc14	fmc15	fcc4	fcc5	fcc6	fcc7	fcc8	fcc9	fcc10	fcc11	fcc12	fcc13	fcc14	fcc15	size
2vkm_ligand	-24.778033	-44.253102	-50.491585	-28.608649	23.437759	63.977892	101.718021	119.438093	128.520175	123.412096	117.725978	124.666870	-11.527647	-20.920945	-31.478982	-15.982030	23.241814	46.275537	74.548417	95.110082	112.295730	123.118018	125.312672	138.217111	-24.301775	-32.659117	-29.851024	-26.640922	-28.100529	-35.548218	-31.545467	-30.397202	-24.300562	-21.896234	-25.903932	-19.268314	-23.413390	-28.986208	-28.554338	-16.467190	-9.401005	-12.080641	-8.409390	-7.747263	-0.731082	-0.022104	-4.538100	-0.487094	-269.435521	-793.375817	-1423.854585	-2180.676789	-3146.022701	-4446.349670	-6135.900096	-8295.123155	-11018.309015	-14179.147617	-17761.609757	-21838.590873	-8.989472	-21.777096	-31.946111	-15.340658	28.685806	56.065773	86.063017	107.944423	126.311647	135.959554	136.007305	146.359238	-273.129836	-806.658299	-1476.099918	-2336.717888	-3479.360688	-4987.448818	-6901.485188	-9285.186118	-12210.354623	-15508.380490	-19179.292550	-23340.329660	-18.353942	-23.596105	-23.295435	-12.223985	-7.333663	-10.910890	-7.241576	-6.565412	0.494735	1.573670	-2.283155	2.426575	90
