name	rmr4	rmr5	rmr6	rmr7	rmr8	rmr9	rmr10	rmr11	rmr12	rmr13	rmr14	rmr15	rcr4	rcr5	rcr6	rcr7	rcr8	rcr9	rcr10	rcr11	rcr12	rcr13	rcr14	rcr15	fmr4	fmr5	fmr6	fmr7	fmr8	fmr9	fmr10	fmr11	fmr12	fmr13	fmr14	fmr15	fcr4	fcr5	fcr6	fcr7	fcr8	fcr9	fcr10	fcr11	fcr12	fcr13	fcr14	fcr15	rmc4	rmc5	rmc6	rmc7	rmc8	rmc9	rmc10	rmc11	rmc12	rmc13	rmc14	rmc15	rcc4	rcc5	rcc6	rcc7	rcc8	rcc9	rcc10	rcc11	rcc12	rcc13	rcc14	rcc15	fmc4	fmc5	fmc6	fmc7	fmc8	fmc9	fmc10	fmc11	fmc12	fmc13	fmc14	fmc15	fcc4	fcc5	fcc6	fcc7	fcc8	fcc9	fcc10	fcc11	fcc12	fcc13	fcc14	fcc15	size
2vvn_ligand	-11.343428	-8.307165	-12.618078	-4.711647	11.179798	23.588277	28.239608	36.110020	50.451594	62.898529	82.253346	90.172716	-3.240851	10.568317	16.756608	29.110492	41.306533	52.266171	55.567980	66.121685	83.233489	97.802825	109.718560	117.599265	-13.398799	-5.070833	2.026728	5.661239	0.411814	-0.079527	-0.917191	-1.787723	0.230873	1.035018	-4.022699	-1.164755	-13.572055	-6.156037	-0.841891	5.960358	5.279137	9.374105	9.198738	10.386454	12.790593	14.788741	15.903009	19.145806	-118.085946	-342.428175	-614.387424	-942.872216	-1418.298371	-1989.651904	-2716.042604	-3561.392455	-4607.659364	-5812.224875	-7175.502471	-8687.839960	-2.998500	7.127853	9.553026	18.040145	24.476479	31.989211	32.685202	39.769791	51.961558	62.053744	70.392977	74.675820	-123.925812	-355.767768	-645.811789	-1018.611151	-1570.051607	-2218.075845	-3025.717779	-3948.236672	-5072.773221	-6329.413607	-7728.094062	-9265.770574	-12.065763	-3.750770	2.762535	10.708560	10.359397	14.687936	14.323150	15.576162	18.281399	20.481032	21.458526	24.588331	32
