name	rmr4	rmr5	rmr6	rmr7	rmr8	rmr9	rmr10	rmr11	rmr12	rmr13	rmr14	rmr15	rcr4	rcr5	rcr6	rcr7	rcr8	rcr9	rcr10	rcr11	rcr12	rcr13	rcr14	rcr15	fmr4	fmr5	fmr6	fmr7	fmr8	fmr9	fmr10	fmr11	fmr12	fmr13	fmr14	fmr15	fcr4	fcr5	fcr6	fcr7	fcr8	fcr9	fcr10	fcr11	fcr12	fcr13	fcr14	fcr15	rmc4	rmc5	rmc6	rmc7	rmc8	rmc9	rmc10	rmc11	rmc12	rmc13	rmc14	rmc15	rcc4	rcc5	rcc6	rcc7	rcc8	rcc9	rcc10	rcc11	rcc12	rcc13	rcc14	rcc15	fmc4	fmc5	fmc6	fmc7	fmc8	fmc9	fmc10	fmc11	fmc12	fmc13	fmc14	fmc15	fcc4	fcc5	fcc6	fcc7	fcc8	fcc9	fcc10	fcc11	fcc12	fcc13	fcc14	fcc15	size
2vw5_ligand	1.170996	-6.664239	-20.977682	-16.149752	7.099942	23.466131	41.692025	52.950663	65.035513	77.667730	101.401077	100.089259	6.639873	8.724485	8.608103	15.003150	31.356578	43.261771	65.685237	84.800205	107.373837	128.579590	145.089124	156.819822	-5.194895	-0.754801	4.055771	10.827692	14.126258	16.790949	19.274568	20.405548	22.111637	23.831898	22.254992	23.910965	-6.710426	-3.725112	1.958483	7.352449	11.976233	13.203930	16.075725	16.933159	18.692201	22.246065	22.627071	24.440492	-104.528902	-338.093588	-681.639987	-1124.543966	-1763.787830	-2708.842615	-3945.040894	-5486.661544	-7338.936335	-9601.721926	-12138.468558	-15082.627215	8.983729	9.266059	9.448929	17.779421	38.779404	55.630262	79.599750	99.370441	122.345379	142.319720	156.657201	165.772641	-113.654399	-354.014752	-721.503103	-1236.495228	-1990.016985	-3091.179544	-4498.588702	-6201.500872	-8197.620552	-10571.974130	-13183.677908	-16193.666551	-2.970468	0.085365	5.608323	11.424651	16.141306	18.052694	20.908874	21.759655	23.569866	27.237212	28.061463	30.257905	78
