name	rmr4	rmr5	rmr6	rmr7	rmr8	rmr9	rmr10	rmr11	rmr12	rmr13	rmr14	rmr15	rcr4	rcr5	rcr6	rcr7	rcr8	rcr9	rcr10	rcr11	rcr12	rcr13	rcr14	rcr15	fmr4	fmr5	fmr6	fmr7	fmr8	fmr9	fmr10	fmr11	fmr12	fmr13	fmr14	fmr15	fcr4	fcr5	fcr6	fcr7	fcr8	fcr9	fcr10	fcr11	fcr12	fcr13	fcr14	fcr15	rmc4	rmc5	rmc6	rmc7	rmc8	rmc9	rmc10	rmc11	rmc12	rmc13	rmc14	rmc15	rcc4	rcc5	rcc6	rcc7	rcc8	rcc9	rcc10	rcc11	rcc12	rcc13	rcc14	rcc15	fmc4	fmc5	fmc6	fmc7	fmc8	fmc9	fmc10	fmc11	fmc12	fmc13	fmc14	fmc15	fcc4	fcc5	fcc6	fcc7	fcc8	fcc9	fcc10	fcc11	fcc12	fcc13	fcc14	fcc15	size
2w4x_ligand	-14.430944	-32.398714	-55.402239	-62.594342	-73.305931	-88.727226	-109.541576	-134.481854	-157.655272	-179.627141	-192.337490	-209.406610	-2.950644	0.870399	2.094528	14.741246	22.119074	22.979007	25.148723	28.756477	42.310191	53.537161	64.963482	67.619145	-13.984676	-20.521753	-20.905816	-12.566636	-15.984311	-17.966672	-21.752352	-22.733887	-21.979851	-24.527169	-25.228364	-25.066870	-9.451534	-8.718367	-3.827548	4.603859	5.634329	7.596238	7.189401	8.088265	8.665647	7.993213	11.085062	10.305600	-101.468940	-285.190775	-504.944907	-796.149508	-1228.674538	-1803.447333	-2491.235848	-3355.149932	-4412.582186	-5684.754817	-7098.955074	-8632.410909	-2.061048	1.573141	2.667451	13.512865	18.572695	19.004456	20.803309	23.663705	35.488626	44.605367	55.517812	58.010604	-105.340197	-297.045988	-530.731861	-868.607431	-1369.379848	-2020.979658	-2785.134250	-3728.809019	-4868.426933	-6202.504983	-7657.584160	-9218.810524	-8.973688	-8.362064	-3.342659	5.197746	6.161849	8.131163	7.617167	8.542960	9.222221	8.668299	11.612255	10.596309	33
