name	rmr4	rmr5	rmr6	rmr7	rmr8	rmr9	rmr10	rmr11	rmr12	rmr13	rmr14	rmr15	rcr4	rcr5	rcr6	rcr7	rcr8	rcr9	rcr10	rcr11	rcr12	rcr13	rcr14	rcr15	fmr4	fmr5	fmr6	fmr7	fmr8	fmr9	fmr10	fmr11	fmr12	fmr13	fmr14	fmr15	fcr4	fcr5	fcr6	fcr7	fcr8	fcr9	fcr10	fcr11	fcr12	fcr13	fcr14	fcr15	rmc4	rmc5	rmc6	rmc7	rmc8	rmc9	rmc10	rmc11	rmc12	rmc13	rmc14	rmc15	rcc4	rcc5	rcc6	rcc7	rcc8	rcc9	rcc10	rcc11	rcc12	rcc13	rcc14	rcc15	fmc4	fmc5	fmc6	fmc7	fmc8	fmc9	fmc10	fmc11	fmc12	fmc13	fmc14	fmc15	fcc4	fcc5	fcc6	fcc7	fcc8	fcc9	fcc10	fcc11	fcc12	fcc13	fcc14	fcc15	size
2w66_ligand	-0.257712	-11.588520	-37.456130	-48.877414	-54.778577	-63.076637	-76.709970	-91.051655	-114.016408	-131.579369	-140.874292	-151.670987	9.901010	8.413923	7.651465	14.854501	25.336828	31.143083	37.537866	49.445648	59.951576	72.964236	83.870780	89.309184	-6.136922	-3.364721	-8.403125	-8.975089	-14.778004	-19.620483	-20.200821	-17.949904	-20.051021	-23.099646	-25.903831	-21.097904	-5.713468	-4.351590	-2.911986	-0.073171	-0.562359	-1.493669	-1.321422	1.961253	-0.045741	-0.563251	-0.308898	2.148791	-121.189176	-294.042857	-547.975974	-881.289106	-1331.775068	-1918.586945	-2620.384872	-3494.524183	-4524.805043	-5736.870029	-7064.783377	-8559.971258	10.063481	8.451321	6.804740	11.331981	19.021746	23.546302	29.074656	39.883562	48.522292	59.254894	69.401370	74.362855	-132.265370	-305.275281	-578.110128	-959.066562	-1482.805874	-2153.541632	-2937.333068	-3898.400228	-5004.017781	-6272.491460	-7636.592783	-9157.960505	-6.262624	-4.564014	-2.943640	0.306046	0.271144	-0.595640	-0.465820	2.802776	0.971762	0.679669	0.678429	2.816282	35
