name	rmr4	rmr5	rmr6	rmr7	rmr8	rmr9	rmr10	rmr11	rmr12	rmr13	rmr14	rmr15	rcr4	rcr5	rcr6	rcr7	rcr8	rcr9	rcr10	rcr11	rcr12	rcr13	rcr14	rcr15	fmr4	fmr5	fmr6	fmr7	fmr8	fmr9	fmr10	fmr11	fmr12	fmr13	fmr14	fmr15	fcr4	fcr5	fcr6	fcr7	fcr8	fcr9	fcr10	fcr11	fcr12	fcr13	fcr14	fcr15	rmc4	rmc5	rmc6	rmc7	rmc8	rmc9	rmc10	rmc11	rmc12	rmc13	rmc14	rmc15	rcc4	rcc5	rcc6	rcc7	rcc8	rcc9	rcc10	rcc11	rcc12	rcc13	rcc14	rcc15	fmc4	fmc5	fmc6	fmc7	fmc8	fmc9	fmc10	fmc11	fmc12	fmc13	fmc14	fmc15	fcc4	fcc5	fcc6	fcc7	fcc8	fcc9	fcc10	fcc11	fcc12	fcc13	fcc14	fcc15	size
2wbg_ligand	-4.952581	-14.613870	-27.983467	-31.772419	-2.157362	11.888405	32.347497	44.821625	62.845502	76.184378	111.404747	116.366476	10.830616	3.456951	0.463974	2.911488	27.243097	37.732221	58.667686	76.569941	108.717292	134.066031	155.615894	166.811842	-16.884485	-12.209489	-5.616810	-11.371737	-6.054404	-7.917931	-3.596586	-2.120127	0.533650	-3.802938	-6.600271	-5.651680	-16.623902	-23.063910	-19.711860	-21.060320	-16.634631	-19.514986	-14.002186	-12.624506	-8.311500	-11.485559	-11.029997	-8.681200	-171.045038	-385.439284	-660.101304	-1000.293853	-1526.839606	-2273.272921	-3242.084692	-4463.429024	-6043.951093	-7850.085287	-9972.368893	-12345.948002	17.241761	13.253532	7.943467	6.981461	23.779458	28.406285	45.019464	56.771113	80.020225	97.803355	112.987341	117.830947	-191.199670	-402.137704	-684.675018	-1064.966126	-1693.591410	-2557.199214	-3656.979553	-5003.773946	-6719.680636	-8622.181352	-10815.409929	-13238.547077	-8.257698	-6.540130	-0.569713	-0.420610	3.863143	1.007227	6.602113	8.036575	12.220428	9.169866	9.593005	11.882940	50
