name	rmr4	rmr5	rmr6	rmr7	rmr8	rmr9	rmr10	rmr11	rmr12	rmr13	rmr14	rmr15	rcr4	rcr5	rcr6	rcr7	rcr8	rcr9	rcr10	rcr11	rcr12	rcr13	rcr14	rcr15	fmr4	fmr5	fmr6	fmr7	fmr8	fmr9	fmr10	fmr11	fmr12	fmr13	fmr14	fmr15	fcr4	fcr5	fcr6	fcr7	fcr8	fcr9	fcr10	fcr11	fcr12	fcr13	fcr14	fcr15	rmc4	rmc5	rmc6	rmc7	rmc8	rmc9	rmc10	rmc11	rmc12	rmc13	rmc14	rmc15	rcc4	rcc5	rcc6	rcc7	rcc8	rcc9	rcc10	rcc11	rcc12	rcc13	rcc14	rcc15	fmc4	fmc5	fmc6	fmc7	fmc8	fmc9	fmc10	fmc11	fmc12	fmc13	fmc14	fmc15	fcc4	fcc5	fcc6	fcc7	fcc8	fcc9	fcc10	fcc11	fcc12	fcc13	fcc14	fcc15	size
2wca_ligand	0.966718	-8.548222	-36.254764	-50.722422	-52.733044	-59.463431	-78.910843	-101.696331	-127.635149	-153.325568	-169.917089	-191.203909	2.389733	15.194612	13.089924	14.780799	23.408070	29.935163	35.087706	44.132072	59.266882	72.099584	83.042811	92.423022	0.266040	3.063676	-2.002357	-2.179609	-0.866754	-2.646997	-5.349750	-5.644440	-5.598829	-6.596022	-3.414601	-2.437464	-6.943049	2.879552	3.426758	5.613249	9.553767	12.334429	12.234882	13.056549	13.723333	14.772225	16.680915	17.106272	-94.617817	-297.978727	-561.613925	-909.428451	-1397.088027	-2056.592242	-2930.086879	-4017.941980	-5397.090066	-7099.351171	-8982.021927	-11146.284882	5.680647	16.639684	15.406884	18.325357	30.292872	39.777145	45.897458	55.416457	70.870338	82.751781	92.077505	99.536075	-99.137924	-308.883415	-596.455031	-993.217893	-1562.574428	-2321.341431	-3304.225261	-4502.511392	-5992.598153	-7782.300983	-9719.819531	-11935.212728	-2.387273	7.148557	8.080942	10.154859	13.855045	16.548996	16.386951	17.251959	17.901542	18.904533	21.083697	21.770035	50
