name	rmr4	rmr5	rmr6	rmr7	rmr8	rmr9	rmr10	rmr11	rmr12	rmr13	rmr14	rmr15	rcr4	rcr5	rcr6	rcr7	rcr8	rcr9	rcr10	rcr11	rcr12	rcr13	rcr14	rcr15	fmr4	fmr5	fmr6	fmr7	fmr8	fmr9	fmr10	fmr11	fmr12	fmr13	fmr14	fmr15	fcr4	fcr5	fcr6	fcr7	fcr8	fcr9	fcr10	fcr11	fcr12	fcr13	fcr14	fcr15	rmc4	rmc5	rmc6	rmc7	rmc8	rmc9	rmc10	rmc11	rmc12	rmc13	rmc14	rmc15	rcc4	rcc5	rcc6	rcc7	rcc8	rcc9	rcc10	rcc11	rcc12	rcc13	rcc14	rcc15	fmc4	fmc5	fmc6	fmc7	fmc8	fmc9	fmc10	fmc11	fmc12	fmc13	fmc14	fmc15	fcc4	fcc5	fcc6	fcc7	fcc8	fcc9	fcc10	fcc11	fcc12	fcc13	fcc14	fcc15	size
2weg_ligand	-3.952924	-16.529956	-11.697295	2.682783	26.591054	47.678169	92.997077	127.379378	130.491106	133.061350	142.627135	147.828452	1.195639	-10.641848	-7.902077	4.728984	23.449973	39.685306	76.259908	107.955461	117.840907	121.442707	130.137864	138.187599	-4.311692	-15.579904	-11.438744	-4.439854	1.502011	3.030443	18.331063	31.541280	31.269571	26.991291	23.855074	21.571543	-2.231185	-14.233523	-11.651036	-3.802367	2.577707	3.270316	17.050862	30.261618	29.566767	25.829159	24.500159	20.557766	-66.352660	-203.587451	-352.118358	-535.297441	-794.707201	-1187.315579	-1705.011476	-2351.905032	-3100.857615	-3985.300532	-5002.592933	-6103.094726	2.376038	-10.764457	-8.590715	3.885093	24.397336	42.188956	78.864469	109.529786	118.404789	120.428944	126.568407	131.881680	-67.401246	-206.559321	-366.527563	-579.927152	-896.085983	-1366.582075	-1974.708505	-2701.914601	-3506.391863	-4428.398117	-5474.534921	-6600.411374	0.655238	-10.336378	-7.523718	-0.066231	6.139280	7.065238	20.848214	34.078023	33.551366	30.073186	29.228135	25.984117	17
