name	rmr4	rmr5	rmr6	rmr7	rmr8	rmr9	rmr10	rmr11	rmr12	rmr13	rmr14	rmr15	rcr4	rcr5	rcr6	rcr7	rcr8	rcr9	rcr10	rcr11	rcr12	rcr13	rcr14	rcr15	fmr4	fmr5	fmr6	fmr7	fmr8	fmr9	fmr10	fmr11	fmr12	fmr13	fmr14	fmr15	fcr4	fcr5	fcr6	fcr7	fcr8	fcr9	fcr10	fcr11	fcr12	fcr13	fcr14	fcr15	rmc4	rmc5	rmc6	rmc7	rmc8	rmc9	rmc10	rmc11	rmc12	rmc13	rmc14	rmc15	rcc4	rcc5	rcc6	rcc7	rcc8	rcc9	rcc10	rcc11	rcc12	rcc13	rcc14	rcc15	fmc4	fmc5	fmc6	fmc7	fmc8	fmc9	fmc10	fmc11	fmc12	fmc13	fmc14	fmc15	fcc4	fcc5	fcc6	fcc7	fcc8	fcc9	fcc10	fcc11	fcc12	fcc13	fcc14	fcc15	size
2weg_ligand	-4.843662	-14.362704	-12.967460	-6.715544	5.553248	18.294738	24.676318	28.225455	27.761661	23.966295	20.717099	19.291236	-5.043074	-13.634995	-12.202786	-6.526906	2.623307	11.796815	19.976054	27.362516	29.594243	26.539616	21.322495	16.584532	-4.956157	-13.390040	-13.311716	-13.369638	-11.135647	-9.729833	-10.265276	-10.263488	-9.949198	-10.301148	-8.403015	-4.956774	-6.787680	-15.040123	-13.577571	-12.460773	-10.015529	-9.234266	-9.913917	-11.730635	-15.852183	-21.986906	-27.985621	-32.340888	-79.978136	-226.876526	-390.576311	-599.162686	-888.684773	-1307.683093	-1819.362870	-2353.721852	-2811.000330	-3169.352050	-3391.745935	-3535.102260	-4.942944	-13.508749	-11.338997	-4.174955	8.092914	21.155093	31.890513	40.896498	43.514866	40.167006	34.274867	28.752911	-79.953393	-231.104501	-408.664199	-651.268742	-995.789737	-1490.057784	-2071.177805	-2657.240880	-3132.808885	-3480.878709	-3674.486827	-3790.228631	-6.400856	-14.579825	-13.377924	-12.740086	-10.616056	-9.700359	-10.574530	-12.777536	-17.482825	-23.591848	-29.163362	-33.150081	17
