name	rmr4	rmr5	rmr6	rmr7	rmr8	rmr9	rmr10	rmr11	rmr12	rmr13	rmr14	rmr15	rcr4	rcr5	rcr6	rcr7	rcr8	rcr9	rcr10	rcr11	rcr12	rcr13	rcr14	rcr15	fmr4	fmr5	fmr6	fmr7	fmr8	fmr9	fmr10	fmr11	fmr12	fmr13	fmr14	fmr15	fcr4	fcr5	fcr6	fcr7	fcr8	fcr9	fcr10	fcr11	fcr12	fcr13	fcr14	fcr15	rmc4	rmc5	rmc6	rmc7	rmc8	rmc9	rmc10	rmc11	rmc12	rmc13	rmc14	rmc15	rcc4	rcc5	rcc6	rcc7	rcc8	rcc9	rcc10	rcc11	rcc12	rcc13	rcc14	rcc15	fmc4	fmc5	fmc6	fmc7	fmc8	fmc9	fmc10	fmc11	fmc12	fmc13	fmc14	fmc15	fcc4	fcc5	fcc6	fcc7	fcc8	fcc9	fcc10	fcc11	fcc12	fcc13	fcc14	fcc15	size
2wer_ligand	-3.990797	-8.049151	-21.172775	-20.958863	2.042814	10.170452	14.308438	10.637449	6.119935	-0.959225	6.737422	-2.729380	-1.160828	8.371005	12.407249	18.285322	37.079014	49.614917	66.992343	79.540045	94.310907	103.117549	112.369453	120.727735	-4.970640	-0.289954	3.346383	7.431144	19.102771	25.075783	28.070751	26.541871	28.887822	26.515807	23.426383	22.435948	-7.953228	-0.515080	4.856431	9.605389	18.571159	23.998739	27.526784	25.922619	27.809907	25.175963	23.715488	22.378236	-92.013846	-288.414075	-569.244796	-937.702215	-1493.417322	-2251.915556	-3244.904977	-4398.901645	-5816.951586	-7464.554421	-9439.319955	-11663.145652	1.301544	9.196776	15.283007	24.514758	52.072932	71.826545	93.785626	110.096809	128.801570	139.751522	150.484609	160.111912	-95.011719	-299.706960	-608.026180	-1035.064524	-1700.029133	-2581.005644	-3708.641356	-4979.846877	-6506.156108	-8228.189152	-10263.530336	-12540.783659	-4.181302	2.939544	8.486636	13.297972	23.446801	28.979859	32.530895	30.770458	32.558518	30.174305	29.005032	28.033986	42
