name	rmr4	rmr5	rmr6	rmr7	rmr8	rmr9	rmr10	rmr11	rmr12	rmr13	rmr14	rmr15	rcr4	rcr5	rcr6	rcr7	rcr8	rcr9	rcr10	rcr11	rcr12	rcr13	rcr14	rcr15	fmr4	fmr5	fmr6	fmr7	fmr8	fmr9	fmr10	fmr11	fmr12	fmr13	fmr14	fmr15	fcr4	fcr5	fcr6	fcr7	fcr8	fcr9	fcr10	fcr11	fcr12	fcr13	fcr14	fcr15	rmc4	rmc5	rmc6	rmc7	rmc8	rmc9	rmc10	rmc11	rmc12	rmc13	rmc14	rmc15	rcc4	rcc5	rcc6	rcc7	rcc8	rcc9	rcc10	rcc11	rcc12	rcc13	rcc14	rcc15	fmc4	fmc5	fmc6	fmc7	fmc8	fmc9	fmc10	fmc11	fmc12	fmc13	fmc14	fmc15	fcc4	fcc5	fcc6	fcc7	fcc8	fcc9	fcc10	fcc11	fcc12	fcc13	fcc14	fcc15	size
2wn9_ligand	-12.976510	-26.753990	-33.718482	-32.992044	-10.594826	18.429078	36.920507	54.688045	69.410994	80.228916	101.189326	105.890402	-9.220056	-18.055746	-20.353079	-19.635125	-9.726669	2.596112	15.459521	30.249980	39.965935	46.962234	56.513999	62.038310	-13.715646	-19.125358	-16.841647	-18.982911	-15.650507	-7.609922	-5.667694	-2.682399	-1.325104	-2.500936	-3.361865	-6.209347	-16.105795	-24.090804	-22.722011	-21.833731	-17.960956	-11.928815	-9.054442	-5.698936	-3.795782	-4.418372	-3.854002	-6.511238	-103.927719	-295.788399	-532.151050	-825.986806	-1250.018744	-1892.356935	-2713.129958	-3749.709788	-4999.397671	-6524.989625	-8261.481261	-10133.407518	-6.739925	-17.896703	-21.411655	-21.209306	-8.804907	4.993897	17.184708	30.145164	37.853965	41.565088	46.613425	47.565183	-106.902398	-300.702265	-551.722504	-883.575458	-1383.800635	-2131.751036	-3059.284050	-4202.968537	-5541.587167	-7135.493259	-8919.742880	-10826.474264	-11.231735	-17.992968	-16.337183	-15.864234	-11.844503	-5.286802	-2.402250	0.956075	2.921880	2.391871	3.291703	1.351591	40
