name	rmr4	rmr5	rmr6	rmr7	rmr8	rmr9	rmr10	rmr11	rmr12	rmr13	rmr14	rmr15	rcr4	rcr5	rcr6	rcr7	rcr8	rcr9	rcr10	rcr11	rcr12	rcr13	rcr14	rcr15	fmr4	fmr5	fmr6	fmr7	fmr8	fmr9	fmr10	fmr11	fmr12	fmr13	fmr14	fmr15	fcr4	fcr5	fcr6	fcr7	fcr8	fcr9	fcr10	fcr11	fcr12	fcr13	fcr14	fcr15	rmc4	rmc5	rmc6	rmc7	rmc8	rmc9	rmc10	rmc11	rmc12	rmc13	rmc14	rmc15	rcc4	rcc5	rcc6	rcc7	rcc8	rcc9	rcc10	rcc11	rcc12	rcc13	rcc14	rcc15	fmc4	fmc5	fmc6	fmc7	fmc8	fmc9	fmc10	fmc11	fmc12	fmc13	fmc14	fmc15	fcc4	fcc5	fcc6	fcc7	fcc8	fcc9	fcc10	fcc11	fcc12	fcc13	fcc14	fcc15	size
2wnc_ligand	-2.470631	-11.238839	-11.988363	-1.217944	21.117545	46.854155	66.955067	79.090944	91.561925	102.832927	115.203442	120.100163	6.727065	3.416583	6.357685	13.223015	25.772684	39.950824	57.013400	66.784962	76.797504	86.704417	94.615342	101.707698	-3.131195	-4.533999	3.783092	10.138298	8.545477	9.580765	12.969541	13.689867	14.126933	13.008284	11.541475	14.407673	1.498541	0.479892	9.866942	16.626513	17.682959	19.071382	22.542324	22.496494	23.528205	23.872838	24.615297	27.271403	-102.968296	-293.039114	-530.348201	-856.732821	-1308.618846	-1923.773194	-2725.105691	-3729.167167	-4938.849589	-6323.771112	-7770.206927	-9401.035372	5.829690	1.377706	4.616886	12.404738	28.377748	45.395412	63.155463	73.641994	84.283164	93.459370	100.274292	106.109951	-105.870074	-298.199093	-548.841524	-924.672230	-1458.637551	-2177.680691	-3087.722793	-4194.281542	-5493.603667	-6938.869722	-8413.968201	-10069.955539	1.934606	1.327284	10.618195	17.428232	18.191641	19.659160	23.116176	23.079555	24.147695	24.882095	26.384663	29.727532	42
