name	rmr4	rmr5	rmr6	rmr7	rmr8	rmr9	rmr10	rmr11	rmr12	rmr13	rmr14	rmr15	rcr4	rcr5	rcr6	rcr7	rcr8	rcr9	rcr10	rcr11	rcr12	rcr13	rcr14	rcr15	fmr4	fmr5	fmr6	fmr7	fmr8	fmr9	fmr10	fmr11	fmr12	fmr13	fmr14	fmr15	fcr4	fcr5	fcr6	fcr7	fcr8	fcr9	fcr10	fcr11	fcr12	fcr13	fcr14	fcr15	rmc4	rmc5	rmc6	rmc7	rmc8	rmc9	rmc10	rmc11	rmc12	rmc13	rmc14	rmc15	rcc4	rcc5	rcc6	rcc7	rcc8	rcc9	rcc10	rcc11	rcc12	rcc13	rcc14	rcc15	fmc4	fmc5	fmc6	fmc7	fmc8	fmc9	fmc10	fmc11	fmc12	fmc13	fmc14	fmc15	fcc4	fcc5	fcc6	fcc7	fcc8	fcc9	fcc10	fcc11	fcc12	fcc13	fcc14	fcc15	size
2wtv_ligand	-9.176830	-28.538864	-59.038699	-66.106474	-30.642069	-22.871585	-31.145568	-46.432239	-75.474028	-108.604590	-141.050613	-172.533485	-0.786469	-9.700165	-21.516272	-15.344027	4.552087	24.982808	45.985673	64.610409	70.106005	73.059804	73.251558	81.979202	-6.171078	-10.879339	-17.541032	-20.072747	-7.367702	-7.093732	-10.714807	-21.008759	-30.365731	-39.103238	-51.868529	-64.193308	-1.607778	-3.186752	-1.695774	4.883819	14.647772	24.122646	30.806779	33.995798	37.918017	42.888354	42.642344	43.111181	-126.521125	-381.365442	-791.080467	-1313.711559	-2007.138058	-3006.439643	-4291.603705	-5919.791965	-7809.723766	-9882.766887	-12097.695904	-14592.033778	-1.009830	-8.867606	-15.284430	-1.027683	29.387995	63.052603	94.741117	124.136130	139.330439	149.449219	155.106009	169.585997	-125.514195	-383.892125	-825.620430	-1433.807064	-2252.761872	-3421.463007	-4879.471470	-6685.167205	-8705.836952	-10851.316032	-13102.353127	-15641.778626	-1.368619	-2.500181	0.283992	7.599364	16.854727	26.933664	33.548016	36.652224	40.169041	45.073516	45.164205	45.931416	48
