name	rmr4	rmr5	rmr6	rmr7	rmr8	rmr9	rmr10	rmr11	rmr12	rmr13	rmr14	rmr15	rcr4	rcr5	rcr6	rcr7	rcr8	rcr9	rcr10	rcr11	rcr12	rcr13	rcr14	rcr15	fmr4	fmr5	fmr6	fmr7	fmr8	fmr9	fmr10	fmr11	fmr12	fmr13	fmr14	fmr15	fcr4	fcr5	fcr6	fcr7	fcr8	fcr9	fcr10	fcr11	fcr12	fcr13	fcr14	fcr15	rmc4	rmc5	rmc6	rmc7	rmc8	rmc9	rmc10	rmc11	rmc12	rmc13	rmc14	rmc15	rcc4	rcc5	rcc6	rcc7	rcc8	rcc9	rcc10	rcc11	rcc12	rcc13	rcc14	rcc15	fmc4	fmc5	fmc6	fmc7	fmc8	fmc9	fmc10	fmc11	fmc12	fmc13	fmc14	fmc15	fcc4	fcc5	fcc6	fcc7	fcc8	fcc9	fcc10	fcc11	fcc12	fcc13	fcc14	fcc15	size
2wvt_ligand	-7.690407	-12.112084	-26.911994	-28.885637	-15.945237	-16.476408	-12.038241	-5.724972	0.078875	5.938783	23.463854	24.271999	4.455309	3.017590	-1.246971	2.689067	12.196923	13.552283	22.794709	33.731341	49.143413	62.769071	71.514192	74.135258	-10.725411	-6.219277	-6.277395	-7.055672	-8.230722	-11.764634	-8.423378	-3.130685	-0.498664	-1.385132	-6.063708	-6.158806	-10.930739	-15.170916	-19.610244	-16.617499	-15.364233	-16.592543	-11.144526	-4.952053	-2.851002	-4.305816	-3.980001	-0.831682	-108.118226	-258.312217	-462.364133	-696.614790	-1026.101543	-1474.536036	-2053.627718	-2762.076908	-3559.940475	-4488.808592	-5572.460203	-6759.227551	3.738256	3.113746	-4.581679	-3.528632	4.909952	5.649777	14.973418	26.721432	41.721352	54.055857	63.485407	67.067666	-119.697923	-271.274969	-482.012847	-740.453256	-1128.085022	-1641.214502	-2295.821187	-3076.682505	-3938.071979	-4913.968700	-6030.921149	-7237.529380	-13.003425	-11.829263	-11.826627	-7.382837	-6.709228	-8.250229	-3.039423	2.683556	4.343158	2.842432	2.455044	4.834048	29
