name	rmr4	rmr5	rmr6	rmr7	rmr8	rmr9	rmr10	rmr11	rmr12	rmr13	rmr14	rmr15	rcr4	rcr5	rcr6	rcr7	rcr8	rcr9	rcr10	rcr11	rcr12	rcr13	rcr14	rcr15	fmr4	fmr5	fmr6	fmr7	fmr8	fmr9	fmr10	fmr11	fmr12	fmr13	fmr14	fmr15	fcr4	fcr5	fcr6	fcr7	fcr8	fcr9	fcr10	fcr11	fcr12	fcr13	fcr14	fcr15	rmc4	rmc5	rmc6	rmc7	rmc8	rmc9	rmc10	rmc11	rmc12	rmc13	rmc14	rmc15	rcc4	rcc5	rcc6	rcc7	rcc8	rcc9	rcc10	rcc11	rcc12	rcc13	rcc14	rcc15	fmc4	fmc5	fmc6	fmc7	fmc8	fmc9	fmc10	fmc11	fmc12	fmc13	fmc14	fmc15	fcc4	fcc5	fcc6	fcc7	fcc8	fcc9	fcc10	fcc11	fcc12	fcc13	fcc14	fcc15	size
2x00_ligand	-2.258210	-28.987323	-45.864910	-44.405761	-2.137381	44.105263	81.335082	118.730871	161.420054	201.396760	241.122913	250.939863	6.685494	-1.907619	-5.054664	-0.785833	31.656104	61.187060	92.293941	123.269038	159.115588	192.723937	212.264058	221.470763	-4.296156	-19.707210	-18.361818	-24.089735	-20.817212	-16.744405	-10.590153	-1.965076	2.564568	4.131022	0.664328	5.780886	0.347150	-8.924332	-5.609668	-9.995817	-5.944707	-3.240928	2.184327	8.561073	12.741709	15.290189	15.156756	20.186569	-93.383284	-395.069054	-779.628851	-1289.051297	-2000.050135	-2998.830243	-4385.766732	-6169.816652	-8302.316880	-10740.817626	-13478.202804	-16390.985475	7.373883	-2.024477	-5.367084	-3.806235	26.185699	56.051936	87.249898	118.635856	153.020731	183.691412	203.529058	213.372695	-98.792439	-413.528051	-826.320565	-1415.508006	-2264.855088	-3436.613253	-5019.323710	-7001.492662	-9308.688659	-11869.962227	-14686.694845	-17645.598183	0.823280	-9.216573	-6.123731	-10.344200	-6.403326	-3.618182	1.922411	8.390733	12.590580	15.453449	15.092507	19.562520	84
