name	rmr4	rmr5	rmr6	rmr7	rmr8	rmr9	rmr10	rmr11	rmr12	rmr13	rmr14	rmr15	rcr4	rcr5	rcr6	rcr7	rcr8	rcr9	rcr10	rcr11	rcr12	rcr13	rcr14	rcr15	fmr4	fmr5	fmr6	fmr7	fmr8	fmr9	fmr10	fmr11	fmr12	fmr13	fmr14	fmr15	fcr4	fcr5	fcr6	fcr7	fcr8	fcr9	fcr10	fcr11	fcr12	fcr13	fcr14	fcr15	rmc4	rmc5	rmc6	rmc7	rmc8	rmc9	rmc10	rmc11	rmc12	rmc13	rmc14	rmc15	rcc4	rcc5	rcc6	rcc7	rcc8	rcc9	rcc10	rcc11	rcc12	rcc13	rcc14	rcc15	fmc4	fmc5	fmc6	fmc7	fmc8	fmc9	fmc10	fmc11	fmc12	fmc13	fmc14	fmc15	fcc4	fcc5	fcc6	fcc7	fcc8	fcc9	fcc10	fcc11	fcc12	fcc13	fcc14	fcc15	size
2xb8_ligand	-2.787209	-8.097237	-28.666635	-26.797940	-12.993009	-5.875784	0.111902	-2.901094	-0.724137	-0.035337	4.945902	0.671894	2.630473	6.829404	6.557894	17.838862	32.199001	46.822256	65.335656	76.375673	89.779850	102.246483	111.408811	120.890704	-4.670959	-2.499092	-3.733335	0.584411	2.648894	6.917879	15.656017	15.636456	16.065594	17.202505	7.880619	9.624538	-8.221430	-9.901521	-10.972874	-4.888283	-1.292231	4.383832	11.269864	10.209931	10.696415	12.854797	8.683114	7.715034	-152.856535	-404.416656	-765.664392	-1205.880814	-1821.304295	-2602.559550	-3574.896637	-4740.295426	-6100.796684	-7678.352983	-9335.934368	-11172.839470	5.198596	9.050137	11.226431	26.031810	48.628717	69.950113	92.686631	107.453009	124.512233	139.305375	149.815982	160.586778	-157.774395	-421.117038	-817.510876	-1326.347755	-2055.294958	-2958.287714	-4057.014342	-5339.164374	-6799.880180	-8444.106843	-10138.664567	-12007.930250	-4.171556	-5.289837	-6.636435	-1.677919	1.176139	5.753102	12.336102	11.099836	11.478968	14.052807	10.805419	10.698565	39
