name	rmr4	rmr5	rmr6	rmr7	rmr8	rmr9	rmr10	rmr11	rmr12	rmr13	rmr14	rmr15	rcr4	rcr5	rcr6	rcr7	rcr8	rcr9	rcr10	rcr11	rcr12	rcr13	rcr14	rcr15	fmr4	fmr5	fmr6	fmr7	fmr8	fmr9	fmr10	fmr11	fmr12	fmr13	fmr14	fmr15	fcr4	fcr5	fcr6	fcr7	fcr8	fcr9	fcr10	fcr11	fcr12	fcr13	fcr14	fcr15	rmc4	rmc5	rmc6	rmc7	rmc8	rmc9	rmc10	rmc11	rmc12	rmc13	rmc14	rmc15	rcc4	rcc5	rcc6	rcc7	rcc8	rcc9	rcc10	rcc11	rcc12	rcc13	rcc14	rcc15	fmc4	fmc5	fmc6	fmc7	fmc8	fmc9	fmc10	fmc11	fmc12	fmc13	fmc14	fmc15	fcc4	fcc5	fcc6	fcc7	fcc8	fcc9	fcc10	fcc11	fcc12	fcc13	fcc14	fcc15	size
2xdl_ligand	-3.208432	-6.595047	-17.542774	-13.232102	9.655551	23.459205	31.348589	35.521753	37.802219	39.449754	46.156438	44.869321	6.479794	10.912256	8.994186	15.127144	32.695302	44.590088	55.443074	64.575514	72.020668	77.590568	82.251271	86.901389	-4.188874	-0.430245	-0.135654	4.891095	13.093551	16.326454	17.377725	17.163407	17.072819	16.197795	11.014612	10.965668	0.917683	4.718215	5.664157	10.492891	18.824952	22.492523	23.991413	24.170312	23.353525	23.100323	22.193239	21.377399	-81.554230	-239.282948	-464.014990	-758.787972	-1177.681538	-1755.672794	-2494.843133	-3356.242417	-4387.606108	-5612.822992	-6946.364578	-8452.969620	4.924575	8.278025	6.631850	14.012610	34.561626	49.171080	60.942987	70.391299	78.029843	82.975286	86.614880	90.061982	-85.648962	-249.147716	-490.378307	-834.094816	-1328.798498	-2000.196921	-2832.988599	-3776.350642	-4880.229085	-6155.940447	-7518.243226	-9052.171607	0.359680	4.339987	5.175947	10.243732	18.530114	22.249147	23.824251	24.106937	23.402473	23.426011	23.078915	22.793559	33
