name	rmr4	rmr5	rmr6	rmr7	rmr8	rmr9	rmr10	rmr11	rmr12	rmr13	rmr14	rmr15	rcr4	rcr5	rcr6	rcr7	rcr8	rcr9	rcr10	rcr11	rcr12	rcr13	rcr14	rcr15	fmr4	fmr5	fmr6	fmr7	fmr8	fmr9	fmr10	fmr11	fmr12	fmr13	fmr14	fmr15	fcr4	fcr5	fcr6	fcr7	fcr8	fcr9	fcr10	fcr11	fcr12	fcr13	fcr14	fcr15	rmc4	rmc5	rmc6	rmc7	rmc8	rmc9	rmc10	rmc11	rmc12	rmc13	rmc14	rmc15	rcc4	rcc5	rcc6	rcc7	rcc8	rcc9	rcc10	rcc11	rcc12	rcc13	rcc14	rcc15	fmc4	fmc5	fmc6	fmc7	fmc8	fmc9	fmc10	fmc11	fmc12	fmc13	fmc14	fmc15	fcc4	fcc5	fcc6	fcc7	fcc8	fcc9	fcc10	fcc11	fcc12	fcc13	fcc14	fcc15	size
2xii_ligand	0.477798	-1.318288	-8.484723	-6.578067	12.605157	27.546584	41.044677	53.581571	59.025132	63.603392	76.397789	81.529658	5.379107	6.484304	4.970317	8.209187	18.264338	28.368442	44.527502	62.692685	75.013081	86.018162	95.718618	108.481778	-6.302707	5.405867	12.948629	13.393747	12.510357	13.855889	16.312233	21.071094	23.597259	22.068781	18.185460	24.638958	-12.479606	-4.676293	2.430934	7.524070	7.610009	9.668183	12.421031	17.612449	19.268446	19.207802	18.165180	23.943607	-166.815507	-403.766270	-725.200696	-1122.479964	-1705.520405	-2494.961676	-3514.731159	-4780.591381	-6253.495241	-8034.460248	-10163.297406	-12531.658873	8.844722	9.926191	8.401812	12.133889	25.364317	38.162020	54.801087	73.083442	85.317798	94.953462	102.434739	112.805650	-177.952061	-411.940921	-750.650427	-1197.871814	-1885.483616	-2797.474036	-3952.941228	-5350.055216	-6927.669777	-8788.457339	-10980.936666	-13399.963963	-6.991168	2.692662	9.649045	14.311760	14.173495	16.271576	19.013879	24.249610	26.003950	26.232230	25.457492	31.636411	51
