name	rmr4	rmr5	rmr6	rmr7	rmr8	rmr9	rmr10	rmr11	rmr12	rmr13	rmr14	rmr15	rcr4	rcr5	rcr6	rcr7	rcr8	rcr9	rcr10	rcr11	rcr12	rcr13	rcr14	rcr15	fmr4	fmr5	fmr6	fmr7	fmr8	fmr9	fmr10	fmr11	fmr12	fmr13	fmr14	fmr15	fcr4	fcr5	fcr6	fcr7	fcr8	fcr9	fcr10	fcr11	fcr12	fcr13	fcr14	fcr15	rmc4	rmc5	rmc6	rmc7	rmc8	rmc9	rmc10	rmc11	rmc12	rmc13	rmc14	rmc15	rcc4	rcc5	rcc6	rcc7	rcc8	rcc9	rcc10	rcc11	rcc12	rcc13	rcc14	rcc15	fmc4	fmc5	fmc6	fmc7	fmc8	fmc9	fmc10	fmc11	fmc12	fmc13	fmc14	fmc15	fcc4	fcc5	fcc6	fcc7	fcc8	fcc9	fcc10	fcc11	fcc12	fcc13	fcc14	fcc15	size
2xj7_ligand	-10.147408	-20.070700	-45.745160	-59.609010	-61.714480	-70.907822	-81.312792	-99.536455	-120.303849	-140.537870	-149.308082	-161.265664	4.378889	14.447131	15.202166	18.777609	31.749742	36.182973	47.728033	53.817920	65.854441	76.107796	87.886775	92.267045	-14.260110	-13.516812	-17.390095	-19.189294	-22.928648	-29.100480	-28.708610	-30.169618	-30.487065	-35.895351	-36.639323	-32.761506	-8.162359	0.283089	4.424382	5.207870	4.128881	2.300476	4.208094	3.771494	2.777466	0.509644	1.992197	4.608018	-111.737049	-302.452808	-558.938817	-889.126618	-1339.601950	-1915.180465	-2638.143466	-3477.140082	-4503.638770	-5701.844691	-7044.225267	-8509.368954	5.134416	15.052546	14.803684	16.127340	26.177009	29.414191	39.964797	45.088593	55.223888	63.279523	74.267416	78.182790	-122.435425	-318.135243	-593.385127	-967.101830	-1495.733651	-2151.159422	-2964.375183	-3879.528221	-4982.589505	-6234.961872	-7615.180096	-9103.819920	-8.049868	0.636626	4.848762	6.409368	5.685633	3.926792	5.818739	5.338838	4.494486	2.493913	3.745737	6.009562	35
