name	rmr4	rmr5	rmr6	rmr7	rmr8	rmr9	rmr10	rmr11	rmr12	rmr13	rmr14	rmr15	rcr4	rcr5	rcr6	rcr7	rcr8	rcr9	rcr10	rcr11	rcr12	rcr13	rcr14	rcr15	fmr4	fmr5	fmr6	fmr7	fmr8	fmr9	fmr10	fmr11	fmr12	fmr13	fmr14	fmr15	fcr4	fcr5	fcr6	fcr7	fcr8	fcr9	fcr10	fcr11	fcr12	fcr13	fcr14	fcr15	rmc4	rmc5	rmc6	rmc7	rmc8	rmc9	rmc10	rmc11	rmc12	rmc13	rmc14	rmc15	rcc4	rcc5	rcc6	rcc7	rcc8	rcc9	rcc10	rcc11	rcc12	rcc13	rcc14	rcc15	fmc4	fmc5	fmc6	fmc7	fmc8	fmc9	fmc10	fmc11	fmc12	fmc13	fmc14	fmc15	fcc4	fcc5	fcc6	fcc7	fcc8	fcc9	fcc10	fcc11	fcc12	fcc13	fcc14	fcc15	size
2xnb_ligand	-9.181498	-22.185193	-33.003617	-26.861829	24.883606	59.575592	82.334359	100.561884	114.169269	128.301472	150.875224	156.126668	0.983805	-6.359552	-7.657897	-9.806835	4.470678	10.357161	21.677921	28.956620	33.004515	37.061484	38.061988	39.243187	-7.026898	-9.072466	-9.331964	-7.499422	7.234878	5.860242	2.820389	-2.546618	-2.117224	-6.897918	-14.824084	-14.343435	-2.783868	-5.964494	-2.277198	3.521663	16.744750	17.626266	19.282511	16.986526	21.030372	22.117543	25.333519	25.649800	-96.888767	-352.095319	-709.305093	-1161.385141	-1812.883199	-2710.753560	-3770.657000	-5049.748081	-6518.592234	-8171.728973	-9937.652684	-11899.442833	0.826036	-10.355690	-13.710149	-15.336023	6.568591	16.605311	27.351041	33.408687	35.965495	37.053535	34.931189	32.966732	-97.944785	-356.811795	-739.120354	-1246.044233	-2008.969348	-3042.053347	-4222.405377	-5617.538884	-7169.338726	-8872.623569	-10654.619402	-12634.362416	-1.277657	-5.165763	-1.739819	3.424000	17.747131	18.978524	21.077594	19.225180	23.953871	26.471919	31.522246	33.392169	50
