name	rmr4	rmr5	rmr6	rmr7	rmr8	rmr9	rmr10	rmr11	rmr12	rmr13	rmr14	rmr15	rcr4	rcr5	rcr6	rcr7	rcr8	rcr9	rcr10	rcr11	rcr12	rcr13	rcr14	rcr15	fmr4	fmr5	fmr6	fmr7	fmr8	fmr9	fmr10	fmr11	fmr12	fmr13	fmr14	fmr15	fcr4	fcr5	fcr6	fcr7	fcr8	fcr9	fcr10	fcr11	fcr12	fcr13	fcr14	fcr15	rmc4	rmc5	rmc6	rmc7	rmc8	rmc9	rmc10	rmc11	rmc12	rmc13	rmc14	rmc15	rcc4	rcc5	rcc6	rcc7	rcc8	rcc9	rcc10	rcc11	rcc12	rcc13	rcc14	rcc15	fmc4	fmc5	fmc6	fmc7	fmc8	fmc9	fmc10	fmc11	fmc12	fmc13	fmc14	fmc15	fcc4	fcc5	fcc6	fcc7	fcc8	fcc9	fcc10	fcc11	fcc12	fcc13	fcc14	fcc15	size
2xys_ligand	-1.036550	-2.015797	-6.772405	4.560010	47.535720	84.484149	107.721509	118.565376	135.944056	150.732084	170.213590	173.510068	7.178754	11.801852	11.814511	18.501650	42.593312	66.974027	86.162347	98.112129	116.704709	132.829149	146.404871	152.170973	-0.929169	1.928011	4.271884	8.742396	17.531299	21.878837	22.047886	17.583149	17.635819	17.127643	14.679738	16.345304	2.036558	4.862833	7.871479	12.109267	16.955026	20.291603	20.857287	17.411007	17.293614	16.937111	18.335198	19.952126	-95.689208	-306.580508	-582.319705	-968.984745	-1546.070528	-2332.729005	-3370.330116	-4620.886034	-6142.217345	-7860.912980	-9668.931298	-11543.984597	6.500907	6.593727	4.226440	8.701180	33.461450	57.241711	74.245344	82.971600	97.882341	109.911158	119.073766	120.720788	-97.923866	-314.495424	-608.095929	-1054.071099	-1746.185833	-2665.553871	-3841.105877	-5214.088868	-6848.750643	-8641.523760	-10484.293794	-12373.450172	3.593348	6.250927	9.753104	14.095695	19.620915	23.252543	23.898671	20.569123	20.565481	20.599575	23.032613	26.112390	50
