name	rmr4	rmr5	rmr6	rmr7	rmr8	rmr9	rmr10	rmr11	rmr12	rmr13	rmr14	rmr15	rcr4	rcr5	rcr6	rcr7	rcr8	rcr9	rcr10	rcr11	rcr12	rcr13	rcr14	rcr15	fmr4	fmr5	fmr6	fmr7	fmr8	fmr9	fmr10	fmr11	fmr12	fmr13	fmr14	fmr15	fcr4	fcr5	fcr6	fcr7	fcr8	fcr9	fcr10	fcr11	fcr12	fcr13	fcr14	fcr15	rmc4	rmc5	rmc6	rmc7	rmc8	rmc9	rmc10	rmc11	rmc12	rmc13	rmc14	rmc15	rcc4	rcc5	rcc6	rcc7	rcc8	rcc9	rcc10	rcc11	rcc12	rcc13	rcc14	rcc15	fmc4	fmc5	fmc6	fmc7	fmc8	fmc9	fmc10	fmc11	fmc12	fmc13	fmc14	fmc15	fcc4	fcc5	fcc6	fcc7	fcc8	fcc9	fcc10	fcc11	fcc12	fcc13	fcc14	fcc15	size
2y5h_ligand	-0.529732	-12.293499	-36.191795	-33.685982	4.617842	42.131307	55.544879	78.637134	123.537326	141.517847	184.008808	177.912193	7.412733	13.246862	1.247070	10.405058	12.928436	28.500785	43.481739	61.688010	82.001665	101.674254	120.351428	131.532263	-3.885520	-9.484513	-22.633303	-32.033306	-39.427435	-35.137512	-39.829766	-43.030412	-38.311493	-41.126670	-36.162983	-37.565271	-1.136871	3.788609	-1.617273	2.960092	-5.492048	-2.814013	-3.652947	-4.021315	-1.651796	-0.490707	8.098226	4.719899	-116.086931	-399.774577	-778.260023	-1208.382086	-1792.450812	-2573.546971	-3571.379166	-4795.128070	-6317.043430	-8159.796327	-10275.273857	-12492.466365	6.933928	8.668887	-3.354437	5.781767	10.227179	26.860925	40.721096	57.202247	75.635614	91.903669	106.064591	113.084594	-121.126780	-412.269094	-815.264922	-1307.609747	-1986.505930	-2891.685392	-4018.323588	-5369.403738	-7010.695522	-8945.421575	-11119.358979	-13380.986227	0.757078	4.726735	-1.251075	2.967864	-6.300249	-3.864343	-4.517153	-4.631508	-2.119535	-0.688595	8.367815	5.975298	60
