name	rmr4	rmr5	rmr6	rmr7	rmr8	rmr9	rmr10	rmr11	rmr12	rmr13	rmr14	rmr15	rcr4	rcr5	rcr6	rcr7	rcr8	rcr9	rcr10	rcr11	rcr12	rcr13	rcr14	rcr15	fmr4	fmr5	fmr6	fmr7	fmr8	fmr9	fmr10	fmr11	fmr12	fmr13	fmr14	fmr15	fcr4	fcr5	fcr6	fcr7	fcr8	fcr9	fcr10	fcr11	fcr12	fcr13	fcr14	fcr15	rmc4	rmc5	rmc6	rmc7	rmc8	rmc9	rmc10	rmc11	rmc12	rmc13	rmc14	rmc15	rcc4	rcc5	rcc6	rcc7	rcc8	rcc9	rcc10	rcc11	rcc12	rcc13	rcc14	rcc15	fmc4	fmc5	fmc6	fmc7	fmc8	fmc9	fmc10	fmc11	fmc12	fmc13	fmc14	fmc15	fcc4	fcc5	fcc6	fcc7	fcc8	fcc9	fcc10	fcc11	fcc12	fcc13	fcc14	fcc15	size
2yfe_ligand	-5.507891	-16.103852	-37.576502	-40.847379	-23.740276	-16.231598	-14.551212	-16.084722	-18.370125	-20.898006	-13.505376	-11.207566	6.129357	12.527107	10.270766	15.757361	32.263933	45.094861	60.020537	75.837931	87.432625	99.513737	109.322668	127.869468	-3.917161	-4.100118	-6.886899	-2.493695	1.363008	3.336520	4.533216	6.882188	7.011585	11.140522	8.129716	16.897024	4.349321	9.012470	8.077236	11.673870	16.670896	17.234330	19.010960	22.741692	23.896842	27.412646	26.955152	34.650066	-68.564713	-290.730699	-584.996569	-969.641295	-1495.024141	-2267.704362	-3267.381591	-4489.748777	-5951.763755	-7650.058799	-9566.204293	-11615.573464	2.350635	2.829598	-0.509603	6.965453	29.169649	47.674095	65.725829	83.015093	95.908817	108.139675	116.664452	133.642244	-69.515998	-300.541342	-618.268321	-1065.014650	-1688.135435	-2590.878364	-3722.125679	-5069.521454	-6636.882258	-8407.361514	-10372.569036	-12460.132494	1.833260	4.287333	3.163241	7.367057	12.495219	13.809257	15.762140	19.499606	20.688003	24.422917	24.561711	33.185487	48
