name	rmr4	rmr5	rmr6	rmr7	rmr8	rmr9	rmr10	rmr11	rmr12	rmr13	rmr14	rmr15	rcr4	rcr5	rcr6	rcr7	rcr8	rcr9	rcr10	rcr11	rcr12	rcr13	rcr14	rcr15	fmr4	fmr5	fmr6	fmr7	fmr8	fmr9	fmr10	fmr11	fmr12	fmr13	fmr14	fmr15	fcr4	fcr5	fcr6	fcr7	fcr8	fcr9	fcr10	fcr11	fcr12	fcr13	fcr14	fcr15	rmc4	rmc5	rmc6	rmc7	rmc8	rmc9	rmc10	rmc11	rmc12	rmc13	rmc14	rmc15	rcc4	rcc5	rcc6	rcc7	rcc8	rcc9	rcc10	rcc11	rcc12	rcc13	rcc14	rcc15	fmc4	fmc5	fmc6	fmc7	fmc8	fmc9	fmc10	fmc11	fmc12	fmc13	fmc14	fmc15	fcc4	fcc5	fcc6	fcc7	fcc8	fcc9	fcc10	fcc11	fcc12	fcc13	fcc14	fcc15	size
2yge_ligand	-0.664868	-17.804718	-31.842122	-26.061376	4.001261	18.867878	41.544517	60.035943	71.374086	86.255894	110.605925	112.800096	8.275197	2.541957	2.919846	11.612427	30.465279	40.782967	69.576138	97.133102	121.357762	144.063640	161.870149	177.100482	-3.514106	-12.024073	-10.177380	-2.719424	9.494981	12.502302	16.272845	21.909494	23.482319	26.905975	22.721890	24.124331	-1.015383	-8.927891	-5.937419	0.632171	8.842795	10.264920	16.057898	21.726819	24.563083	27.784601	27.106738	27.216679	-101.441246	-332.979279	-674.351059	-1141.119123	-1843.894734	-2878.404294	-4253.385292	-5954.330536	-8029.006241	-10534.334196	-13317.312623	-16565.529918	8.704099	1.236493	1.732816	12.382919	36.870450	52.707198	83.309330	111.624294	136.326720	157.656935	173.107663	185.443902	-107.716957	-348.068418	-718.159343	-1263.745224	-2093.921903	-3296.324172	-4864.216494	-6746.395112	-8982.026226	-11611.219365	-14474.554295	-17799.451208	0.729843	-7.160126	-4.380660	2.720974	11.804514	14.130815	19.916412	25.564698	28.427742	31.740362	31.595338	32.108146	80
