name	rmr4	rmr5	rmr6	rmr7	rmr8	rmr9	rmr10	rmr11	rmr12	rmr13	rmr14	rmr15	rcr4	rcr5	rcr6	rcr7	rcr8	rcr9	rcr10	rcr11	rcr12	rcr13	rcr14	rcr15	fmr4	fmr5	fmr6	fmr7	fmr8	fmr9	fmr10	fmr11	fmr12	fmr13	fmr14	fmr15	fcr4	fcr5	fcr6	fcr7	fcr8	fcr9	fcr10	fcr11	fcr12	fcr13	fcr14	fcr15	rmc4	rmc5	rmc6	rmc7	rmc8	rmc9	rmc10	rmc11	rmc12	rmc13	rmc14	rmc15	rcc4	rcc5	rcc6	rcc7	rcc8	rcc9	rcc10	rcc11	rcc12	rcc13	rcc14	rcc15	fmc4	fmc5	fmc6	fmc7	fmc8	fmc9	fmc10	fmc11	fmc12	fmc13	fmc14	fmc15	fcc4	fcc5	fcc6	fcc7	fcc8	fcc9	fcc10	fcc11	fcc12	fcc13	fcc14	fcc15	size
2yki_ligand	-29.587401	-53.925462	-70.503641	-68.850533	-32.573275	-4.126731	30.505227	50.876620	58.977567	68.004266	91.184018	99.035376	-15.002841	-17.057174	-20.893585	-19.590856	3.337979	13.200242	41.847936	60.446909	64.323757	69.556649	78.105142	91.149674	-23.245575	-24.839108	-16.605964	-12.328769	-8.106449	-8.648972	-3.983481	-8.675862	-9.710030	-11.763650	-17.864086	-14.617411	-17.210820	-13.116559	-2.705252	4.421375	16.170415	16.541545	22.624200	19.517627	20.429699	22.286107	24.474406	25.712249	-166.445562	-567.337613	-1052.711652	-1674.085286	-2491.086559	-3635.613038	-5118.912945	-6851.302539	-8926.839343	-11331.977222	-13899.328303	-16670.472927	-14.351245	-23.123604	-26.987769	-26.024628	-0.492840	10.521349	35.617876	49.507971	48.516281	47.268681	48.826832	54.898915	-164.216677	-569.065174	-1081.794947	-1784.490123	-2733.650507	-4050.401685	-5724.430402	-7621.971677	-9823.168621	-12310.083790	-14916.964314	-17723.439004	-13.504481	-11.201875	-1.029742	5.940308	16.806011	17.045037	23.360852	21.201512	22.958899	26.139555	30.610246	34.312760	52
