name	rmr4	rmr5	rmr6	rmr7	rmr8	rmr9	rmr10	rmr11	rmr12	rmr13	rmr14	rmr15	rcr4	rcr5	rcr6	rcr7	rcr8	rcr9	rcr10	rcr11	rcr12	rcr13	rcr14	rcr15	fmr4	fmr5	fmr6	fmr7	fmr8	fmr9	fmr10	fmr11	fmr12	fmr13	fmr14	fmr15	fcr4	fcr5	fcr6	fcr7	fcr8	fcr9	fcr10	fcr11	fcr12	fcr13	fcr14	fcr15	rmc4	rmc5	rmc6	rmc7	rmc8	rmc9	rmc10	rmc11	rmc12	rmc13	rmc14	rmc15	rcc4	rcc5	rcc6	rcc7	rcc8	rcc9	rcc10	rcc11	rcc12	rcc13	rcc14	rcc15	fmc4	fmc5	fmc6	fmc7	fmc8	fmc9	fmc10	fmc11	fmc12	fmc13	fmc14	fmc15	fcc4	fcc5	fcc6	fcc7	fcc8	fcc9	fcc10	fcc11	fcc12	fcc13	fcc14	fcc15	size
2ymd_ligand	-6.881428	-13.338833	-18.889901	-16.707976	-3.406739	14.080061	27.283756	34.961399	35.612706	40.253609	48.969468	50.247457	0.268648	-2.507629	-3.525297	-2.755507	3.863062	10.635869	18.823448	23.978079	24.991736	29.853353	32.423649	33.290158	-5.642039	-2.809394	3.640017	3.159757	-3.795974	-3.910289	-2.431108	-1.925461	-3.927071	-4.460434	-6.362105	-6.028676	-5.764099	-5.040481	1.625077	6.167814	8.779461	11.330775	13.074187	12.956102	12.816124	13.357017	13.113189	13.441127	-109.039874	-288.857881	-539.617417	-817.306216	-1163.982367	-1637.919421	-2265.672698	-2952.236939	-3675.913083	-4538.626494	-5516.196133	-6575.531749	-0.281740	-4.429547	-7.906608	-6.327354	3.557709	12.916428	21.853000	27.158837	28.040449	31.900550	33.190774	32.902245	-110.696333	-289.437510	-551.033731	-860.169600	-1262.924544	-1810.463806	-2520.207033	-3267.715185	-4028.984362	-4919.943269	-5913.695627	-6984.183061	-4.186115	-1.583621	5.178612	8.997646	8.939556	10.885528	12.599324	12.583983	12.879033	14.215371	14.788525	15.856801	26
