name	rmr4	rmr5	rmr6	rmr7	rmr8	rmr9	rmr10	rmr11	rmr12	rmr13	rmr14	rmr15	rcr4	rcr5	rcr6	rcr7	rcr8	rcr9	rcr10	rcr11	rcr12	rcr13	rcr14	rcr15	fmr4	fmr5	fmr6	fmr7	fmr8	fmr9	fmr10	fmr11	fmr12	fmr13	fmr14	fmr15	fcr4	fcr5	fcr6	fcr7	fcr8	fcr9	fcr10	fcr11	fcr12	fcr13	fcr14	fcr15	rmc4	rmc5	rmc6	rmc7	rmc8	rmc9	rmc10	rmc11	rmc12	rmc13	rmc14	rmc15	rcc4	rcc5	rcc6	rcc7	rcc8	rcc9	rcc10	rcc11	rcc12	rcc13	rcc14	rcc15	fmc4	fmc5	fmc6	fmc7	fmc8	fmc9	fmc10	fmc11	fmc12	fmc13	fmc14	fmc15	fcc4	fcc5	fcc6	fcc7	fcc8	fcc9	fcc10	fcc11	fcc12	fcc13	fcc14	fcc15	size
2zb1_ligand	-4.081922	-20.143863	-31.418412	-15.470036	13.051132	40.338480	62.712250	77.372007	88.340389	91.123316	104.709700	107.296405	7.239054	6.258468	2.381831	4.622397	12.732523	17.182445	29.046279	34.548118	40.293590	42.757555	47.605603	52.342358	-5.253468	-11.331321	-3.256139	6.239666	1.679843	-1.072527	1.537332	0.342824	4.756487	8.336324	12.345787	19.307136	1.510621	1.101651	10.778022	21.007224	25.359530	25.902815	30.337356	30.109640	35.787637	39.606651	46.681284	51.027344	-91.639936	-371.705203	-748.542838	-1226.857309	-1858.318975	-2717.019720	-3749.866122	-4999.784798	-6457.393102	-8078.371260	-9867.317342	-11943.347310	5.445750	1.097960	-2.395008	1.457120	13.396919	21.382265	34.152695	39.961510	45.822769	47.417703	50.854569	53.835741	-96.107346	-385.518918	-784.312101	-1325.549383	-2055.521229	-3037.850167	-4188.052981	-5549.794737	-7094.308817	-8762.912222	-10575.578953	-12681.099054	0.872697	-0.640355	9.084888	19.470744	23.186174	23.593077	28.076333	28.025493	33.941692	38.493482	46.579146	51.746716	47
