name	rmr4	rmr5	rmr6	rmr7	rmr8	rmr9	rmr10	rmr11	rmr12	rmr13	rmr14	rmr15	rcr4	rcr5	rcr6	rcr7	rcr8	rcr9	rcr10	rcr11	rcr12	rcr13	rcr14	rcr15	fmr4	fmr5	fmr6	fmr7	fmr8	fmr9	fmr10	fmr11	fmr12	fmr13	fmr14	fmr15	fcr4	fcr5	fcr6	fcr7	fcr8	fcr9	fcr10	fcr11	fcr12	fcr13	fcr14	fcr15	rmc4	rmc5	rmc6	rmc7	rmc8	rmc9	rmc10	rmc11	rmc12	rmc13	rmc14	rmc15	rcc4	rcc5	rcc6	rcc7	rcc8	rcc9	rcc10	rcc11	rcc12	rcc13	rcc14	rcc15	fmc4	fmc5	fmc6	fmc7	fmc8	fmc9	fmc10	fmc11	fmc12	fmc13	fmc14	fmc15	fcc4	fcc5	fcc6	fcc7	fcc8	fcc9	fcc10	fcc11	fcc12	fcc13	fcc14	fcc15	size
2zcq_ligand	-2.702796	-6.522572	-14.845147	-4.034562	49.243876	91.624487	99.713959	125.322980	111.814061	80.670398	59.355734	-26.369900	9.299414	18.406478	31.031370	50.079810	84.052838	146.352215	195.698130	259.618533	290.124140	309.705744	353.628507	382.727590	-1.297464	-5.025624	-16.101288	-24.104781	-18.288487	-21.164629	-58.454914	-81.898908	-135.003648	-202.185951	-255.782620	-324.175563	3.878898	8.230595	14.045495	23.022929	38.087839	67.949833	76.995768	107.380693	115.471260	122.005511	146.610615	161.367565	-85.944330	-294.240821	-565.931846	-945.229860	-1490.681722	-2274.385659	-3379.444498	-4748.590570	-6440.079923	-8462.423916	-10706.635110	-13169.339601	14.123644	19.889514	31.047731	54.374675	101.185261	174.382678	229.735890	297.660611	330.936545	350.805891	394.122066	422.761652	-87.137056	-303.553045	-606.978618	-1060.458704	-1725.201335	-2677.153679	-3968.944782	-5508.873588	-7339.573784	-9457.309765	-11772.101202	-14288.707517	10.563342	14.996244	21.184503	31.115087	47.560572	78.671911	87.963856	118.338500	126.463178	133.266072	158.498480	174.104839	41
