name	rmr4	rmr5	rmr6	rmr7	rmr8	rmr9	rmr10	rmr11	rmr12	rmr13	rmr14	rmr15	rcr4	rcr5	rcr6	rcr7	rcr8	rcr9	rcr10	rcr11	rcr12	rcr13	rcr14	rcr15	fmr4	fmr5	fmr6	fmr7	fmr8	fmr9	fmr10	fmr11	fmr12	fmr13	fmr14	fmr15	fcr4	fcr5	fcr6	fcr7	fcr8	fcr9	fcr10	fcr11	fcr12	fcr13	fcr14	fcr15	rmc4	rmc5	rmc6	rmc7	rmc8	rmc9	rmc10	rmc11	rmc12	rmc13	rmc14	rmc15	rcc4	rcc5	rcc6	rcc7	rcc8	rcc9	rcc10	rcc11	rcc12	rcc13	rcc14	rcc15	fmc4	fmc5	fmc6	fmc7	fmc8	fmc9	fmc10	fmc11	fmc12	fmc13	fmc14	fmc15	fcc4	fcc5	fcc6	fcc7	fcc8	fcc9	fcc10	fcc11	fcc12	fcc13	fcc14	fcc15	size
2zcq_ligand	11.042418	17.001725	22.561895	38.327540	55.695902	77.022598	87.529456	89.120039	90.991305	86.418764	82.875176	83.671896	7.716861	12.850619	20.071973	37.114478	54.820525	75.827128	95.602130	107.693752	117.308292	118.061698	116.274235	114.094734	11.792789	15.404160	15.953593	18.129393	16.992759	17.801224	14.792523	9.687197	7.668873	3.390835	4.770754	15.456944	3.771982	4.542234	4.629578	6.359983	5.638927	6.833600	4.022425	-3.702787	-11.725680	-21.435418	-32.346670	-40.440762	-109.416828	-347.594672	-652.389116	-1058.515657	-1656.606556	-2493.648747	-3522.911313	-4598.406736	-5610.868435	-6474.111336	-7185.017688	-7782.171733	9.982269	14.261007	22.708429	42.043894	64.335451	90.067790	112.531554	126.142215	136.512524	137.312260	135.376533	132.957259	-107.901923	-356.950678	-698.407414	-1184.254368	-1897.103955	-2881.526374	-4052.662512	-5229.210781	-6295.339349	-7155.462162	-7836.087672	-8400.643793	6.912872	7.675216	7.771737	9.539922	8.754324	10.055611	7.132824	-0.807597	-9.145275	-18.259386	-28.097208	-35.291844	41
