name	rmr4	rmr5	rmr6	rmr7	rmr8	rmr9	rmr10	rmr11	rmr12	rmr13	rmr14	rmr15	rcr4	rcr5	rcr6	rcr7	rcr8	rcr9	rcr10	rcr11	rcr12	rcr13	rcr14	rcr15	fmr4	fmr5	fmr6	fmr7	fmr8	fmr9	fmr10	fmr11	fmr12	fmr13	fmr14	fmr15	fcr4	fcr5	fcr6	fcr7	fcr8	fcr9	fcr10	fcr11	fcr12	fcr13	fcr14	fcr15	rmc4	rmc5	rmc6	rmc7	rmc8	rmc9	rmc10	rmc11	rmc12	rmc13	rmc14	rmc15	rcc4	rcc5	rcc6	rcc7	rcc8	rcc9	rcc10	rcc11	rcc12	rcc13	rcc14	rcc15	fmc4	fmc5	fmc6	fmc7	fmc8	fmc9	fmc10	fmc11	fmc12	fmc13	fmc14	fmc15	fcc4	fcc5	fcc6	fcc7	fcc8	fcc9	fcc10	fcc11	fcc12	fcc13	fcc14	fcc15	size
2zcr_ligand	-5.986578	-20.229838	-41.349169	-30.396950	5.153625	30.303068	31.795395	45.346762	20.545072	-8.116053	-49.012662	-146.917119	10.736345	10.497955	20.410674	37.686123	60.077279	103.761358	149.141092	201.463908	225.117090	252.551511	287.525358	314.939325	-6.768769	-22.104656	-40.017740	-49.593261	-65.681888	-86.058636	-123.963615	-163.088432	-227.982694	-301.273285	-378.441691	-458.356811	4.987172	-1.947923	5.208795	12.557890	12.511020	22.547966	31.609699	48.690921	50.306208	59.228520	72.795957	84.440582	-81.488733	-331.507331	-690.101674	-1157.151296	-1786.856875	-2662.111050	-3835.268908	-5337.347560	-7128.783015	-9360.510442	-11866.567067	-14639.365865	8.951468	2.987226	10.206723	32.945466	67.807689	122.670958	174.102680	230.794236	257.284928	285.020447	319.313960	346.214356	-84.914568	-350.630704	-744.166910	-1299.331988	-2055.452275	-3106.246373	-4462.792778	-6149.623852	-8082.196208	-10427.939290	-13017.242018	-15855.084684	4.849041	-3.560796	3.488426	12.378984	11.420665	22.070258	31.295835	48.413739	50.194330	59.224623	73.318441	85.725688	52
