name	rmr4	rmr5	rmr6	rmr7	rmr8	rmr9	rmr10	rmr11	rmr12	rmr13	rmr14	rmr15	rcr4	rcr5	rcr6	rcr7	rcr8	rcr9	rcr10	rcr11	rcr12	rcr13	rcr14	rcr15	fmr4	fmr5	fmr6	fmr7	fmr8	fmr9	fmr10	fmr11	fmr12	fmr13	fmr14	fmr15	fcr4	fcr5	fcr6	fcr7	fcr8	fcr9	fcr10	fcr11	fcr12	fcr13	fcr14	fcr15	rmc4	rmc5	rmc6	rmc7	rmc8	rmc9	rmc10	rmc11	rmc12	rmc13	rmc14	rmc15	rcc4	rcc5	rcc6	rcc7	rcc8	rcc9	rcc10	rcc11	rcc12	rcc13	rcc14	rcc15	fmc4	fmc5	fmc6	fmc7	fmc8	fmc9	fmc10	fmc11	fmc12	fmc13	fmc14	fmc15	fcc4	fcc5	fcc6	fcc7	fcc8	fcc9	fcc10	fcc11	fcc12	fcc13	fcc14	fcc15	size
2zcr_ligand	-4.593746	2.213944	11.654646	25.766296	28.572874	41.579807	47.245590	49.547022	51.201416	46.968865	41.052159	39.324425	-3.819004	2.208950	16.669164	33.221295	39.675447	52.836558	67.794442	81.741607	92.370176	94.679239	91.411224	88.849880	-4.030184	0.075780	4.768095	6.748179	-4.914303	-8.325692	-11.305843	-15.159209	-16.964574	-20.201411	-17.752226	-5.857583	-7.954404	-6.798157	-0.242361	1.586132	-6.967008	-10.044547	-14.365467	-21.253842	-29.434976	-38.340935	-49.300909	-57.100045	-131.330507	-409.822749	-810.993486	-1333.887459	-2045.985812	-2982.934693	-4085.347734	-5294.107560	-6407.795001	-7414.529362	-8256.590174	-9045.173485	-2.488198	2.533867	18.414046	37.919437	48.820047	66.697605	84.174583	99.843375	111.226772	113.655140	110.260083	107.542886	-129.832092	-424.661832	-871.880021	-1491.638267	-2321.061272	-3407.619177	-4648.268087	-5972.669187	-7143.613442	-8152.105615	-8962.286882	-9721.039896	-5.667478	-4.426184	2.131468	4.082008	-5.527693	-8.969087	-13.564965	-20.699355	-29.246554	-37.518313	-47.307899	-54.165267	52
