name	rmr4	rmr5	rmr6	rmr7	rmr8	rmr9	rmr10	rmr11	rmr12	rmr13	rmr14	rmr15	rcr4	rcr5	rcr6	rcr7	rcr8	rcr9	rcr10	rcr11	rcr12	rcr13	rcr14	rcr15	fmr4	fmr5	fmr6	fmr7	fmr8	fmr9	fmr10	fmr11	fmr12	fmr13	fmr14	fmr15	fcr4	fcr5	fcr6	fcr7	fcr8	fcr9	fcr10	fcr11	fcr12	fcr13	fcr14	fcr15	rmc4	rmc5	rmc6	rmc7	rmc8	rmc9	rmc10	rmc11	rmc12	rmc13	rmc14	rmc15	rcc4	rcc5	rcc6	rcc7	rcc8	rcc9	rcc10	rcc11	rcc12	rcc13	rcc14	rcc15	fmc4	fmc5	fmc6	fmc7	fmc8	fmc9	fmc10	fmc11	fmc12	fmc13	fmc14	fmc15	fcc4	fcc5	fcc6	fcc7	fcc8	fcc9	fcc10	fcc11	fcc12	fcc13	fcc14	fcc15	size
2zy1_ligand	-7.495852	-18.773389	-44.202169	-57.267643	-7.113099	11.244672	16.233305	28.817897	4.976868	-22.623333	-57.103198	-103.711843	1.637908	5.122982	4.056079	10.798584	39.202534	74.140430	110.233429	154.554263	167.809092	178.857015	190.197168	200.866284	-8.445001	-10.406282	-20.720988	-32.369036	-15.083536	-11.881091	-15.296398	-13.606810	-33.877686	-58.354976	-87.419620	-116.684762	-2.938394	1.817324	2.472650	4.857364	16.886279	33.161950	46.703720	71.284876	76.242996	80.877262	83.284462	89.848270	-90.860186	-282.521444	-591.914667	-998.998334	-1567.872701	-2355.339701	-3391.101379	-4756.897023	-6394.644768	-8363.321936	-10586.658208	-13068.818871	0.426472	2.589772	2.356302	11.034301	44.587083	84.053929	122.253512	168.210519	182.762645	193.696947	204.133703	213.700499	-94.064400	-290.566028	-630.610311	-1104.937411	-1787.356645	-2713.670113	-3895.563776	-5416.955029	-7172.331405	-9227.170807	-11511.604768	-14041.087849	-3.220175	1.427554	2.489109	5.066511	17.601541	34.053485	47.622588	72.183595	77.181620	81.951146	84.702534	91.732515	42
