name	rmr4	rmr5	rmr6	rmr7	rmr8	rmr9	rmr10	rmr11	rmr12	rmr13	rmr14	rmr15	rcr4	rcr5	rcr6	rcr7	rcr8	rcr9	rcr10	rcr11	rcr12	rcr13	rcr14	rcr15	fmr4	fmr5	fmr6	fmr7	fmr8	fmr9	fmr10	fmr11	fmr12	fmr13	fmr14	fmr15	fcr4	fcr5	fcr6	fcr7	fcr8	fcr9	fcr10	fcr11	fcr12	fcr13	fcr14	fcr15	rmc4	rmc5	rmc6	rmc7	rmc8	rmc9	rmc10	rmc11	rmc12	rmc13	rmc14	rmc15	rcc4	rcc5	rcc6	rcc7	rcc8	rcc9	rcc10	rcc11	rcc12	rcc13	rcc14	rcc15	fmc4	fmc5	fmc6	fmc7	fmc8	fmc9	fmc10	fmc11	fmc12	fmc13	fmc14	fmc15	fcc4	fcc5	fcc6	fcc7	fcc8	fcc9	fcc10	fcc11	fcc12	fcc13	fcc14	fcc15	size
3acw_ligand	-4.128573	-21.281268	-35.243304	-31.227624	-9.711209	3.353877	16.349072	17.965476	12.145493	9.272478	26.030986	22.952321	7.812845	3.633168	4.731414	8.648551	18.353247	26.704705	44.594612	56.218214	64.599777	73.480128	81.148369	87.198269	-5.247557	-9.184892	-5.147091	-2.383500	-5.051810	-7.385619	-5.485323	-7.214910	-7.512144	-8.196352	-11.572432	-14.393438	1.087629	-1.045638	4.633678	8.427419	8.956505	7.712752	11.635219	12.179462	11.619892	10.011078	9.609955	10.534859	-67.536930	-279.156654	-596.583695	-1022.310110	-1565.762547	-2305.375758	-3293.430785	-4504.523081	-6013.940566	-7788.876432	-9883.157762	-12101.049635	5.829002	-4.516509	-7.953132	-2.329541	15.468325	29.845663	50.126892	63.107131	71.911209	78.966458	83.924426	87.626766	-72.498533	-287.855061	-628.114789	-1119.698929	-1757.521607	-2614.223623	-3735.279154	-5067.557788	-6687.878392	-8542.179239	-10695.718171	-12952.834006	0.530130	-3.664140	1.293540	5.717775	5.165254	3.849898	7.750241	8.354020	7.851889	6.574961	6.510374	8.187754	43
