name	rmr4	rmr5	rmr6	rmr7	rmr8	rmr9	rmr10	rmr11	rmr12	rmr13	rmr14	rmr15	rcr4	rcr5	rcr6	rcr7	rcr8	rcr9	rcr10	rcr11	rcr12	rcr13	rcr14	rcr15	fmr4	fmr5	fmr6	fmr7	fmr8	fmr9	fmr10	fmr11	fmr12	fmr13	fmr14	fmr15	fcr4	fcr5	fcr6	fcr7	fcr8	fcr9	fcr10	fcr11	fcr12	fcr13	fcr14	fcr15	rmc4	rmc5	rmc6	rmc7	rmc8	rmc9	rmc10	rmc11	rmc12	rmc13	rmc14	rmc15	rcc4	rcc5	rcc6	rcc7	rcc8	rcc9	rcc10	rcc11	rcc12	rcc13	rcc14	rcc15	fmc4	fmc5	fmc6	fmc7	fmc8	fmc9	fmc10	fmc11	fmc12	fmc13	fmc14	fmc15	fcc4	fcc5	fcc6	fcc7	fcc8	fcc9	fcc10	fcc11	fcc12	fcc13	fcc14	fcc15	size
3ag9_ligand	-12.980542	-17.180599	-45.116958	-61.485348	-19.711591	-27.899727	-52.253529	-69.649987	-96.533096	-132.721425	-179.907867	-248.347257	-6.584272	3.803529	-6.240208	-8.142289	5.796235	6.378842	15.699368	31.251223	53.474162	69.522010	88.619736	95.481307	-14.174615	-10.815157	-15.941769	-20.892824	-7.312616	-23.069736	-40.465667	-59.445921	-82.750426	-109.351384	-138.112918	-171.366998	-15.041044	-6.119176	-1.765305	6.934948	16.100300	12.206734	12.184097	14.766927	18.996425	21.287872	25.169755	31.133310	-160.683605	-499.561564	-981.014562	-1582.271238	-2469.739074	-3722.611504	-5357.187866	-7534.532624	-10182.450916	-13365.391623	-16955.300974	-21178.620171	-5.416098	2.277319	-7.858178	-8.602685	10.536639	15.220736	25.566517	41.593778	64.128883	78.183689	94.400939	97.941360	-164.506656	-515.965483	-1024.714725	-1700.317760	-2738.029680	-4178.284988	-6014.463271	-8418.158563	-11269.443372	-14601.087245	-18294.509448	-22605.886288	-12.430041	-3.825897	0.347196	9.015463	18.652618	15.011976	14.995347	17.477078	21.672855	23.961459	28.154843	34.321340	140
