name	rmr4	rmr5	rmr6	rmr7	rmr8	rmr9	rmr10	rmr11	rmr12	rmr13	rmr14	rmr15	rcr4	rcr5	rcr6	rcr7	rcr8	rcr9	rcr10	rcr11	rcr12	rcr13	rcr14	rcr15	fmr4	fmr5	fmr6	fmr7	fmr8	fmr9	fmr10	fmr11	fmr12	fmr13	fmr14	fmr15	fcr4	fcr5	fcr6	fcr7	fcr8	fcr9	fcr10	fcr11	fcr12	fcr13	fcr14	fcr15	rmc4	rmc5	rmc6	rmc7	rmc8	rmc9	rmc10	rmc11	rmc12	rmc13	rmc14	rmc15	rcc4	rcc5	rcc6	rcc7	rcc8	rcc9	rcc10	rcc11	rcc12	rcc13	rcc14	rcc15	fmc4	fmc5	fmc6	fmc7	fmc8	fmc9	fmc10	fmc11	fmc12	fmc13	fmc14	fmc15	fcc4	fcc5	fcc6	fcc7	fcc8	fcc9	fcc10	fcc11	fcc12	fcc13	fcc14	fcc15	size
3ao4_ligand	-0.018245	-7.657524	-8.273511	-11.951414	5.071871	11.947655	20.860617	29.066754	30.871238	34.738107	43.447003	45.514300	3.126843	6.126513	11.478407	6.741365	17.101250	14.741218	18.704828	23.146623	24.012028	29.121980	31.989048	34.401795	0.528275	5.223246	14.700757	10.952768	7.702950	0.531332	-0.694402	0.003081	-0.637451	1.535732	-3.116737	-1.796693	-5.831741	-1.527874	7.673202	7.099502	13.638146	11.583548	11.799508	12.186554	12.979237	15.997516	16.547172	17.384605	-108.875311	-330.609987	-573.584310	-874.770667	-1263.290533	-1782.989852	-2423.055140	-3216.013483	-4097.316966	-4987.879829	-6011.286507	-7211.570652	10.998014	11.297797	15.489772	12.080526	25.745896	25.615877	29.968652	34.034615	34.203076	38.367028	39.926016	40.847201	-112.837804	-336.084238	-590.601491	-928.479170	-1378.594357	-1969.644595	-2686.165714	-3554.261529	-4486.929056	-5398.831244	-6434.857689	-7651.662850	4.355880	9.798648	19.991100	19.280312	23.697318	20.883153	21.025471	21.600555	22.815935	26.850129	28.347943	29.826385	27
