name	rmr4	rmr5	rmr6	rmr7	rmr8	rmr9	rmr10	rmr11	rmr12	rmr13	rmr14	rmr15	rcr4	rcr5	rcr6	rcr7	rcr8	rcr9	rcr10	rcr11	rcr12	rcr13	rcr14	rcr15	fmr4	fmr5	fmr6	fmr7	fmr8	fmr9	fmr10	fmr11	fmr12	fmr13	fmr14	fmr15	fcr4	fcr5	fcr6	fcr7	fcr8	fcr9	fcr10	fcr11	fcr12	fcr13	fcr14	fcr15	rmc4	rmc5	rmc6	rmc7	rmc8	rmc9	rmc10	rmc11	rmc12	rmc13	rmc14	rmc15	rcc4	rcc5	rcc6	rcc7	rcc8	rcc9	rcc10	rcc11	rcc12	rcc13	rcc14	rcc15	fmc4	fmc5	fmc6	fmc7	fmc8	fmc9	fmc10	fmc11	fmc12	fmc13	fmc14	fmc15	fcc4	fcc5	fcc6	fcc7	fcc8	fcc9	fcc10	fcc11	fcc12	fcc13	fcc14	fcc15	size
3arp_ligand	-4.518170	-10.362759	-12.357245	-7.781534	34.921156	48.311138	52.817212	51.624294	43.228591	26.085103	17.197386	-18.644911	13.461614	22.007942	30.403960	42.937916	76.526186	95.405644	117.345552	144.168311	169.317828	192.545819	214.187234	236.394696	-2.892635	0.824632	13.178764	8.759869	14.424721	-4.790693	-29.780721	-60.106742	-92.878855	-137.083922	-189.336507	-246.434581	7.518575	15.914443	34.343416	42.359885	56.277041	56.664438	57.427082	60.265626	66.201744	68.758063	70.266543	72.853833	-163.150400	-436.820938	-710.677010	-1066.315515	-1705.232323	-2565.272153	-3643.905116	-5082.312909	-6890.106152	-9201.300190	-11810.201295	-14773.853787	5.505873	10.336258	18.033227	28.049076	58.128947	72.850811	88.822507	105.441758	119.422595	129.432606	136.172630	142.336822	-163.705101	-438.015870	-717.082849	-1124.012792	-1897.141761	-2893.034791	-4109.482266	-5700.966385	-7644.811419	-10073.464049	-12762.012275	-15793.707415	4.736252	15.795500	35.759334	44.048098	58.693575	59.248526	60.161649	62.885076	68.669723	70.743760	72.266779	75.178519	72
