name	rmr4	rmr5	rmr6	rmr7	rmr8	rmr9	rmr10	rmr11	rmr12	rmr13	rmr14	rmr15	rcr4	rcr5	rcr6	rcr7	rcr8	rcr9	rcr10	rcr11	rcr12	rcr13	rcr14	rcr15	fmr4	fmr5	fmr6	fmr7	fmr8	fmr9	fmr10	fmr11	fmr12	fmr13	fmr14	fmr15	fcr4	fcr5	fcr6	fcr7	fcr8	fcr9	fcr10	fcr11	fcr12	fcr13	fcr14	fcr15	rmc4	rmc5	rmc6	rmc7	rmc8	rmc9	rmc10	rmc11	rmc12	rmc13	rmc14	rmc15	rcc4	rcc5	rcc6	rcc7	rcc8	rcc9	rcc10	rcc11	rcc12	rcc13	rcc14	rcc15	fmc4	fmc5	fmc6	fmc7	fmc8	fmc9	fmc10	fmc11	fmc12	fmc13	fmc14	fmc15	fcc4	fcc5	fcc6	fcc7	fcc8	fcc9	fcc10	fcc11	fcc12	fcc13	fcc14	fcc15	size
3arq_ligand	-7.155045	-8.841047	-8.816048	2.433047	33.619404	51.696440	70.897821	84.264455	93.618522	108.818290	139.972335	150.708936	5.719569	11.338335	17.837638	27.289385	47.023121	60.552437	83.075665	102.269181	117.078539	133.783542	156.165765	174.531509	-5.596442	4.135918	13.084645	15.004862	19.700354	18.772309	23.640748	26.256090	24.994053	26.360444	30.906623	32.816510	-0.496960	8.726021	17.965551	21.360660	25.356820	26.255431	31.774436	35.308556	33.929937	34.707610	37.033217	38.999999	-159.458239	-400.916107	-682.541274	-1048.203063	-1613.693614	-2380.655712	-3409.245099	-4713.884377	-6386.804747	-8472.846596	-11034.240478	-14019.773451	5.675610	10.682469	17.871235	29.028357	54.450542	72.081563	96.345858	117.364513	133.990820	150.136812	170.790299	187.034772	-161.769395	-403.233126	-704.767589	-1132.213762	-1811.610670	-2703.083560	-3877.448557	-5323.930169	-7134.235027	-9332.408498	-11995.463469	-15071.627988	1.543841	12.107808	21.199483	24.729125	29.117012	29.863533	35.371230	38.902662	37.543391	38.152852	40.127879	41.826124	64
