name	rmr4	rmr5	rmr6	rmr7	rmr8	rmr9	rmr10	rmr11	rmr12	rmr13	rmr14	rmr15	rcr4	rcr5	rcr6	rcr7	rcr8	rcr9	rcr10	rcr11	rcr12	rcr13	rcr14	rcr15	fmr4	fmr5	fmr6	fmr7	fmr8	fmr9	fmr10	fmr11	fmr12	fmr13	fmr14	fmr15	fcr4	fcr5	fcr6	fcr7	fcr8	fcr9	fcr10	fcr11	fcr12	fcr13	fcr14	fcr15	rmc4	rmc5	rmc6	rmc7	rmc8	rmc9	rmc10	rmc11	rmc12	rmc13	rmc14	rmc15	rcc4	rcc5	rcc6	rcc7	rcc8	rcc9	rcc10	rcc11	rcc12	rcc13	rcc14	rcc15	fmc4	fmc5	fmc6	fmc7	fmc8	fmc9	fmc10	fmc11	fmc12	fmc13	fmc14	fmc15	fcc4	fcc5	fcc6	fcc7	fcc8	fcc9	fcc10	fcc11	fcc12	fcc13	fcc14	fcc15	size
3arq_ligand	-8.594270	-18.145362	-21.670214	-22.971893	-25.379683	-30.256161	-42.178980	-51.603866	-63.261573	-68.472664	-70.215149	-70.807393	-10.574967	-13.793099	-9.645961	-2.561723	4.798227	17.038243	27.730400	40.309534	44.762909	49.358024	50.841091	48.947877	-4.732042	-6.401366	-5.533830	-4.070671	-5.894248	-6.359762	-6.322734	-4.119894	-0.826146	5.077360	12.060227	20.164821	-13.083667	-18.157747	-18.957850	-19.914635	-21.906349	-22.931056	-25.740901	-29.040599	-33.663709	-38.346990	-44.355108	-50.917317	-209.884350	-501.984787	-845.877250	-1289.758086	-1983.624556	-2897.746813	-4012.323953	-5243.969181	-6503.966842	-7683.401514	-8708.649605	-9606.390844	-8.038636	-11.381445	-6.360573	3.057692	16.041220	33.065725	46.403337	60.813291	66.491245	71.444049	72.961193	71.012129	-204.351062	-502.830380	-878.049975	-1398.547575	-2218.747038	-3278.786290	-4534.602267	-5882.937152	-7210.892094	-8406.102140	-9409.127270	-10277.444182	-8.724847	-12.670803	-14.147998	-15.268960	-17.052752	-18.367167	-21.382038	-24.890610	-29.737498	-33.755040	-38.446922	-43.745811	64
