name	rmr4	rmr5	rmr6	rmr7	rmr8	rmr9	rmr10	rmr11	rmr12	rmr13	rmr14	rmr15	rcr4	rcr5	rcr6	rcr7	rcr8	rcr9	rcr10	rcr11	rcr12	rcr13	rcr14	rcr15	fmr4	fmr5	fmr6	fmr7	fmr8	fmr9	fmr10	fmr11	fmr12	fmr13	fmr14	fmr15	fcr4	fcr5	fcr6	fcr7	fcr8	fcr9	fcr10	fcr11	fcr12	fcr13	fcr14	fcr15	rmc4	rmc5	rmc6	rmc7	rmc8	rmc9	rmc10	rmc11	rmc12	rmc13	rmc14	rmc15	rcc4	rcc5	rcc6	rcc7	rcc8	rcc9	rcc10	rcc11	rcc12	rcc13	rcc14	rcc15	fmc4	fmc5	fmc6	fmc7	fmc8	fmc9	fmc10	fmc11	fmc12	fmc13	fmc14	fmc15	fcc4	fcc5	fcc6	fcc7	fcc8	fcc9	fcc10	fcc11	fcc12	fcc13	fcc14	fcc15	size
3aru_ligand	-0.470610	-0.644958	-3.996192	-6.774362	-15.345365	-22.313228	-33.056810	-44.905128	-57.361927	-68.352728	-77.013287	-81.628280	3.310662	11.408583	13.871426	17.693455	16.509400	21.196738	24.995967	26.913765	25.855213	23.549131	20.829389	18.765124	2.403079	4.286158	0.796724	-2.686409	-11.677990	-19.596946	-27.112805	-35.615814	-42.184772	-45.906439	-49.145721	-49.488266	2.715887	6.974146	5.734236	5.146283	2.023856	1.726037	0.519998	-2.846311	-6.296008	-9.445644	-13.588513	-17.198896	-126.094877	-305.375744	-515.040370	-786.154105	-1238.083583	-1792.284370	-2420.769378	-3070.183181	-3699.261878	-4275.947894	-4781.337491	-5191.320606	2.884218	10.641617	13.378356	17.806715	18.241472	24.082345	28.291052	30.292363	29.276962	26.969292	24.274759	22.277423	-123.732681	-309.444845	-538.014884	-853.185364	-1382.523505	-2016.712845	-2713.617193	-3412.314947	-4065.526083	-4638.629197	-5125.702828	-5515.136611	3.197069	7.860701	6.354802	5.631418	2.684133	2.190574	0.937060	-2.246700	-5.541281	-8.273784	-11.749761	-14.777961	38
