name	rmr4	rmr5	rmr6	rmr7	rmr8	rmr9	rmr10	rmr11	rmr12	rmr13	rmr14	rmr15	rcr4	rcr5	rcr6	rcr7	rcr8	rcr9	rcr10	rcr11	rcr12	rcr13	rcr14	rcr15	fmr4	fmr5	fmr6	fmr7	fmr8	fmr9	fmr10	fmr11	fmr12	fmr13	fmr14	fmr15	fcr4	fcr5	fcr6	fcr7	fcr8	fcr9	fcr10	fcr11	fcr12	fcr13	fcr14	fcr15	rmc4	rmc5	rmc6	rmc7	rmc8	rmc9	rmc10	rmc11	rmc12	rmc13	rmc14	rmc15	rcc4	rcc5	rcc6	rcc7	rcc8	rcc9	rcc10	rcc11	rcc12	rcc13	rcc14	rcc15	fmc4	fmc5	fmc6	fmc7	fmc8	fmc9	fmc10	fmc11	fmc12	fmc13	fmc14	fmc15	fcc4	fcc5	fcc6	fcc7	fcc8	fcc9	fcc10	fcc11	fcc12	fcc13	fcc14	fcc15	size
3aru_ligand	4.428474	10.658538	5.152757	10.426591	32.433412	41.780400	48.603090	55.325227	57.752085	57.498250	58.860886	50.535287	13.178242	28.259452	27.940468	35.169507	51.456496	59.581187	71.143078	85.234911	95.360538	105.734223	116.019049	130.797588	2.247408	13.797787	11.742555	8.858741	10.951596	1.495847	-6.660282	-17.204464	-31.661436	-49.421502	-71.848404	-93.696381	7.200396	22.462921	24.275160	26.874274	33.792014	33.701438	35.694834	37.636348	38.033567	38.107565	36.597274	39.544532	-92.727793	-242.598408	-421.416916	-651.846417	-1024.261362	-1505.523501	-2102.563148	-2871.045710	-3847.396453	-5084.571542	-6587.937831	-8319.657256	11.081942	24.868991	24.443464	31.145369	47.119232	54.459926	64.004022	74.855674	81.317424	86.963119	91.273744	99.670949	-96.302514	-247.290847	-436.055979	-705.197088	-1149.671316	-1703.903242	-2374.885519	-3223.503707	-4274.276460	-5573.985120	-7131.054408	-8911.279443	6.890728	22.564723	24.181709	26.895227	33.879410	33.743430	36.004705	38.132556	38.589135	38.550932	36.823681	39.643551	38
