name	rmr4	rmr5	rmr6	rmr7	rmr8	rmr9	rmr10	rmr11	rmr12	rmr13	rmr14	rmr15	rcr4	rcr5	rcr6	rcr7	rcr8	rcr9	rcr10	rcr11	rcr12	rcr13	rcr14	rcr15	fmr4	fmr5	fmr6	fmr7	fmr8	fmr9	fmr10	fmr11	fmr12	fmr13	fmr14	fmr15	fcr4	fcr5	fcr6	fcr7	fcr8	fcr9	fcr10	fcr11	fcr12	fcr13	fcr14	fcr15	rmc4	rmc5	rmc6	rmc7	rmc8	rmc9	rmc10	rmc11	rmc12	rmc13	rmc14	rmc15	rcc4	rcc5	rcc6	rcc7	rcc8	rcc9	rcc10	rcc11	rcc12	rcc13	rcc14	rcc15	fmc4	fmc5	fmc6	fmc7	fmc8	fmc9	fmc10	fmc11	fmc12	fmc13	fmc14	fmc15	fcc4	fcc5	fcc6	fcc7	fcc8	fcc9	fcc10	fcc11	fcc12	fcc13	fcc14	fcc15	size
3arv_ligand	-8.917852	-13.557351	-16.647508	-16.432883	-19.076571	-24.625251	-32.847473	-42.378765	-49.461303	-53.865019	-54.247839	-53.027630	1.844788	7.556563	9.405179	15.351905	19.829127	25.756956	31.268059	33.058413	33.623405	33.424420	32.700140	29.774248	-4.191931	-1.672405	0.633040	1.710553	0.453964	0.847114	2.262317	4.586497	7.568228	11.355424	17.351213	24.529438	2.704752	6.886173	7.307127	6.664179	5.030400	4.487925	2.613673	-0.885032	-4.718757	-9.004645	-12.604985	-16.233921	-186.705823	-434.251690	-687.414273	-999.199373	-1512.680168	-2165.121318	-2919.458263	-3705.375158	-4483.597811	-5211.141391	-5819.061678	-6301.940106	-0.424974	5.038315	7.087425	14.301546	22.992339	32.151485	39.196339	41.863250	42.956616	42.893931	42.135166	39.109309	-183.378091	-433.343494	-703.721544	-1067.331367	-1675.973124	-2427.351195	-3270.206046	-4118.041594	-4931.489956	-5662.071568	-6248.486441	-6703.867185	1.997124	6.910800	6.161267	4.895752	3.453092	2.517496	0.362785	-3.359849	-7.393661	-11.174057	-13.815565	-16.511725	40
