name	rmr4	rmr5	rmr6	rmr7	rmr8	rmr9	rmr10	rmr11	rmr12	rmr13	rmr14	rmr15	rcr4	rcr5	rcr6	rcr7	rcr8	rcr9	rcr10	rcr11	rcr12	rcr13	rcr14	rcr15	fmr4	fmr5	fmr6	fmr7	fmr8	fmr9	fmr10	fmr11	fmr12	fmr13	fmr14	fmr15	fcr4	fcr5	fcr6	fcr7	fcr8	fcr9	fcr10	fcr11	fcr12	fcr13	fcr14	fcr15	rmc4	rmc5	rmc6	rmc7	rmc8	rmc9	rmc10	rmc11	rmc12	rmc13	rmc14	rmc15	rcc4	rcc5	rcc6	rcc7	rcc8	rcc9	rcc10	rcc11	rcc12	rcc13	rcc14	rcc15	fmc4	fmc5	fmc6	fmc7	fmc8	fmc9	fmc10	fmc11	fmc12	fmc13	fmc14	fmc15	fcc4	fcc5	fcc6	fcc7	fcc8	fcc9	fcc10	fcc11	fcc12	fcc13	fcc14	fcc15	size
3arv_ligand	-12.290723	-9.133734	-9.055713	-1.265745	25.192714	41.148678	53.667794	63.734823	68.302164	78.501228	107.337473	115.347139	3.485782	15.510981	21.440578	29.596261	41.556928	49.510641	58.844068	67.717127	72.414039	81.910914	92.748056	100.009228	-5.280327	9.584609	18.156113	19.433784	25.687115	24.415549	23.127093	23.275112	20.604075	22.584951	28.241710	28.717762	2.426807	17.398336	25.971680	30.771707	34.420531	34.900099	35.410446	36.828499	34.983614	36.564449	37.220540	37.694067	-141.063849	-312.102292	-494.488366	-726.159320	-1122.339966	-1658.436482	-2376.435206	-3350.922240	-4597.650626	-6131.595841	-7973.129614	-10117.179929	1.541275	14.289026	19.768678	29.010485	47.111088	58.559609	69.116177	78.402387	82.730024	90.413560	98.646125	103.231772	-139.032932	-305.109841	-494.250712	-764.470999	-1243.591982	-1867.856300	-2683.608163	-3763.175020	-5108.033287	-6720.814910	-8628.406220	-10830.529330	3.181291	21.674763	31.136023	35.677539	40.635057	41.104930	41.556480	42.928310	40.950676	42.274392	42.663103	42.974665	40
