name	rmr4	rmr5	rmr6	rmr7	rmr8	rmr9	rmr10	rmr11	rmr12	rmr13	rmr14	rmr15	rcr4	rcr5	rcr6	rcr7	rcr8	rcr9	rcr10	rcr11	rcr12	rcr13	rcr14	rcr15	fmr4	fmr5	fmr6	fmr7	fmr8	fmr9	fmr10	fmr11	fmr12	fmr13	fmr14	fmr15	fcr4	fcr5	fcr6	fcr7	fcr8	fcr9	fcr10	fcr11	fcr12	fcr13	fcr14	fcr15	rmc4	rmc5	rmc6	rmc7	rmc8	rmc9	rmc10	rmc11	rmc12	rmc13	rmc14	rmc15	rcc4	rcc5	rcc6	rcc7	rcc8	rcc9	rcc10	rcc11	rcc12	rcc13	rcc14	rcc15	fmc4	fmc5	fmc6	fmc7	fmc8	fmc9	fmc10	fmc11	fmc12	fmc13	fmc14	fmc15	fcc4	fcc5	fcc6	fcc7	fcc8	fcc9	fcc10	fcc11	fcc12	fcc13	fcc14	fcc15	size
3ary_ligand	-3.777282	6.788086	15.794676	26.550390	47.405993	63.457548	68.232643	79.756878	100.641553	105.905386	129.743547	130.087313	13.102347	24.884133	34.586920	45.663111	40.635539	47.636736	49.304820	48.658410	51.676648	55.537500	68.933558	80.558884	-3.624364	18.003213	33.985044	39.436857	43.815517	46.553567	41.367674	38.355003	44.133440	43.122834	51.379564	52.627601	8.478293	25.325353	41.146948	50.830659	47.877292	52.448932	48.167057	44.226144	47.462003	48.527495	55.210423	56.860411	-113.163631	-241.480330	-354.366370	-504.167879	-811.703310	-1184.155648	-1703.811752	-2446.101575	-3376.378459	-4488.752836	-5836.539537	-7344.245567	4.708941	18.859312	29.263582	39.926173	34.835891	41.138511	40.628088	35.464160	33.576436	32.071179	38.164441	42.085578	-114.414099	-235.943026	-347.313546	-519.345939	-878.384936	-1303.751380	-1890.029575	-2707.247554	-3702.935296	-4864.614117	-6255.339417	-7800.936455	3.963938	25.852571	42.355860	52.200704	49.802905	54.371622	50.157564	45.834290	48.752435	49.640879	55.987600	57.599790	26
