name	rmr4	rmr5	rmr6	rmr7	rmr8	rmr9	rmr10	rmr11	rmr12	rmr13	rmr14	rmr15	rcr4	rcr5	rcr6	rcr7	rcr8	rcr9	rcr10	rcr11	rcr12	rcr13	rcr14	rcr15	fmr4	fmr5	fmr6	fmr7	fmr8	fmr9	fmr10	fmr11	fmr12	fmr13	fmr14	fmr15	fcr4	fcr5	fcr6	fcr7	fcr8	fcr9	fcr10	fcr11	fcr12	fcr13	fcr14	fcr15	rmc4	rmc5	rmc6	rmc7	rmc8	rmc9	rmc10	rmc11	rmc12	rmc13	rmc14	rmc15	rcc4	rcc5	rcc6	rcc7	rcc8	rcc9	rcc10	rcc11	rcc12	rcc13	rcc14	rcc15	fmc4	fmc5	fmc6	fmc7	fmc8	fmc9	fmc10	fmc11	fmc12	fmc13	fmc14	fmc15	fcc4	fcc5	fcc6	fcc7	fcc8	fcc9	fcc10	fcc11	fcc12	fcc13	fcc14	fcc15	size
3ary_ligand	-1.380759	-3.941212	-1.988471	2.864874	1.779335	1.874779	-2.598174	-7.804946	-13.170307	-16.534252	-15.096191	-12.111911	9.454213	12.086677	16.743950	23.807044	18.299954	18.090391	17.921388	16.327783	14.711172	13.707020	13.982004	13.018537	3.226054	6.817697	12.230168	19.930847	21.634207	23.844475	25.905782	26.465988	28.662161	30.575275	39.456487	48.084962	11.203509	12.287118	17.833593	24.756884	25.302759	27.680117	27.559764	26.735231	24.957200	22.320770	20.124294	16.916365	-139.917736	-331.527025	-512.230770	-736.324698	-1131.974695	-1612.949554	-2160.490751	-2782.172437	-3371.099943	-3900.156074	-4314.668755	-4627.984588	7.306596	9.931413	14.771769	22.764892	20.488013	22.498472	23.472506	22.755926	21.559553	20.643641	20.858806	19.779030	-136.469828	-331.476059	-521.736863	-777.840415	-1235.903242	-1779.687350	-2383.930031	-3054.072857	-3667.256142	-4195.550724	-4591.122293	-4883.223643	10.344513	12.089871	16.588068	22.979161	23.809056	25.781295	25.440943	24.468564	22.536994	20.245622	18.750771	16.255834	26
