name	rmr4	rmr5	rmr6	rmr7	rmr8	rmr9	rmr10	rmr11	rmr12	rmr13	rmr14	rmr15	rcr4	rcr5	rcr6	rcr7	rcr8	rcr9	rcr10	rcr11	rcr12	rcr13	rcr14	rcr15	fmr4	fmr5	fmr6	fmr7	fmr8	fmr9	fmr10	fmr11	fmr12	fmr13	fmr14	fmr15	fcr4	fcr5	fcr6	fcr7	fcr8	fcr9	fcr10	fcr11	fcr12	fcr13	fcr14	fcr15	rmc4	rmc5	rmc6	rmc7	rmc8	rmc9	rmc10	rmc11	rmc12	rmc13	rmc14	rmc15	rcc4	rcc5	rcc6	rcc7	rcc8	rcc9	rcc10	rcc11	rcc12	rcc13	rcc14	rcc15	fmc4	fmc5	fmc6	fmc7	fmc8	fmc9	fmc10	fmc11	fmc12	fmc13	fmc14	fmc15	fcc4	fcc5	fcc6	fcc7	fcc8	fcc9	fcc10	fcc11	fcc12	fcc13	fcc14	fcc15	size
3b1m_ligand	-22.362079	-38.866728	-42.654757	-46.451272	-45.582588	-49.494010	-60.446041	-69.720330	-79.098547	-84.244134	-88.048214	-88.761355	-19.888359	-17.535275	-10.151749	-4.699769	-0.260004	6.380797	14.751265	25.207580	33.021291	40.850904	43.809045	43.290168	-18.505245	-26.617985	-24.823222	-24.936721	-26.145014	-26.155232	-26.966397	-26.394180	-22.889769	-15.124754	-7.722171	3.453590	-19.852427	-19.061704	-15.184674	-14.637768	-15.554133	-15.304475	-17.608303	-21.040082	-24.723259	-27.807376	-34.066161	-40.428609	-149.340988	-488.475356	-959.429209	-1554.065148	-2435.430372	-3635.911287	-5074.377501	-6677.386664	-8343.245551	-9961.468640	-11409.753280	-12625.796919	-19.885980	-20.003035	-11.137359	-3.178593	7.252017	19.346901	30.211805	42.283318	51.304447	59.440868	62.423803	61.894021	-145.969450	-498.021106	-1020.550722	-1708.219687	-2736.629064	-4115.107108	-5720.171446	-7464.264286	-9220.413244	-10865.765277	-12293.123440	-13471.076026	-18.734954	-18.657350	-14.356147	-13.804055	-14.411852	-14.009261	-16.418267	-19.890103	-23.649348	-25.850620	-30.466420	-35.234627	65
