name	rmr4	rmr5	rmr6	rmr7	rmr8	rmr9	rmr10	rmr11	rmr12	rmr13	rmr14	rmr15	rcr4	rcr5	rcr6	rcr7	rcr8	rcr9	rcr10	rcr11	rcr12	rcr13	rcr14	rcr15	fmr4	fmr5	fmr6	fmr7	fmr8	fmr9	fmr10	fmr11	fmr12	fmr13	fmr14	fmr15	fcr4	fcr5	fcr6	fcr7	fcr8	fcr9	fcr10	fcr11	fcr12	fcr13	fcr14	fcr15	rmc4	rmc5	rmc6	rmc7	rmc8	rmc9	rmc10	rmc11	rmc12	rmc13	rmc14	rmc15	rcc4	rcc5	rcc6	rcc7	rcc8	rcc9	rcc10	rcc11	rcc12	rcc13	rcc14	rcc15	fmc4	fmc5	fmc6	fmc7	fmc8	fmc9	fmc10	fmc11	fmc12	fmc13	fmc14	fmc15	fcc4	fcc5	fcc6	fcc7	fcc8	fcc9	fcc10	fcc11	fcc12	fcc13	fcc14	fcc15	size
3b1m_ligand	-10.948957	-41.174237	-63.982183	-55.197568	-24.130352	3.610947	19.055479	26.227045	26.727995	33.177883	49.624451	44.290638	0.980542	-8.445227	-11.765824	0.599263	21.830005	44.916207	66.000521	83.175742	96.245499	109.556868	119.202842	127.366381	-10.433390	-22.645279	-22.563598	-10.612459	0.021673	10.983743	11.693233	9.814192	10.055102	13.535076	9.024948	8.645926	-3.977540	-9.705593	-8.232025	4.562552	14.316639	24.439244	26.157599	24.957602	25.568127	28.234608	28.358650	27.795608	-101.157040	-417.242840	-855.801743	-1386.232847	-2171.364837	-3301.974086	-4736.724571	-6530.692818	-8708.855522	-11240.996515	-14079.417762	-17176.237080	-0.122952	-13.518913	-16.077957	-1.744785	25.568021	54.412065	77.226926	95.155286	108.694323	120.674680	127.995085	133.659878	-104.414547	-426.756709	-904.807030	-1513.951477	-2440.505343	-3754.781996	-5374.426526	-7350.364630	-9683.558234	-12321.837891	-15227.985621	-18377.947007	-3.864431	-11.084499	-9.091594	3.768080	14.092524	24.848092	26.598342	25.446262	26.140178	29.189622	30.085920	30.538658	65
