name	rmr4	rmr5	rmr6	rmr7	rmr8	rmr9	rmr10	rmr11	rmr12	rmr13	rmr14	rmr15	rcr4	rcr5	rcr6	rcr7	rcr8	rcr9	rcr10	rcr11	rcr12	rcr13	rcr14	rcr15	fmr4	fmr5	fmr6	fmr7	fmr8	fmr9	fmr10	fmr11	fmr12	fmr13	fmr14	fmr15	fcr4	fcr5	fcr6	fcr7	fcr8	fcr9	fcr10	fcr11	fcr12	fcr13	fcr14	fcr15	rmc4	rmc5	rmc6	rmc7	rmc8	rmc9	rmc10	rmc11	rmc12	rmc13	rmc14	rmc15	rcc4	rcc5	rcc6	rcc7	rcc8	rcc9	rcc10	rcc11	rcc12	rcc13	rcc14	rcc15	fmc4	fmc5	fmc6	fmc7	fmc8	fmc9	fmc10	fmc11	fmc12	fmc13	fmc14	fmc15	fcc4	fcc5	fcc6	fcc7	fcc8	fcc9	fcc10	fcc11	fcc12	fcc13	fcc14	fcc15	size
3b27_ligand	-7.772112	-8.452061	-18.133599	-18.594918	6.854910	27.475678	41.992594	56.307420	59.713840	61.665430	70.690407	72.625080	0.773878	6.595165	2.270370	-0.289161	7.476755	13.620554	26.265183	39.543468	42.165751	45.898684	48.758949	53.692326	-6.294774	-2.224858	-2.151816	-0.980302	11.366021	18.813886	21.553390	24.563300	24.833027	26.453024	22.834917	24.229435	-1.788263	3.250503	2.748578	3.790563	11.064559	16.231838	21.254896	24.492817	25.148751	27.016649	27.550241	29.292420	-71.989510	-209.000949	-408.916981	-658.604575	-1059.461556	-1634.504592	-2305.069567	-3125.879150	-4127.640003	-5324.149833	-6621.590477	-8031.767914	-3.317553	0.143846	-5.940655	-7.359623	6.579083	16.000661	28.438975	40.440411	41.324866	42.255355	41.947810	43.759358	-72.475301	-211.363142	-424.876501	-708.055665	-1183.094369	-1845.458076	-2594.710990	-3495.429375	-4559.714711	-5801.010002	-7121.988731	-8551.480563	-3.609973	1.808928	1.314318	2.887046	12.225130	18.036759	22.992822	26.469515	27.384604	29.592148	30.973762	33.608076	25
