name	rmr4	rmr5	rmr6	rmr7	rmr8	rmr9	rmr10	rmr11	rmr12	rmr13	rmr14	rmr15	rcr4	rcr5	rcr6	rcr7	rcr8	rcr9	rcr10	rcr11	rcr12	rcr13	rcr14	rcr15	fmr4	fmr5	fmr6	fmr7	fmr8	fmr9	fmr10	fmr11	fmr12	fmr13	fmr14	fmr15	fcr4	fcr5	fcr6	fcr7	fcr8	fcr9	fcr10	fcr11	fcr12	fcr13	fcr14	fcr15	rmc4	rmc5	rmc6	rmc7	rmc8	rmc9	rmc10	rmc11	rmc12	rmc13	rmc14	rmc15	rcc4	rcc5	rcc6	rcc7	rcc8	rcc9	rcc10	rcc11	rcc12	rcc13	rcc14	rcc15	fmc4	fmc5	fmc6	fmc7	fmc8	fmc9	fmc10	fmc11	fmc12	fmc13	fmc14	fmc15	fcc4	fcc5	fcc6	fcc7	fcc8	fcc9	fcc10	fcc11	fcc12	fcc13	fcc14	fcc15	size
3b5r_ligand	-6.090713	-27.818770	-50.266242	-51.839900	-22.366397	-10.069836	-6.672273	-5.601283	-5.991255	-7.099239	-3.032785	-1.771282	-3.897015	-7.777290	-6.701961	4.470284	40.708149	71.616761	108.300486	148.739562	189.063513	225.897497	255.908844	288.203422	-3.963524	-12.402000	-13.962021	-12.647837	1.476120	4.046126	6.457150	9.856561	16.376813	25.739003	26.041658	35.976696	-8.778469	-12.830573	-11.533150	-7.836116	7.362236	10.691705	13.632201	17.295639	20.622031	28.102921	26.905248	32.204645	-136.075179	-451.972526	-878.958290	-1417.501184	-2128.924940	-3168.615725	-4508.584749	-6167.187828	-8075.761280	-10334.740771	-12803.968490	-15412.742039	-2.273583	-7.134797	-2.065320	14.548714	60.545578	103.742564	149.473188	198.530378	246.420545	289.253142	323.592294	359.544665	-136.174480	-462.062585	-934.320880	-1560.300587	-2411.575146	-3646.287399	-5189.477525	-7048.802780	-9122.616572	-11501.453015	-14052.633353	-16722.380826	-5.990494	-10.436278	-8.484952	-5.594211	8.755950	12.661341	15.474703	18.959417	21.972926	29.587540	28.939686	35.010400	41
