name	rmr4	rmr5	rmr6	rmr7	rmr8	rmr9	rmr10	rmr11	rmr12	rmr13	rmr14	rmr15	rcr4	rcr5	rcr6	rcr7	rcr8	rcr9	rcr10	rcr11	rcr12	rcr13	rcr14	rcr15	fmr4	fmr5	fmr6	fmr7	fmr8	fmr9	fmr10	fmr11	fmr12	fmr13	fmr14	fmr15	fcr4	fcr5	fcr6	fcr7	fcr8	fcr9	fcr10	fcr11	fcr12	fcr13	fcr14	fcr15	rmc4	rmc5	rmc6	rmc7	rmc8	rmc9	rmc10	rmc11	rmc12	rmc13	rmc14	rmc15	rcc4	rcc5	rcc6	rcc7	rcc8	rcc9	rcc10	rcc11	rcc12	rcc13	rcc14	rcc15	fmc4	fmc5	fmc6	fmc7	fmc8	fmc9	fmc10	fmc11	fmc12	fmc13	fmc14	fmc15	fcc4	fcc5	fcc6	fcc7	fcc8	fcc9	fcc10	fcc11	fcc12	fcc13	fcc14	fcc15	size
3b5r_ligand	3.010718	-15.947145	-21.483488	-24.969330	-26.187925	-31.388914	-44.142398	-56.538972	-66.334309	-70.770424	-71.419095	-70.632499	-0.446076	-3.061689	5.206023	16.007643	26.107746	42.220155	60.490606	80.118461	92.087357	101.685167	104.633497	102.681922	6.257650	-5.404805	-6.017768	-9.803813	-13.701330	-16.010378	-16.554429	-16.537716	-13.372805	-6.372010	2.538500	12.788989	-1.926780	-7.483759	-6.205973	-8.661278	-12.400000	-14.926704	-18.719721	-24.802496	-33.614967	-41.650633	-49.993382	-57.416827	-144.614067	-459.271643	-887.455555	-1433.667249	-2183.488876	-3209.122630	-4451.963446	-5878.376677	-7286.400587	-8629.233530	-9766.001824	-10743.109457	-0.049326	-2.584917	10.116998	26.485481	45.852654	72.744730	98.867956	125.370561	141.466235	153.028519	156.112770	153.464960	-141.172261	-468.636868	-950.728317	-1590.562119	-2474.190645	-3675.119458	-5086.399324	-6665.106166	-8161.832601	-9533.129746	-10646.688303	-11587.687297	-0.699431	-6.337626	-4.395659	-7.694698	-12.269387	-14.909500	-19.511718	-26.576095	-36.927535	-45.462089	-53.440548	-60.523456	41
