name	rmr4	rmr5	rmr6	rmr7	rmr8	rmr9	rmr10	rmr11	rmr12	rmr13	rmr14	rmr15	rcr4	rcr5	rcr6	rcr7	rcr8	rcr9	rcr10	rcr11	rcr12	rcr13	rcr14	rcr15	fmr4	fmr5	fmr6	fmr7	fmr8	fmr9	fmr10	fmr11	fmr12	fmr13	fmr14	fmr15	fcr4	fcr5	fcr6	fcr7	fcr8	fcr9	fcr10	fcr11	fcr12	fcr13	fcr14	fcr15	rmc4	rmc5	rmc6	rmc7	rmc8	rmc9	rmc10	rmc11	rmc12	rmc13	rmc14	rmc15	rcc4	rcc5	rcc6	rcc7	rcc8	rcc9	rcc10	rcc11	rcc12	rcc13	rcc14	rcc15	fmc4	fmc5	fmc6	fmc7	fmc8	fmc9	fmc10	fmc11	fmc12	fmc13	fmc14	fmc15	fcc4	fcc5	fcc6	fcc7	fcc8	fcc9	fcc10	fcc11	fcc12	fcc13	fcc14	fcc15	size
3b65_ligand	-15.895363	-25.845826	-47.206176	-49.618307	-30.309849	-21.716041	-9.733412	-11.704460	-12.326644	-14.640426	-3.555907	-10.030573	-7.572184	-6.497591	-2.665397	8.262502	30.368782	52.624226	91.775102	116.598513	144.600512	172.532549	205.512409	222.731448	-13.510144	-12.808488	-16.685153	-14.367967	-9.207406	-6.965014	1.055349	4.269231	11.024217	21.471192	30.440076	35.539796	-10.499213	-8.952979	-8.764473	-5.320992	-0.193206	2.785353	11.251705	14.467313	20.243639	28.656702	37.301677	40.582695	-139.856472	-412.384445	-793.470371	-1279.727130	-1934.080669	-2855.871534	-4066.494673	-5546.831967	-7264.186410	-9237.342267	-11451.372508	-13757.100725	-8.201375	-8.732932	-2.136134	12.131737	40.689868	69.810641	113.741658	142.534884	174.093708	204.161957	238.420867	256.554446	-139.740829	-418.434677	-843.279802	-1408.411521	-2186.465942	-3266.889685	-4659.098482	-6299.775790	-8151.155051	-10216.261172	-12499.512171	-14845.411478	-9.501938	-8.193187	-7.362357	-4.257150	0.386266	3.350902	11.846991	14.999928	20.707906	29.405674	38.614415	42.754766	39
