name	rmr4	rmr5	rmr6	rmr7	rmr8	rmr9	rmr10	rmr11	rmr12	rmr13	rmr14	rmr15	rcr4	rcr5	rcr6	rcr7	rcr8	rcr9	rcr10	rcr11	rcr12	rcr13	rcr14	rcr15	fmr4	fmr5	fmr6	fmr7	fmr8	fmr9	fmr10	fmr11	fmr12	fmr13	fmr14	fmr15	fcr4	fcr5	fcr6	fcr7	fcr8	fcr9	fcr10	fcr11	fcr12	fcr13	fcr14	fcr15	rmc4	rmc5	rmc6	rmc7	rmc8	rmc9	rmc10	rmc11	rmc12	rmc13	rmc14	rmc15	rcc4	rcc5	rcc6	rcc7	rcc8	rcc9	rcc10	rcc11	rcc12	rcc13	rcc14	rcc15	fmc4	fmc5	fmc6	fmc7	fmc8	fmc9	fmc10	fmc11	fmc12	fmc13	fmc14	fmc15	fcc4	fcc5	fcc6	fcc7	fcc8	fcc9	fcc10	fcc11	fcc12	fcc13	fcc14	fcc15	size
3b68_ligand	-24.748017	-47.685134	-66.702955	-73.444366	-50.343838	-42.432762	-50.738412	-60.470786	-70.225256	-81.199511	-79.227925	-81.938325	-16.858326	-21.773487	-18.065270	-8.132256	21.545248	49.388526	78.169072	106.870898	142.463666	168.428952	195.206630	225.934429	-20.212129	-26.266957	-21.780949	-17.516154	-5.227396	2.114201	5.869926	8.903260	14.079117	21.789023	23.872129	33.838369	-20.559351	-24.901105	-19.606701	-12.835604	-0.664229	5.709201	8.280867	9.995736	13.076036	19.258466	22.556516	27.887240	-181.947882	-552.731321	-1026.708241	-1632.101555	-2463.945017	-3588.207069	-5072.810764	-6869.371854	-9005.527889	-11486.924571	-14234.578336	-17103.209169	-16.473899	-21.402328	-13.886257	2.366403	44.264057	84.551288	123.742548	161.438726	205.794929	238.588277	270.590088	305.683653	-180.899414	-564.746492	-1083.765284	-1780.588897	-2773.591959	-4090.661170	-5788.547869	-7786.119069	-10101.589491	-12701.154200	-15530.665552	-18462.488884	-19.423536	-23.626444	-18.434807	-12.802839	-0.986520	4.832888	7.181330	8.580345	11.391084	17.681630	21.560637	27.728429	49
