name	rmr4	rmr5	rmr6	rmr7	rmr8	rmr9	rmr10	rmr11	rmr12	rmr13	rmr14	rmr15	rcr4	rcr5	rcr6	rcr7	rcr8	rcr9	rcr10	rcr11	rcr12	rcr13	rcr14	rcr15	fmr4	fmr5	fmr6	fmr7	fmr8	fmr9	fmr10	fmr11	fmr12	fmr13	fmr14	fmr15	fcr4	fcr5	fcr6	fcr7	fcr8	fcr9	fcr10	fcr11	fcr12	fcr13	fcr14	fcr15	rmc4	rmc5	rmc6	rmc7	rmc8	rmc9	rmc10	rmc11	rmc12	rmc13	rmc14	rmc15	rcc4	rcc5	rcc6	rcc7	rcc8	rcc9	rcc10	rcc11	rcc12	rcc13	rcc14	rcc15	fmc4	fmc5	fmc6	fmc7	fmc8	fmc9	fmc10	fmc11	fmc12	fmc13	fmc14	fmc15	fcc4	fcc5	fcc6	fcc7	fcc8	fcc9	fcc10	fcc11	fcc12	fcc13	fcc14	fcc15	size
3b68_ligand	-17.314389	-35.508501	-40.592455	-44.882981	-47.761112	-52.416203	-67.349729	-80.100234	-88.834879	-93.652198	-94.411392	-91.167097	-18.866516	-23.867938	-17.574215	-7.516728	2.233453	18.417869	37.162693	53.446287	68.295665	76.103505	78.250824	79.256536	-13.614827	-24.958278	-26.376710	-29.482751	-32.953398	-32.380610	-30.132367	-28.859474	-22.156962	-13.123364	-3.636969	8.948558	-21.035394	-30.146351	-30.760322	-33.136414	-36.458040	-37.218915	-39.117092	-46.217006	-53.132282	-61.668695	-71.025608	-78.750434	-199.173790	-573.153319	-1050.402922	-1664.684972	-2528.985578	-3642.559024	-5023.357087	-6537.264182	-8081.758452	-9496.161476	-10712.170675	-11793.502729	-18.256932	-23.635185	-14.681571	0.019792	19.203180	44.095733	69.553844	90.665034	108.802612	117.751793	119.905136	120.491195	-195.124399	-586.007289	-1115.495857	-1829.465412	-2849.139840	-4139.235971	-5702.070336	-7365.957274	-9005.887801	-10440.892732	-11628.541811	-12675.622130	-19.472281	-28.457341	-29.282673	-32.674794	-36.449750	-38.168309	-40.757702	-48.766027	-56.748556	-65.211114	-73.482433	-80.204737	49
