name	rmr4	rmr5	rmr6	rmr7	rmr8	rmr9	rmr10	rmr11	rmr12	rmr13	rmr14	rmr15	rcr4	rcr5	rcr6	rcr7	rcr8	rcr9	rcr10	rcr11	rcr12	rcr13	rcr14	rcr15	fmr4	fmr5	fmr6	fmr7	fmr8	fmr9	fmr10	fmr11	fmr12	fmr13	fmr14	fmr15	fcr4	fcr5	fcr6	fcr7	fcr8	fcr9	fcr10	fcr11	fcr12	fcr13	fcr14	fcr15	rmc4	rmc5	rmc6	rmc7	rmc8	rmc9	rmc10	rmc11	rmc12	rmc13	rmc14	rmc15	rcc4	rcc5	rcc6	rcc7	rcc8	rcc9	rcc10	rcc11	rcc12	rcc13	rcc14	rcc15	fmc4	fmc5	fmc6	fmc7	fmc8	fmc9	fmc10	fmc11	fmc12	fmc13	fmc14	fmc15	fcc4	fcc5	fcc6	fcc7	fcc8	fcc9	fcc10	fcc11	fcc12	fcc13	fcc14	fcc15	size
3bgz_ligand	-15.588752	-31.768331	-49.606541	-55.898265	-21.424243	-15.797117	-22.122816	-38.585614	-55.720627	-77.737731	-99.804747	-121.481777	-6.651935	-11.254700	-14.803302	-9.107546	9.115627	26.228629	42.882661	48.698556	53.750609	54.796733	55.572682	61.766509	-11.952163	-17.908126	-23.183133	-25.269309	-12.340960	-20.154392	-27.178719	-43.653312	-52.941573	-62.862979	-74.587989	-84.933087	-5.417412	-6.243981	-5.539002	-0.320899	6.580607	7.449214	10.133255	5.875715	10.761765	14.133914	15.186579	16.325625	-88.652082	-278.403316	-540.100246	-891.839657	-1461.349410	-2280.039236	-3256.044858	-4482.910679	-5879.758392	-7388.275490	-8980.890932	-10684.042306	-7.528921	-12.642741	-14.661365	-5.766756	19.778827	43.722538	63.791183	72.487060	80.137399	82.643487	84.269356	91.255054	-86.982431	-280.024006	-563.006093	-973.987274	-1661.285274	-2623.382842	-3721.509024	-5068.645511	-6551.373185	-8101.962851	-9711.721284	-11432.928868	-5.813068	-6.707420	-5.906331	-0.188677	8.431814	10.183253	12.813950	8.546826	13.426881	17.168014	18.937122	20.760732	38
