name	rmr4	rmr5	rmr6	rmr7	rmr8	rmr9	rmr10	rmr11	rmr12	rmr13	rmr14	rmr15	rcr4	rcr5	rcr6	rcr7	rcr8	rcr9	rcr10	rcr11	rcr12	rcr13	rcr14	rcr15	fmr4	fmr5	fmr6	fmr7	fmr8	fmr9	fmr10	fmr11	fmr12	fmr13	fmr14	fmr15	fcr4	fcr5	fcr6	fcr7	fcr8	fcr9	fcr10	fcr11	fcr12	fcr13	fcr14	fcr15	rmc4	rmc5	rmc6	rmc7	rmc8	rmc9	rmc10	rmc11	rmc12	rmc13	rmc14	rmc15	rcc4	rcc5	rcc6	rcc7	rcc8	rcc9	rcc10	rcc11	rcc12	rcc13	rcc14	rcc15	fmc4	fmc5	fmc6	fmc7	fmc8	fmc9	fmc10	fmc11	fmc12	fmc13	fmc14	fmc15	fcc4	fcc5	fcc6	fcc7	fcc8	fcc9	fcc10	fcc11	fcc12	fcc13	fcc14	fcc15	size
3bv9_ligand	-0.150400	-14.081574	-28.740357	-11.099478	15.515724	37.521865	54.978231	73.073465	98.859639	127.749242	164.480418	172.256871	10.910048	4.899996	-2.329738	11.715734	22.164982	32.078153	47.606879	66.346365	93.465171	118.631559	139.643095	151.049947	-7.526121	-14.631568	-6.545318	7.366546	6.700708	8.727780	11.830073	13.789915	13.943975	17.937032	22.269913	21.057121	-2.100139	-8.325785	0.418567	16.854311	17.779948	19.526394	22.743253	24.629210	26.164564	30.680594	35.943800	33.955230	-109.451377	-387.957271	-825.933923	-1337.583538	-2072.171199	-3095.427763	-4444.814776	-6136.132784	-8288.503412	-10794.542445	-13755.885324	-16976.343043	8.695209	-1.330330	-10.463743	2.562975	14.914423	25.093521	37.073626	50.990300	72.535439	90.160674	101.529240	103.464481	-119.616310	-405.712275	-868.835103	-1451.473973	-2308.254886	-3483.776973	-4997.753508	-6858.034000	-9181.316070	-11804.669972	-14851.825964	-18135.090726	-1.996507	-8.554264	-0.071969	16.542281	17.418878	19.144145	22.400163	24.327762	25.741873	30.496607	36.069567	35.045542	98
