name	rmr4	rmr5	rmr6	rmr7	rmr8	rmr9	rmr10	rmr11	rmr12	rmr13	rmr14	rmr15	rcr4	rcr5	rcr6	rcr7	rcr8	rcr9	rcr10	rcr11	rcr12	rcr13	rcr14	rcr15	fmr4	fmr5	fmr6	fmr7	fmr8	fmr9	fmr10	fmr11	fmr12	fmr13	fmr14	fmr15	fcr4	fcr5	fcr6	fcr7	fcr8	fcr9	fcr10	fcr11	fcr12	fcr13	fcr14	fcr15	rmc4	rmc5	rmc6	rmc7	rmc8	rmc9	rmc10	rmc11	rmc12	rmc13	rmc14	rmc15	rcc4	rcc5	rcc6	rcc7	rcc8	rcc9	rcc10	rcc11	rcc12	rcc13	rcc14	rcc15	fmc4	fmc5	fmc6	fmc7	fmc8	fmc9	fmc10	fmc11	fmc12	fmc13	fmc14	fmc15	fcc4	fcc5	fcc6	fcc7	fcc8	fcc9	fcc10	fcc11	fcc12	fcc13	fcc14	fcc15	size
3cj4_ligand	-10.780840	-16.255069	-35.520443	-44.097676	-33.302318	-29.366791	-22.140067	-19.707230	-12.470452	-9.259555	-0.723147	1.174995	-4.133893	-0.750532	-6.449890	-7.405811	3.594672	14.117705	31.304394	44.582948	58.935536	71.716939	85.272217	100.681382	-10.883385	-8.208651	-14.469521	-17.963743	-17.233549	-15.784961	-10.081833	-8.472848	-2.379444	3.289822	5.961535	14.120533	-7.401996	-3.395324	-7.989182	-10.412112	-9.586004	-7.741102	-2.053769	-0.518888	6.415571	10.868047	14.394683	19.573842	-86.797747	-259.702443	-500.039593	-794.174149	-1205.288033	-1782.676905	-2528.545038	-3500.748999	-4627.590302	-5957.036080	-7414.213154	-8969.078301	-4.971382	-3.376235	-8.280803	-7.961032	6.566487	20.569988	38.699366	52.061825	66.497498	78.464960	90.405709	104.156739	-87.956742	-264.468825	-525.228925	-862.423200	-1351.310531	-2024.017363	-2871.749570	-3948.178750	-5155.704776	-6544.064536	-8038.790165	-9622.497376	-6.983716	-3.317522	-8.170342	-10.881281	-10.057451	-7.994446	-2.412604	-0.891925	6.169305	10.908347	15.104286	21.161311	47
