name	rmr4	rmr5	rmr6	rmr7	rmr8	rmr9	rmr10	rmr11	rmr12	rmr13	rmr14	rmr15	rcr4	rcr5	rcr6	rcr7	rcr8	rcr9	rcr10	rcr11	rcr12	rcr13	rcr14	rcr15	fmr4	fmr5	fmr6	fmr7	fmr8	fmr9	fmr10	fmr11	fmr12	fmr13	fmr14	fmr15	fcr4	fcr5	fcr6	fcr7	fcr8	fcr9	fcr10	fcr11	fcr12	fcr13	fcr14	fcr15	rmc4	rmc5	rmc6	rmc7	rmc8	rmc9	rmc10	rmc11	rmc12	rmc13	rmc14	rmc15	rcc4	rcc5	rcc6	rcc7	rcc8	rcc9	rcc10	rcc11	rcc12	rcc13	rcc14	rcc15	fmc4	fmc5	fmc6	fmc7	fmc8	fmc9	fmc10	fmc11	fmc12	fmc13	fmc14	fmc15	fcc4	fcc5	fcc6	fcc7	fcc8	fcc9	fcc10	fcc11	fcc12	fcc13	fcc14	fcc15	size
3coy_ligand	-1.061831	-13.075655	-14.127278	-2.316955	16.693000	37.441844	60.589211	75.033970	80.654647	84.462764	91.592006	80.818660	12.073289	9.204862	9.143731	21.833370	41.519266	57.752135	84.574236	112.193837	128.717688	144.124790	160.608463	158.107654	-10.218456	-13.670085	0.485852	11.711377	15.577277	21.031312	34.103540	43.678277	49.878880	48.942941	51.727107	44.416444	-5.051689	-5.103329	7.704143	20.944192	28.813189	35.986319	49.438779	59.522591	64.707613	61.660129	64.851999	56.578498	-170.059927	-495.905599	-946.108428	-1515.896398	-2256.167449	-3271.678987	-4518.476519	-6129.473239	-7970.454067	-10143.952835	-12601.709702	-15506.421098	11.454560	6.764099	6.507588	20.108018	43.167489	62.382495	89.813759	117.639105	134.251411	148.365337	162.960322	158.203049	-182.870983	-513.587788	-990.361000	-1641.051638	-2502.275595	-3671.931868	-5072.930961	-6852.413078	-8819.245696	-11089.988858	-13610.702067	-16573.618657	-4.004374	-3.671749	8.914948	21.953160	28.757056	35.705374	49.231473	59.381912	64.731490	62.165124	66.013940	58.216553	57
