name	rmr4	rmr5	rmr6	rmr7	rmr8	rmr9	rmr10	rmr11	rmr12	rmr13	rmr14	rmr15	rcr4	rcr5	rcr6	rcr7	rcr8	rcr9	rcr10	rcr11	rcr12	rcr13	rcr14	rcr15	fmr4	fmr5	fmr6	fmr7	fmr8	fmr9	fmr10	fmr11	fmr12	fmr13	fmr14	fmr15	fcr4	fcr5	fcr6	fcr7	fcr8	fcr9	fcr10	fcr11	fcr12	fcr13	fcr14	fcr15	rmc4	rmc5	rmc6	rmc7	rmc8	rmc9	rmc10	rmc11	rmc12	rmc13	rmc14	rmc15	rcc4	rcc5	rcc6	rcc7	rcc8	rcc9	rcc10	rcc11	rcc12	rcc13	rcc14	rcc15	fmc4	fmc5	fmc6	fmc7	fmc8	fmc9	fmc10	fmc11	fmc12	fmc13	fmc14	fmc15	fcc4	fcc5	fcc6	fcc7	fcc8	fcc9	fcc10	fcc11	fcc12	fcc13	fcc14	fcc15	size
3coz_ligand	-5.248505	-17.597645	-12.628054	2.744553	19.882752	37.611205	57.651129	65.660457	66.941202	63.245575	74.295294	65.995449	6.747351	2.398119	5.019434	19.695613	35.861246	49.762833	72.098858	91.868074	103.387099	111.575830	131.704606	131.655305	-11.172942	-17.085593	1.930147	17.643294	21.395305	25.011046	33.289720	37.818386	39.236279	31.890847	38.072199	32.232964	-6.217095	-9.910805	5.023120	20.614658	25.668899	31.686179	39.056714	42.674024	42.682098	34.198899	40.484225	34.353989	-155.085277	-474.987403	-908.938030	-1449.428171	-2171.512875	-3152.825811	-4358.434098	-5940.888947	-7751.102780	-9883.931557	-12343.849912	-15188.179699	6.163130	-0.330749	2.225434	17.878597	37.367837	54.108977	77.020976	96.985883	108.568568	115.482904	133.658852	131.401368	-164.341808	-493.066552	-953.131861	-1571.125401	-2410.020245	-3538.629386	-4894.017274	-6641.426960	-8576.519968	-10803.338098	-13331.326989	-16233.162904	-5.304962	-8.915127	5.939776	21.424734	25.531760	31.294005	38.724546	42.382814	42.511752	34.472478	41.274044	35.610121	54
