name	rmr4	rmr5	rmr6	rmr7	rmr8	rmr9	rmr10	rmr11	rmr12	rmr13	rmr14	rmr15	rcr4	rcr5	rcr6	rcr7	rcr8	rcr9	rcr10	rcr11	rcr12	rcr13	rcr14	rcr15	fmr4	fmr5	fmr6	fmr7	fmr8	fmr9	fmr10	fmr11	fmr12	fmr13	fmr14	fmr15	fcr4	fcr5	fcr6	fcr7	fcr8	fcr9	fcr10	fcr11	fcr12	fcr13	fcr14	fcr15	rmc4	rmc5	rmc6	rmc7	rmc8	rmc9	rmc10	rmc11	rmc12	rmc13	rmc14	rmc15	rcc4	rcc5	rcc6	rcc7	rcc8	rcc9	rcc10	rcc11	rcc12	rcc13	rcc14	rcc15	fmc4	fmc5	fmc6	fmc7	fmc8	fmc9	fmc10	fmc11	fmc12	fmc13	fmc14	fmc15	fcc4	fcc5	fcc6	fcc7	fcc8	fcc9	fcc10	fcc11	fcc12	fcc13	fcc14	fcc15	size
3d6q_ligand	-4.255524	-5.092542	-17.852469	-14.959085	-3.570863	5.883853	1.867784	-2.804453	-3.597291	-5.510282	-9.709331	-22.810918	0.497167	2.226654	-4.807580	-1.217992	6.368009	12.083018	12.564541	15.852577	24.120492	34.322712	40.987670	46.626435	-4.235539	-6.204374	-14.584865	-16.194143	-19.452062	-21.104685	-31.284863	-41.712433	-54.757016	-67.350927	-86.109504	-103.830674	-3.298376	-5.398749	-10.826633	-7.505799	-2.925086	2.744232	1.798695	2.677905	2.994952	6.100475	5.920668	7.970277	-65.432689	-185.318640	-390.244811	-635.630380	-968.705144	-1426.882166	-2025.572751	-2701.117732	-3567.194226	-4607.763111	-5819.627346	-7211.338449	0.212247	1.664505	-5.809601	-0.733813	11.192998	20.435479	22.887695	27.904539	37.913603	48.778721	56.087846	62.600852	-67.556052	-194.879158	-417.656891	-699.045194	-1089.598490	-1615.612853	-2286.003591	-3022.500142	-3955.719152	-5046.936505	-6297.572521	-7722.439858	-3.136155	-4.882849	-10.341564	-7.233777	-2.886624	2.776310	1.826239	2.565838	2.882395	6.090624	6.021088	8.151738	44
