name	rmr4	rmr5	rmr6	rmr7	rmr8	rmr9	rmr10	rmr11	rmr12	rmr13	rmr14	rmr15	rcr4	rcr5	rcr6	rcr7	rcr8	rcr9	rcr10	rcr11	rcr12	rcr13	rcr14	rcr15	fmr4	fmr5	fmr6	fmr7	fmr8	fmr9	fmr10	fmr11	fmr12	fmr13	fmr14	fmr15	fcr4	fcr5	fcr6	fcr7	fcr8	fcr9	fcr10	fcr11	fcr12	fcr13	fcr14	fcr15	rmc4	rmc5	rmc6	rmc7	rmc8	rmc9	rmc10	rmc11	rmc12	rmc13	rmc14	rmc15	rcc4	rcc5	rcc6	rcc7	rcc8	rcc9	rcc10	rcc11	rcc12	rcc13	rcc14	rcc15	fmc4	fmc5	fmc6	fmc7	fmc8	fmc9	fmc10	fmc11	fmc12	fmc13	fmc14	fmc15	fcc4	fcc5	fcc6	fcc7	fcc8	fcc9	fcc10	fcc11	fcc12	fcc13	fcc14	fcc15	size
3dd0_ligand	-4.417863	-10.243738	-4.119100	17.557801	38.053971	77.357411	130.562512	171.911356	185.855735	201.539968	218.570095	222.511476	0.408267	-8.465821	-2.682544	9.679723	15.521682	32.471388	62.392637	84.509543	90.373058	97.901459	106.193495	104.933957	-4.168544	-11.219257	-5.161678	6.908808	5.349968	15.678590	31.657098	42.109126	41.655732	45.525807	47.153603	42.042570	-2.174940	-12.116354	-4.013139	7.969039	8.024899	16.161369	30.685506	39.967083	40.783889	44.502002	47.777541	42.137498	-69.175941	-222.451226	-403.690725	-639.947296	-990.175708	-1490.510347	-2138.667555	-2974.487308	-4018.052823	-5220.810908	-6555.932214	-8108.872051	0.955659	-10.265627	-5.820556	5.873203	12.809738	30.301581	59.588198	80.041606	84.008820	89.212238	94.538229	89.745866	-69.595389	-227.199190	-419.638625	-690.998367	-1102.253694	-1687.087650	-2429.812444	-3356.584006	-4474.263289	-5726.080670	-7092.025283	-8674.583897	-0.129688	-9.792572	-1.661762	10.279017	10.343255	18.770374	33.317694	42.582903	43.406580	47.216105	50.842984	45.553302	26
