name	rmr4	rmr5	rmr6	rmr7	rmr8	rmr9	rmr10	rmr11	rmr12	rmr13	rmr14	rmr15	rcr4	rcr5	rcr6	rcr7	rcr8	rcr9	rcr10	rcr11	rcr12	rcr13	rcr14	rcr15	fmr4	fmr5	fmr6	fmr7	fmr8	fmr9	fmr10	fmr11	fmr12	fmr13	fmr14	fmr15	fcr4	fcr5	fcr6	fcr7	fcr8	fcr9	fcr10	fcr11	fcr12	fcr13	fcr14	fcr15	rmc4	rmc5	rmc6	rmc7	rmc8	rmc9	rmc10	rmc11	rmc12	rmc13	rmc14	rmc15	rcc4	rcc5	rcc6	rcc7	rcc8	rcc9	rcc10	rcc11	rcc12	rcc13	rcc14	rcc15	fmc4	fmc5	fmc6	fmc7	fmc8	fmc9	fmc10	fmc11	fmc12	fmc13	fmc14	fmc15	fcc4	fcc5	fcc6	fcc7	fcc8	fcc9	fcc10	fcc11	fcc12	fcc13	fcc14	fcc15	size
3dx2_ligand	-3.293719	-8.491421	1.777650	7.188239	29.681190	41.744793	54.685858	60.156946	69.015793	90.629839	100.533051	95.952865	-7.724101	-14.017430	-9.982824	-5.431543	12.681244	25.268579	34.641325	38.310384	56.107149	69.189980	76.999641	88.388347	-6.453702	-12.203258	-2.508122	-5.439770	-3.473484	1.137823	1.192751	-3.791337	-0.963315	-6.179865	-13.175974	-10.773938	-19.291129	-27.419589	-24.243578	-25.996133	-23.913664	-19.060251	-19.718062	-24.342409	-23.380371	-27.963572	-33.885222	-34.967394	-116.060963	-271.287430	-465.840929	-697.277629	-1030.149289	-1442.184487	-1970.308001	-2604.714122	-3359.446837	-4336.381048	-5422.907335	-6634.623705	-4.181983	-10.096307	-7.773717	-5.622073	8.413811	18.436173	25.891484	27.220070	41.954771	51.378610	56.670163	65.530637	-119.199018	-276.026122	-481.929939	-745.188613	-1141.752093	-1614.250676	-2213.854560	-2910.247876	-3727.589895	-4761.031891	-5885.550244	-7130.278543	-15.076878	-19.603206	-14.286331	-14.788190	-12.324012	-7.235529	-8.085153	-12.776038	-11.652595	-16.213917	-22.258710	-23.487394	26
