name	rmr4	rmr5	rmr6	rmr7	rmr8	rmr9	rmr10	rmr11	rmr12	rmr13	rmr14	rmr15	rcr4	rcr5	rcr6	rcr7	rcr8	rcr9	rcr10	rcr11	rcr12	rcr13	rcr14	rcr15	fmr4	fmr5	fmr6	fmr7	fmr8	fmr9	fmr10	fmr11	fmr12	fmr13	fmr14	fmr15	fcr4	fcr5	fcr6	fcr7	fcr8	fcr9	fcr10	fcr11	fcr12	fcr13	fcr14	fcr15	rmc4	rmc5	rmc6	rmc7	rmc8	rmc9	rmc10	rmc11	rmc12	rmc13	rmc14	rmc15	rcc4	rcc5	rcc6	rcc7	rcc8	rcc9	rcc10	rcc11	rcc12	rcc13	rcc14	rcc15	fmc4	fmc5	fmc6	fmc7	fmc8	fmc9	fmc10	fmc11	fmc12	fmc13	fmc14	fmc15	fcc4	fcc5	fcc6	fcc7	fcc8	fcc9	fcc10	fcc11	fcc12	fcc13	fcc14	fcc15	size
3dxg_ligand	-7.415181	-12.316939	-30.668773	-31.789891	-12.080735	-3.691385	-8.502705	-10.222632	-20.047640	-39.019875	-63.092745	-90.449311	-4.234561	-2.567350	-8.098042	-0.324868	9.160989	24.164167	34.819039	49.654425	57.588704	62.522559	69.982401	80.740975	-7.447560	-12.724654	-24.104968	-29.539727	-29.672199	-31.360833	-40.961794	-52.759102	-71.867027	-96.739166	-126.553755	-154.693429	-6.911228	-9.412702	-12.982286	-7.149600	-2.542855	9.406807	14.516658	21.263656	23.287219	23.267485	23.660913	28.923701	-60.545349	-181.132072	-390.167654	-641.460543	-984.420987	-1425.388152	-1991.622965	-2658.055456	-3501.463326	-4497.699394	-5706.818965	-7047.245408	-3.812659	-2.224467	-7.113503	3.666660	18.695093	38.007653	51.429590	68.809745	79.232728	85.718087	94.876060	107.476118	-61.294131	-190.957115	-420.275278	-713.568762	-1117.679607	-1625.858503	-2263.740357	-2999.053342	-3905.521697	-4946.654229	-6197.369390	-7571.887988	-6.174820	-8.457862	-11.735973	-5.719673	-1.487037	10.068884	15.055877	21.646542	23.597209	23.745318	24.206183	29.558172	32
