name	rmr4	rmr5	rmr6	rmr7	rmr8	rmr9	rmr10	rmr11	rmr12	rmr13	rmr14	rmr15	rcr4	rcr5	rcr6	rcr7	rcr8	rcr9	rcr10	rcr11	rcr12	rcr13	rcr14	rcr15	fmr4	fmr5	fmr6	fmr7	fmr8	fmr9	fmr10	fmr11	fmr12	fmr13	fmr14	fmr15	fcr4	fcr5	fcr6	fcr7	fcr8	fcr9	fcr10	fcr11	fcr12	fcr13	fcr14	fcr15	rmc4	rmc5	rmc6	rmc7	rmc8	rmc9	rmc10	rmc11	rmc12	rmc13	rmc14	rmc15	rcc4	rcc5	rcc6	rcc7	rcc8	rcc9	rcc10	rcc11	rcc12	rcc13	rcc14	rcc15	fmc4	fmc5	fmc6	fmc7	fmc8	fmc9	fmc10	fmc11	fmc12	fmc13	fmc14	fmc15	fcc4	fcc5	fcc6	fcc7	fcc8	fcc9	fcc10	fcc11	fcc12	fcc13	fcc14	fcc15	size
3e5a_ligand	-9.544501	-23.567872	-41.517096	-47.254231	-2.328830	4.495338	2.384309	-3.576664	-18.038501	-37.690904	-60.276529	-90.531904	1.906396	-3.817046	-9.521974	-7.015825	14.428401	20.152592	35.738197	46.878340	52.277987	55.356020	58.662969	57.299169	-9.876546	-14.466975	-13.717089	-16.110312	1.048454	-5.098942	-12.891293	-24.597536	-37.113713	-54.153262	-69.513255	-85.866316	-3.604939	-6.060835	1.784232	10.390329	25.405366	27.270256	32.233682	35.242489	40.815957	41.874821	44.292667	42.815877	-147.620071	-424.704198	-801.814678	-1257.387646	-1928.503272	-2895.931197	-4152.442663	-5619.179494	-7298.936321	-9176.496020	-11189.248102	-13251.479732	0.544734	-6.702055	-12.112024	-8.834603	16.274787	24.837191	41.037851	52.352489	57.844422	59.898018	61.863536	59.307318	-150.249794	-433.180772	-829.809445	-1342.708849	-2130.475730	-3244.067514	-4660.154903	-6262.443097	-8041.851267	-9978.532943	-12016.716976	-14089.843547	-3.593502	-5.748390	2.260282	10.722409	25.919556	27.916284	32.909598	35.997743	41.768072	43.508661	46.911047	46.583250	62
