name	rmr4	rmr5	rmr6	rmr7	rmr8	rmr9	rmr10	rmr11	rmr12	rmr13	rmr14	rmr15	rcr4	rcr5	rcr6	rcr7	rcr8	rcr9	rcr10	rcr11	rcr12	rcr13	rcr14	rcr15	fmr4	fmr5	fmr6	fmr7	fmr8	fmr9	fmr10	fmr11	fmr12	fmr13	fmr14	fmr15	fcr4	fcr5	fcr6	fcr7	fcr8	fcr9	fcr10	fcr11	fcr12	fcr13	fcr14	fcr15	rmc4	rmc5	rmc6	rmc7	rmc8	rmc9	rmc10	rmc11	rmc12	rmc13	rmc14	rmc15	rcc4	rcc5	rcc6	rcc7	rcc8	rcc9	rcc10	rcc11	rcc12	rcc13	rcc14	rcc15	fmc4	fmc5	fmc6	fmc7	fmc8	fmc9	fmc10	fmc11	fmc12	fmc13	fmc14	fmc15	fcc4	fcc5	fcc6	fcc7	fcc8	fcc9	fcc10	fcc11	fcc12	fcc13	fcc14	fcc15	size
3e92_ligand	0.896713	-10.359633	-15.588614	-0.492421	40.997399	67.533527	90.210439	107.742297	124.921100	133.320285	142.879914	147.280069	16.086568	15.858817	17.217848	28.486579	46.990228	47.367889	56.296476	63.091729	71.367903	75.856697	75.827023	80.575807	-6.044217	-3.696024	11.242600	18.396920	23.713966	18.337265	19.034748	17.574847	21.955640	21.480792	16.142305	20.647180	4.134304	9.315183	26.600604	43.642868	55.345910	50.454577	51.701589	51.029059	57.041614	57.342078	54.959425	57.555242	-126.393882	-420.902099	-793.981366	-1235.142861	-1852.557006	-2717.302217	-3799.706963	-5090.123661	-6610.552288	-8321.008824	-10255.572278	-12446.565796	12.436626	9.859843	11.792719	23.860891	46.088267	49.709238	59.559014	66.669527	75.046671	78.574521	76.953866	79.828601	-136.999364	-435.281520	-825.987957	-1318.488123	-2040.777535	-3035.459279	-4247.264082	-5656.686099	-7273.772802	-9043.753403	-11013.361488	-13238.774595	2.150908	7.212590	24.465286	40.775294	52.018115	46.927872	48.222786	47.694538	53.902770	54.852816	53.313598	56.671187	47
