name	rmr4	rmr5	rmr6	rmr7	rmr8	rmr9	rmr10	rmr11	rmr12	rmr13	rmr14	rmr15	rcr4	rcr5	rcr6	rcr7	rcr8	rcr9	rcr10	rcr11	rcr12	rcr13	rcr14	rcr15	fmr4	fmr5	fmr6	fmr7	fmr8	fmr9	fmr10	fmr11	fmr12	fmr13	fmr14	fmr15	fcr4	fcr5	fcr6	fcr7	fcr8	fcr9	fcr10	fcr11	fcr12	fcr13	fcr14	fcr15	rmc4	rmc5	rmc6	rmc7	rmc8	rmc9	rmc10	rmc11	rmc12	rmc13	rmc14	rmc15	rcc4	rcc5	rcc6	rcc7	rcc8	rcc9	rcc10	rcc11	rcc12	rcc13	rcc14	rcc15	fmc4	fmc5	fmc6	fmc7	fmc8	fmc9	fmc10	fmc11	fmc12	fmc13	fmc14	fmc15	fcc4	fcc5	fcc6	fcc7	fcc8	fcc9	fcc10	fcc11	fcc12	fcc13	fcc14	fcc15	size
3e93_ligand	-15.561364	-34.903648	-54.267492	-46.953194	15.871977	66.424524	74.902683	94.439757	111.272967	114.621125	134.266055	122.345294	-1.554816	-3.265541	-13.141368	0.529444	25.892818	60.729097	73.231485	85.275473	88.542297	98.149096	110.214614	118.550728	-15.209554	-22.729869	-24.227215	-23.945039	-11.740866	2.569908	-6.760154	-10.412078	-15.570178	-15.915392	-13.410329	-12.603165	-7.776683	-6.535011	-5.080860	5.754515	12.635200	27.619704	20.887563	16.987192	14.946379	18.374362	23.512991	20.664037	-160.460253	-496.479485	-993.730022	-1604.564193	-2441.431380	-3532.565363	-4960.214445	-6763.038374	-8806.855645	-11137.303511	-13762.742348	-16780.510318	-3.210789	-7.847393	-18.368206	-4.519511	24.059827	60.984816	73.046807	84.104384	86.362693	93.551054	102.539007	107.410146	-163.910999	-506.684444	-1038.424274	-1737.682475	-2720.024378	-3983.107183	-5590.194286	-7574.007552	-9745.465553	-12159.063383	-14837.449055	-17912.507027	-7.674192	-6.642327	-5.237449	5.424103	11.938359	26.762599	20.142459	16.340123	14.572321	18.728891	24.816832	22.771918	70
