name	rmr4	rmr5	rmr6	rmr7	rmr8	rmr9	rmr10	rmr11	rmr12	rmr13	rmr14	rmr15	rcr4	rcr5	rcr6	rcr7	rcr8	rcr9	rcr10	rcr11	rcr12	rcr13	rcr14	rcr15	fmr4	fmr5	fmr6	fmr7	fmr8	fmr9	fmr10	fmr11	fmr12	fmr13	fmr14	fmr15	fcr4	fcr5	fcr6	fcr7	fcr8	fcr9	fcr10	fcr11	fcr12	fcr13	fcr14	fcr15	rmc4	rmc5	rmc6	rmc7	rmc8	rmc9	rmc10	rmc11	rmc12	rmc13	rmc14	rmc15	rcc4	rcc5	rcc6	rcc7	rcc8	rcc9	rcc10	rcc11	rcc12	rcc13	rcc14	rcc15	fmc4	fmc5	fmc6	fmc7	fmc8	fmc9	fmc10	fmc11	fmc12	fmc13	fmc14	fmc15	fcc4	fcc5	fcc6	fcc7	fcc8	fcc9	fcc10	fcc11	fcc12	fcc13	fcc14	fcc15	size
3ebp_ligand	-14.201010	-21.580712	-28.125520	-27.616685	14.320690	21.586626	19.053239	18.978834	14.903593	-8.164951	-35.123686	-71.029720	3.117485	5.870395	7.259368	15.599273	34.164345	43.497759	49.702822	57.809667	64.002272	69.703789	78.225255	88.215509	-9.638891	-8.813728	-12.509143	-21.897362	-19.298445	-32.965959	-51.226121	-65.249885	-81.288056	-99.253731	-118.511925	-142.149307	2.996788	8.499996	12.666563	15.253699	17.572735	14.031942	9.024703	8.330418	10.805197	12.857488	15.387532	15.407297	-142.697183	-356.439505	-615.758459	-961.285252	-1429.297524	-2057.269054	-2790.783120	-3751.578572	-4876.899914	-6259.034342	-7880.767781	-9713.035679	1.193685	3.527365	5.687178	15.772184	37.576238	49.749830	57.288769	67.033765	74.729746	81.201570	90.080017	100.355472	-140.654369	-356.553380	-634.647261	-1039.747489	-1597.223805	-2325.969375	-3148.165137	-4207.522805	-5410.093538	-6852.448150	-8522.490186	-10402.107587	2.390586	8.425900	12.182940	14.874941	16.651457	12.836501	7.662719	6.909847	9.336211	11.522690	14.204942	14.396298	49
