name	rmr4	rmr5	rmr6	rmr7	rmr8	rmr9	rmr10	rmr11	rmr12	rmr13	rmr14	rmr15	rcr4	rcr5	rcr6	rcr7	rcr8	rcr9	rcr10	rcr11	rcr12	rcr13	rcr14	rcr15	fmr4	fmr5	fmr6	fmr7	fmr8	fmr9	fmr10	fmr11	fmr12	fmr13	fmr14	fmr15	fcr4	fcr5	fcr6	fcr7	fcr8	fcr9	fcr10	fcr11	fcr12	fcr13	fcr14	fcr15	rmc4	rmc5	rmc6	rmc7	rmc8	rmc9	rmc10	rmc11	rmc12	rmc13	rmc14	rmc15	rcc4	rcc5	rcc6	rcc7	rcc8	rcc9	rcc10	rcc11	rcc12	rcc13	rcc14	rcc15	fmc4	fmc5	fmc6	fmc7	fmc8	fmc9	fmc10	fmc11	fmc12	fmc13	fmc14	fmc15	fcc4	fcc5	fcc6	fcc7	fcc8	fcc9	fcc10	fcc11	fcc12	fcc13	fcc14	fcc15	size
3ejr_ligand	-14.010794	-10.594774	-18.420481	-4.056818	35.792721	54.144463	86.574978	120.485169	146.153261	183.111017	226.554633	240.060684	-13.415773	-13.443671	-22.681652	-15.709769	4.979799	12.340451	25.046868	38.277005	55.045596	74.730552	92.578531	103.830322	-16.135162	-14.845679	-18.036879	-20.366573	-17.959697	-22.225807	-22.206401	-20.963459	-22.744518	-22.394221	-21.827214	-20.827597	-24.976194	-27.751395	-30.809417	-28.989959	-23.179926	-24.542876	-24.985482	-24.450855	-26.213551	-24.821447	-24.171012	-23.213108	-172.799480	-396.364556	-709.786935	-1080.657546	-1609.346676	-2290.163759	-3206.758778	-4326.897850	-5731.878883	-7477.270196	-9543.500665	-11917.512295	-6.934871	-6.708326	-16.152292	-8.828279	14.509404	23.389568	36.316695	49.544299	66.134627	84.236418	99.736208	108.373847	-175.415447	-403.823826	-734.484981	-1161.848463	-1792.547618	-2574.937453	-3617.165828	-4853.309938	-6374.253512	-8214.409660	-10355.257301	-12790.526689	-16.466531	-17.270064	-20.632168	-19.165407	-13.663792	-15.622763	-16.101404	-15.522454	-17.232342	-15.814990	-15.113770	-14.046829	55
