name	rmr4	rmr5	rmr6	rmr7	rmr8	rmr9	rmr10	rmr11	rmr12	rmr13	rmr14	rmr15	rcr4	rcr5	rcr6	rcr7	rcr8	rcr9	rcr10	rcr11	rcr12	rcr13	rcr14	rcr15	fmr4	fmr5	fmr6	fmr7	fmr8	fmr9	fmr10	fmr11	fmr12	fmr13	fmr14	fmr15	fcr4	fcr5	fcr6	fcr7	fcr8	fcr9	fcr10	fcr11	fcr12	fcr13	fcr14	fcr15	rmc4	rmc5	rmc6	rmc7	rmc8	rmc9	rmc10	rmc11	rmc12	rmc13	rmc14	rmc15	rcc4	rcc5	rcc6	rcc7	rcc8	rcc9	rcc10	rcc11	rcc12	rcc13	rcc14	rcc15	fmc4	fmc5	fmc6	fmc7	fmc8	fmc9	fmc10	fmc11	fmc12	fmc13	fmc14	fmc15	fcc4	fcc5	fcc6	fcc7	fcc8	fcc9	fcc10	fcc11	fcc12	fcc13	fcc14	fcc15	size
3f3a_ligand	3.757989	-0.412546	-3.023133	-12.243021	-0.639145	2.703026	4.317930	-1.673807	-4.629072	-9.972425	-10.451349	-13.562461	9.409585	7.410743	14.784772	9.014025	15.482496	21.009549	29.475379	30.881604	34.619583	37.578795	37.082648	46.770962	6.476322	11.093249	16.341522	11.911519	15.645616	16.003129	18.711672	18.447738	20.478324	21.612164	21.601502	28.993172	4.043054	4.128008	9.508056	7.281423	10.885462	12.617053	15.312451	15.041888	17.280940	19.355683	20.190141	27.938250	-120.495398	-286.332598	-522.558064	-827.540110	-1256.767551	-1807.914711	-2506.271977	-3363.703673	-4390.178218	-5626.679619	-7075.246613	-8881.739998	10.938562	9.630515	17.115589	13.852809	27.290066	37.579922	48.615739	52.251523	58.024106	61.841394	61.794415	72.130173	-120.903154	-286.003682	-545.353746	-889.793244	-1396.512801	-2032.415375	-2819.518554	-3757.919307	-4853.048701	-6139.463884	-7623.045201	-9476.613866	7.027304	8.664003	13.717229	10.753813	14.006997	14.941526	17.570821	17.297725	19.618428	21.924632	23.082151	30.819953	27
