name	rmr4	rmr5	rmr6	rmr7	rmr8	rmr9	rmr10	rmr11	rmr12	rmr13	rmr14	rmr15	rcr4	rcr5	rcr6	rcr7	rcr8	rcr9	rcr10	rcr11	rcr12	rcr13	rcr14	rcr15	fmr4	fmr5	fmr6	fmr7	fmr8	fmr9	fmr10	fmr11	fmr12	fmr13	fmr14	fmr15	fcr4	fcr5	fcr6	fcr7	fcr8	fcr9	fcr10	fcr11	fcr12	fcr13	fcr14	fcr15	rmc4	rmc5	rmc6	rmc7	rmc8	rmc9	rmc10	rmc11	rmc12	rmc13	rmc14	rmc15	rcc4	rcc5	rcc6	rcc7	rcc8	rcc9	rcc10	rcc11	rcc12	rcc13	rcc14	rcc15	fmc4	fmc5	fmc6	fmc7	fmc8	fmc9	fmc10	fmc11	fmc12	fmc13	fmc14	fmc15	fcc4	fcc5	fcc6	fcc7	fcc8	fcc9	fcc10	fcc11	fcc12	fcc13	fcc14	fcc15	size
3f3a_ligand	15.604320	9.408887	8.806779	7.309986	-0.738540	-8.265789	-16.320673	-23.103953	-25.288461	-25.204446	-23.568260	-18.661174	9.781990	3.170975	8.325377	12.887098	10.228615	11.678427	14.316805	16.264747	17.986856	18.124192	15.989899	13.925540	17.447197	14.967519	16.642746	16.386301	12.277793	12.389580	15.088401	18.452892	22.488693	26.757902	31.192123	37.045731	5.879313	-3.088604	-2.635193	-3.915170	-8.357646	-9.417804	-10.291173	-12.517717	-15.453221	-19.293061	-24.014127	-28.245343	-143.865768	-328.332404	-581.864105	-893.202342	-1347.091032	-1898.645984	-2538.042303	-3196.463296	-3798.745725	-4312.040926	-4703.999394	-4978.036495	12.240610	6.305703	11.952054	17.710539	18.087866	21.834588	25.691605	28.321438	30.269016	30.350013	28.112157	25.898181	-141.053768	-328.766162	-608.559141	-968.144839	-1494.965170	-2124.525710	-2835.970999	-3546.070937	-4170.816053	-4677.254234	-5043.520578	-5290.100937	9.784354	2.136049	2.087255	0.227457	-4.772306	-6.600518	-7.745615	-10.175319	-13.314709	-16.659933	-20.461958	-23.835553	27
