name	rmr4	rmr5	rmr6	rmr7	rmr8	rmr9	rmr10	rmr11	rmr12	rmr13	rmr14	rmr15	rcr4	rcr5	rcr6	rcr7	rcr8	rcr9	rcr10	rcr11	rcr12	rcr13	rcr14	rcr15	fmr4	fmr5	fmr6	fmr7	fmr8	fmr9	fmr10	fmr11	fmr12	fmr13	fmr14	fmr15	fcr4	fcr5	fcr6	fcr7	fcr8	fcr9	fcr10	fcr11	fcr12	fcr13	fcr14	fcr15	rmc4	rmc5	rmc6	rmc7	rmc8	rmc9	rmc10	rmc11	rmc12	rmc13	rmc14	rmc15	rcc4	rcc5	rcc6	rcc7	rcc8	rcc9	rcc10	rcc11	rcc12	rcc13	rcc14	rcc15	fmc4	fmc5	fmc6	fmc7	fmc8	fmc9	fmc10	fmc11	fmc12	fmc13	fmc14	fmc15	fcc4	fcc5	fcc6	fcc7	fcc8	fcc9	fcc10	fcc11	fcc12	fcc13	fcc14	fcc15	size
3fcq_ligand	-4.738731	-4.479526	4.903866	13.859290	29.755132	40.148388	48.941467	53.694897	53.899415	49.516987	44.851616	41.152031	-9.241694	-10.135886	-1.352357	5.170948	15.664532	23.297597	31.063886	36.789052	38.935473	35.709397	30.797847	24.421808	-4.534018	-6.389148	-3.010758	-3.863074	-3.488836	-6.812776	-9.772214	-12.264085	-14.997954	-16.274358	-16.058568	-12.583765	-13.034187	-17.874743	-14.486466	-14.696794	-13.360156	-14.984773	-17.653703	-19.991420	-23.897943	-28.675185	-33.656799	-38.469778	-120.364976	-276.271220	-477.576718	-722.438096	-1075.334469	-1510.986619	-2043.958837	-2597.966685	-3075.840376	-3424.652354	-3652.276930	-3767.127998	-7.091882	-7.989003	1.269067	8.726559	21.361454	30.476870	39.067666	45.191394	47.421560	44.134578	39.227294	32.844347	-118.467607	-280.216061	-504.003401	-790.328309	-1207.987177	-1712.253478	-2315.678345	-2918.220458	-3414.757149	-3748.288192	-3945.456992	-4028.905004	-9.896914	-14.075190	-10.944762	-11.482527	-10.574134	-12.763397	-15.500505	-17.815505	-21.713930	-25.871493	-29.905829	-33.903835	23
