name	rmr4	rmr5	rmr6	rmr7	rmr8	rmr9	rmr10	rmr11	rmr12	rmr13	rmr14	rmr15	rcr4	rcr5	rcr6	rcr7	rcr8	rcr9	rcr10	rcr11	rcr12	rcr13	rcr14	rcr15	fmr4	fmr5	fmr6	fmr7	fmr8	fmr9	fmr10	fmr11	fmr12	fmr13	fmr14	fmr15	fcr4	fcr5	fcr6	fcr7	fcr8	fcr9	fcr10	fcr11	fcr12	fcr13	fcr14	fcr15	rmc4	rmc5	rmc6	rmc7	rmc8	rmc9	rmc10	rmc11	rmc12	rmc13	rmc14	rmc15	rcc4	rcc5	rcc6	rcc7	rcc8	rcc9	rcc10	rcc11	rcc12	rcc13	rcc14	rcc15	fmc4	fmc5	fmc6	fmc7	fmc8	fmc9	fmc10	fmc11	fmc12	fmc13	fmc14	fmc15	fcc4	fcc5	fcc6	fcc7	fcc8	fcc9	fcc10	fcc11	fcc12	fcc13	fcc14	fcc15	size
3fcq_ligand	-8.577128	-15.619317	-27.043888	-34.721831	-35.839947	-34.389309	-36.771655	-45.512295	-56.965344	-70.441154	-82.712840	-102.817852	-2.750370	-5.039888	-2.507060	-1.417002	4.830743	16.542960	27.230627	34.901730	48.455062	56.817888	67.367849	76.788326	-10.483885	-10.648142	-13.181283	-19.541599	-29.403447	-33.302246	-38.343756	-49.598500	-56.472992	-65.238457	-77.572608	-91.686358	-9.689928	-10.807098	-8.512796	-11.842466	-14.782077	-12.670022	-10.548257	-12.899709	-10.261158	-7.394159	-4.821326	-7.459425	-89.411847	-227.829516	-418.559602	-649.041565	-979.165987	-1399.089963	-1972.836149	-2724.957793	-3598.421370	-4605.254188	-5764.874245	-7068.581043	-0.987989	-3.393130	0.041331	2.711747	11.998767	26.380078	39.163824	48.724384	63.987879	73.364707	84.505502	94.471428	-92.188279	-232.038465	-440.238196	-709.105448	-1101.189131	-1592.068129	-2246.797154	-3084.100311	-4029.308776	-5080.924585	-6275.582435	-7615.247868	-7.225260	-8.003520	-5.924470	-9.553584	-12.844933	-11.181031	-9.076725	-11.426753	-8.774661	-5.771799	-2.986468	-5.388516	23
