name	rmr4	rmr5	rmr6	rmr7	rmr8	rmr9	rmr10	rmr11	rmr12	rmr13	rmr14	rmr15	rcr4	rcr5	rcr6	rcr7	rcr8	rcr9	rcr10	rcr11	rcr12	rcr13	rcr14	rcr15	fmr4	fmr5	fmr6	fmr7	fmr8	fmr9	fmr10	fmr11	fmr12	fmr13	fmr14	fmr15	fcr4	fcr5	fcr6	fcr7	fcr8	fcr9	fcr10	fcr11	fcr12	fcr13	fcr14	fcr15	rmc4	rmc5	rmc6	rmc7	rmc8	rmc9	rmc10	rmc11	rmc12	rmc13	rmc14	rmc15	rcc4	rcc5	rcc6	rcc7	rcc8	rcc9	rcc10	rcc11	rcc12	rcc13	rcc14	rcc15	fmc4	fmc5	fmc6	fmc7	fmc8	fmc9	fmc10	fmc11	fmc12	fmc13	fmc14	fmc15	fcc4	fcc5	fcc6	fcc7	fcc8	fcc9	fcc10	fcc11	fcc12	fcc13	fcc14	fcc15	size
3fur_ligand	-25.097243	-50.657623	-49.417345	-34.847670	-6.340807	27.076300	72.948667	91.103923	96.016853	88.524024	98.317079	98.279756	-6.060541	-19.124454	-20.964618	-7.580420	11.652777	34.409306	85.804814	128.450841	155.624666	176.285306	202.524245	219.230184	-20.429394	-36.301867	-28.403744	-16.055683	-7.389336	-3.266910	14.406525	20.021198	22.184762	22.105758	26.619983	21.266623	-7.322251	-16.738505	-12.950477	3.378902	15.286609	18.933487	35.927860	40.506535	41.547261	40.755676	45.216105	40.648766	-147.374822	-475.243683	-839.918058	-1292.140097	-1946.289222	-2868.787130	-4098.447309	-5597.855034	-7464.765334	-9651.770240	-12136.938549	-14874.619813	-8.839780	-22.820807	-20.424947	0.212186	36.194020	68.727356	119.440329	157.390729	181.805421	198.743876	216.091645	225.093961	-147.507610	-482.222473	-877.578868	-1397.631710	-2181.571559	-3266.182643	-4681.507622	-6352.017571	-8367.245724	-10657.272231	-13210.988571	-16006.108344	-9.156386	-18.591503	-15.333391	-0.556873	11.691478	15.706699	32.922654	38.543838	40.079338	40.280858	46.892308	44.680866	43
