name	rmr4	rmr5	rmr6	rmr7	rmr8	rmr9	rmr10	rmr11	rmr12	rmr13	rmr14	rmr15	rcr4	rcr5	rcr6	rcr7	rcr8	rcr9	rcr10	rcr11	rcr12	rcr13	rcr14	rcr15	fmr4	fmr5	fmr6	fmr7	fmr8	fmr9	fmr10	fmr11	fmr12	fmr13	fmr14	fmr15	fcr4	fcr5	fcr6	fcr7	fcr8	fcr9	fcr10	fcr11	fcr12	fcr13	fcr14	fcr15	rmc4	rmc5	rmc6	rmc7	rmc8	rmc9	rmc10	rmc11	rmc12	rmc13	rmc14	rmc15	rcc4	rcc5	rcc6	rcc7	rcc8	rcc9	rcc10	rcc11	rcc12	rcc13	rcc14	rcc15	fmc4	fmc5	fmc6	fmc7	fmc8	fmc9	fmc10	fmc11	fmc12	fmc13	fmc14	fmc15	fcc4	fcc5	fcc6	fcc7	fcc8	fcc9	fcc10	fcc11	fcc12	fcc13	fcc14	fcc15	size
3fv1_ligand	-24.765938	-27.157000	-32.920342	-31.883365	-14.803103	-1.927723	-2.804445	-13.568239	-6.194504	5.155044	13.239165	22.457596	-11.819043	-15.039838	-2.831068	8.686897	25.913016	41.808465	48.632569	45.748344	60.954153	83.184209	84.264896	98.054241	-25.283667	-23.695989	-20.613281	-23.046994	-25.743329	-21.266572	-18.230421	-23.223177	-23.587953	-16.266102	-21.892857	-8.211011	-19.969951	-31.140235	-33.870348	-34.588803	-33.061974	-27.610818	-24.272789	-28.410636	-27.969470	-18.625376	-20.574651	-5.001803	-201.894345	-432.162092	-751.101711	-1145.445816	-1704.406839	-2457.626969	-3504.089836	-4744.785484	-6230.835238	-7912.400773	-9847.261542	-11860.647132	-12.039837	-14.890558	-6.638320	3.089817	23.445645	43.934108	58.418737	63.754706	85.542890	112.249812	121.706023	143.459590	-208.694316	-447.670998	-800.751730	-1255.785610	-1920.824747	-2797.694407	-3986.400149	-5349.284455	-6956.147018	-8717.978701	-10706.182514	-12754.581074	-24.447896	-32.170333	-31.455398	-31.495041	-30.827737	-25.911469	-22.452565	-27.692470	-27.848545	-19.011079	-22.448744	-9.115551	41
