name	rmr4	rmr5	rmr6	rmr7	rmr8	rmr9	rmr10	rmr11	rmr12	rmr13	rmr14	rmr15	rcr4	rcr5	rcr6	rcr7	rcr8	rcr9	rcr10	rcr11	rcr12	rcr13	rcr14	rcr15	fmr4	fmr5	fmr6	fmr7	fmr8	fmr9	fmr10	fmr11	fmr12	fmr13	fmr14	fmr15	fcr4	fcr5	fcr6	fcr7	fcr8	fcr9	fcr10	fcr11	fcr12	fcr13	fcr14	fcr15	rmc4	rmc5	rmc6	rmc7	rmc8	rmc9	rmc10	rmc11	rmc12	rmc13	rmc14	rmc15	rcc4	rcc5	rcc6	rcc7	rcc8	rcc9	rcc10	rcc11	rcc12	rcc13	rcc14	rcc15	fmc4	fmc5	fmc6	fmc7	fmc8	fmc9	fmc10	fmc11	fmc12	fmc13	fmc14	fmc15	fcc4	fcc5	fcc6	fcc7	fcc8	fcc9	fcc10	fcc11	fcc12	fcc13	fcc14	fcc15	size
3fv2_ligand	-22.438683	-12.839135	-17.681468	-15.484595	0.985181	7.570047	5.761435	-1.548235	10.795281	21.144983	31.742829	36.639003	-12.466397	-1.273276	8.461608	19.861462	34.897322	43.117724	48.437268	49.067726	69.139820	88.807120	93.063387	101.917839	-23.702402	-13.458071	-11.610870	-14.691400	-17.204061	-19.945546	-18.342596	-22.688567	-19.944717	-13.333500	-18.820643	-12.233272	-19.415837	-19.180472	-24.790328	-28.314482	-28.531100	-32.229310	-31.173050	-34.310179	-30.428936	-22.987145	-24.075152	-16.006807	-175.464986	-400.975313	-693.730793	-1072.014885	-1604.805944	-2340.530086	-3337.198366	-4515.034616	-5927.967327	-7551.744357	-9384.771050	-11301.193630	-10.496795	-0.011648	6.456739	15.979302	34.148055	46.863408	59.432505	67.887640	94.194455	118.262565	130.438406	146.818695	-181.422409	-422.896252	-745.458530	-1188.250141	-1822.201537	-2679.191537	-3809.408254	-5106.068577	-6635.747093	-8338.021998	-10223.671000	-12175.280760	-21.079494	-19.076713	-20.990225	-23.914693	-24.798018	-28.891933	-27.780006	-31.973281	-28.700505	-21.681997	-24.226101	-18.329196	36
