name	rmr4	rmr5	rmr6	rmr7	rmr8	rmr9	rmr10	rmr11	rmr12	rmr13	rmr14	rmr15	rcr4	rcr5	rcr6	rcr7	rcr8	rcr9	rcr10	rcr11	rcr12	rcr13	rcr14	rcr15	fmr4	fmr5	fmr6	fmr7	fmr8	fmr9	fmr10	fmr11	fmr12	fmr13	fmr14	fmr15	fcr4	fcr5	fcr6	fcr7	fcr8	fcr9	fcr10	fcr11	fcr12	fcr13	fcr14	fcr15	rmc4	rmc5	rmc6	rmc7	rmc8	rmc9	rmc10	rmc11	rmc12	rmc13	rmc14	rmc15	rcc4	rcc5	rcc6	rcc7	rcc8	rcc9	rcc10	rcc11	rcc12	rcc13	rcc14	rcc15	fmc4	fmc5	fmc6	fmc7	fmc8	fmc9	fmc10	fmc11	fmc12	fmc13	fmc14	fmc15	fcc4	fcc5	fcc6	fcc7	fcc8	fcc9	fcc10	fcc11	fcc12	fcc13	fcc14	fcc15	size
3g0w_ligand	-7.450078	-18.044417	-48.611589	-38.698654	-13.491217	22.768462	40.211342	57.117981	66.635857	71.621709	75.928482	80.156900	2.104527	0.860493	-16.883837	-7.432588	7.302738	37.581383	66.719352	98.176738	128.066917	156.758769	177.818359	204.387260	-7.898233	-13.113943	-31.115347	-25.250550	-25.139769	-13.451057	-8.084440	-0.316168	2.499165	9.588356	12.271365	24.712941	-3.288217	-8.121352	-23.187017	-15.208001	-14.997255	-5.053885	-0.125215	5.759654	6.605213	11.243339	12.653840	20.692539	-119.955678	-381.921898	-766.272000	-1213.639887	-1854.431846	-2763.685749	-3942.235778	-5295.111015	-6934.828070	-8863.338339	-11064.721997	-13340.906450	1.203129	-0.189360	-15.595935	-1.633964	22.459564	63.550166	100.526105	138.203060	174.431817	208.007911	232.943553	262.613827	-123.039056	-400.098173	-814.380211	-1330.402914	-2097.198790	-3174.157608	-4524.112514	-6026.086022	-7805.382454	-9834.935788	-12106.892048	-14432.833580	-3.168705	-7.636944	-23.156379	-15.708821	-15.246445	-4.507549	0.414391	5.882174	6.485196	11.225492	13.019248	21.696067	37
