name	rmr4	rmr5	rmr6	rmr7	rmr8	rmr9	rmr10	rmr11	rmr12	rmr13	rmr14	rmr15	rcr4	rcr5	rcr6	rcr7	rcr8	rcr9	rcr10	rcr11	rcr12	rcr13	rcr14	rcr15	fmr4	fmr5	fmr6	fmr7	fmr8	fmr9	fmr10	fmr11	fmr12	fmr13	fmr14	fmr15	fcr4	fcr5	fcr6	fcr7	fcr8	fcr9	fcr10	fcr11	fcr12	fcr13	fcr14	fcr15	rmc4	rmc5	rmc6	rmc7	rmc8	rmc9	rmc10	rmc11	rmc12	rmc13	rmc14	rmc15	rcc4	rcc5	rcc6	rcc7	rcc8	rcc9	rcc10	rcc11	rcc12	rcc13	rcc14	rcc15	fmc4	fmc5	fmc6	fmc7	fmc8	fmc9	fmc10	fmc11	fmc12	fmc13	fmc14	fmc15	fcc4	fcc5	fcc6	fcc7	fcc8	fcc9	fcc10	fcc11	fcc12	fcc13	fcc14	fcc15	size
3g2n_ligand	6.891479	0.533712	-4.791727	2.196079	44.069215	68.444084	77.525504	85.525337	94.047424	96.580037	83.271194	53.979629	14.400692	16.266962	17.393962	26.198345	42.369393	51.368131	61.561330	72.784867	84.594988	102.893523	116.368796	120.643086	-1.074959	-2.431526	-3.470162	-12.845162	-15.152953	-18.574122	-30.695684	-45.045101	-60.774498	-79.414038	-99.913437	-125.149424	0.786228	2.209866	6.380389	9.996533	12.436935	16.664360	16.163828	16.193152	16.442102	17.892631	18.989427	17.100686	-106.738726	-315.102909	-631.927120	-1013.386881	-1527.969277	-2258.617392	-3188.179818	-4340.187164	-5765.858222	-7489.199875	-9468.947882	-11751.099024	15.474083	16.765790	18.709296	28.547857	47.767108	59.537699	70.519632	82.071574	94.085329	111.445749	123.362104	125.869471	-116.752233	-331.776467	-676.528483	-1114.516971	-1723.216694	-2566.179412	-3614.685606	-4882.415377	-6415.796706	-8228.108547	-10268.384033	-12601.502315	3.122460	5.190949	9.641561	12.876603	14.764559	18.818123	18.255669	18.380100	18.673248	20.258712	21.631505	20.004090	37
