name	rmr4	rmr5	rmr6	rmr7	rmr8	rmr9	rmr10	rmr11	rmr12	rmr13	rmr14	rmr15	rcr4	rcr5	rcr6	rcr7	rcr8	rcr9	rcr10	rcr11	rcr12	rcr13	rcr14	rcr15	fmr4	fmr5	fmr6	fmr7	fmr8	fmr9	fmr10	fmr11	fmr12	fmr13	fmr14	fmr15	fcr4	fcr5	fcr6	fcr7	fcr8	fcr9	fcr10	fcr11	fcr12	fcr13	fcr14	fcr15	rmc4	rmc5	rmc6	rmc7	rmc8	rmc9	rmc10	rmc11	rmc12	rmc13	rmc14	rmc15	rcc4	rcc5	rcc6	rcc7	rcc8	rcc9	rcc10	rcc11	rcc12	rcc13	rcc14	rcc15	fmc4	fmc5	fmc6	fmc7	fmc8	fmc9	fmc10	fmc11	fmc12	fmc13	fmc14	fmc15	fcc4	fcc5	fcc6	fcc7	fcc8	fcc9	fcc10	fcc11	fcc12	fcc13	fcc14	fcc15	size
3g2z_ligand	-1.995698	-2.462318	-4.629632	-2.796765	-2.204537	0.202344	1.336679	5.121844	9.832484	16.610186	26.859967	26.466126	-4.247328	-2.847344	-2.238164	-0.944804	-6.149630	-8.726376	-10.932590	-7.170274	-4.466944	0.757098	4.616446	5.942405	-1.806534	-0.278878	6.151647	11.437339	11.856048	12.220071	11.520000	11.115297	13.431917	14.325685	15.409773	15.404957	-8.002864	-7.843448	-1.794960	4.106315	4.344495	5.305296	3.484454	4.654834	7.261361	9.041704	11.089582	10.660287	-52.755670	-134.198101	-265.855486	-424.574617	-675.843023	-1004.190186	-1461.758243	-2016.173532	-2701.982687	-3482.005152	-4388.889408	-5339.597334	1.201473	2.569810	3.242243	4.589749	0.313587	-1.858531	-5.233147	-3.182776	-2.302676	0.654382	1.652432	0.371355	-53.628997	-137.341208	-275.828056	-453.369933	-738.056902	-1107.564714	-1619.330395	-2226.107396	-2956.971399	-3768.437336	-4695.226578	-5658.675619	-1.437275	-0.412541	5.782687	11.771893	12.065740	13.067060	11.192718	12.394979	15.031104	17.042728	19.385498	19.526036	22
