name	rmr4	rmr5	rmr6	rmr7	rmr8	rmr9	rmr10	rmr11	rmr12	rmr13	rmr14	rmr15	rcr4	rcr5	rcr6	rcr7	rcr8	rcr9	rcr10	rcr11	rcr12	rcr13	rcr14	rcr15	fmr4	fmr5	fmr6	fmr7	fmr8	fmr9	fmr10	fmr11	fmr12	fmr13	fmr14	fmr15	fcr4	fcr5	fcr6	fcr7	fcr8	fcr9	fcr10	fcr11	fcr12	fcr13	fcr14	fcr15	rmc4	rmc5	rmc6	rmc7	rmc8	rmc9	rmc10	rmc11	rmc12	rmc13	rmc14	rmc15	rcc4	rcc5	rcc6	rcc7	rcc8	rcc9	rcc10	rcc11	rcc12	rcc13	rcc14	rcc15	fmc4	fmc5	fmc6	fmc7	fmc8	fmc9	fmc10	fmc11	fmc12	fmc13	fmc14	fmc15	fcc4	fcc5	fcc6	fcc7	fcc8	fcc9	fcc10	fcc11	fcc12	fcc13	fcc14	fcc15	size
3gbb_ligand	-17.593668	-14.240962	-23.091326	-21.086190	-6.047113	7.272566	3.683899	-1.544661	7.789306	20.783508	31.436634	35.146988	-7.218025	1.530837	10.598452	21.202385	35.742074	51.540472	54.936586	55.934465	72.672380	95.164141	99.666994	107.184351	-17.054447	-12.471527	-14.617304	-19.499569	-22.857516	-21.004886	-23.789659	-26.743734	-26.189052	-17.363969	-20.177894	-14.573967	-11.659672	-12.125192	-16.523561	-20.156156	-20.255201	-18.355685	-20.182891	-22.960568	-20.810080	-10.109013	-10.331849	-3.394962	-143.891555	-343.709379	-618.122369	-948.933549	-1401.802777	-2043.751500	-2890.046706	-3936.864775	-5183.073182	-6615.460707	-8248.860132	-9987.484533	-7.537138	0.440675	5.353234	14.342599	31.370355	51.334773	60.561552	68.765040	91.177370	117.575056	129.232179	143.833157	-147.317420	-359.798368	-663.546905	-1049.263011	-1587.704827	-2344.806424	-3303.423375	-4458.828736	-5809.454915	-7313.007686	-8994.872315	-10768.126079	-15.098249	-14.201156	-16.553376	-19.730206	-20.750025	-18.919028	-21.134303	-24.518312	-22.730539	-12.407731	-13.805681	-8.533580	34
