name	rmr4	rmr5	rmr6	rmr7	rmr8	rmr9	rmr10	rmr11	rmr12	rmr13	rmr14	rmr15	rcr4	rcr5	rcr6	rcr7	rcr8	rcr9	rcr10	rcr11	rcr12	rcr13	rcr14	rcr15	fmr4	fmr5	fmr6	fmr7	fmr8	fmr9	fmr10	fmr11	fmr12	fmr13	fmr14	fmr15	fcr4	fcr5	fcr6	fcr7	fcr8	fcr9	fcr10	fcr11	fcr12	fcr13	fcr14	fcr15	rmc4	rmc5	rmc6	rmc7	rmc8	rmc9	rmc10	rmc11	rmc12	rmc13	rmc14	rmc15	rcc4	rcc5	rcc6	rcc7	rcc8	rcc9	rcc10	rcc11	rcc12	rcc13	rcc14	rcc15	fmc4	fmc5	fmc6	fmc7	fmc8	fmc9	fmc10	fmc11	fmc12	fmc13	fmc14	fmc15	fcc4	fcc5	fcc6	fcc7	fcc8	fcc9	fcc10	fcc11	fcc12	fcc13	fcc14	fcc15	size
3gc5_ligand	-19.489421	-23.117672	-21.036381	-9.554524	16.044699	49.914805	72.017998	97.025179	109.854363	134.311449	163.240196	172.919682	-15.209092	-21.295641	-22.086374	-16.489823	-9.659236	3.748138	7.527840	11.883629	11.326762	16.060545	18.634741	21.741632	-19.658823	-18.948439	-12.343090	-9.142621	-12.702372	-2.737683	-6.202901	-10.356982	-10.424236	-9.550886	-7.478112	-5.545172	-23.679767	-25.461156	-16.980764	-5.808678	-2.476895	8.794104	8.724875	7.764146	8.935280	11.192705	14.469480	15.203703	-186.998495	-413.305152	-707.499225	-1053.444131	-1534.466275	-2186.990409	-2995.644184	-3984.574797	-5189.247227	-6659.882918	-8406.751294	-10357.103208	-8.134657	-13.292493	-14.822461	-9.947508	-2.617407	10.101589	11.451924	12.666477	8.731195	8.586266	5.005354	1.791258	-188.360051	-411.417472	-717.763902	-1099.814325	-1657.151425	-2405.940269	-3305.555056	-4383.750360	-5661.680618	-7190.325541	-8977.128047	-10962.852923	-13.148552	-11.599399	-3.580085	7.583246	10.446704	21.564877	21.959614	21.502329	23.044217	25.672919	29.303064	30.563470	36
