name	rmr4	rmr5	rmr6	rmr7	rmr8	rmr9	rmr10	rmr11	rmr12	rmr13	rmr14	rmr15	rcr4	rcr5	rcr6	rcr7	rcr8	rcr9	rcr10	rcr11	rcr12	rcr13	rcr14	rcr15	fmr4	fmr5	fmr6	fmr7	fmr8	fmr9	fmr10	fmr11	fmr12	fmr13	fmr14	fmr15	fcr4	fcr5	fcr6	fcr7	fcr8	fcr9	fcr10	fcr11	fcr12	fcr13	fcr14	fcr15	rmc4	rmc5	rmc6	rmc7	rmc8	rmc9	rmc10	rmc11	rmc12	rmc13	rmc14	rmc15	rcc4	rcc5	rcc6	rcc7	rcc8	rcc9	rcc10	rcc11	rcc12	rcc13	rcc14	rcc15	fmc4	fmc5	fmc6	fmc7	fmc8	fmc9	fmc10	fmc11	fmc12	fmc13	fmc14	fmc15	fcc4	fcc5	fcc6	fcc7	fcc8	fcc9	fcc10	fcc11	fcc12	fcc13	fcc14	fcc15	size
3ge7_ligand	-8.753977	-7.358403	-5.485016	11.901004	54.566261	98.062783	121.972341	155.352092	176.744935	215.411449	254.217836	269.416378	-2.786023	-7.896549	-7.785061	-2.647819	15.943206	31.916207	36.218533	45.015257	50.135586	61.687235	67.791932	74.130043	-13.161505	-8.481836	-1.086457	3.209619	1.455986	8.366791	-1.960440	-7.888399	-8.731085	-7.468557	-7.672713	-3.063838	-17.095191	-18.872623	-7.668109	2.114529	8.458342	16.261267	11.673572	9.770463	10.465950	12.122885	13.212670	16.087528	-206.807682	-477.639448	-815.097706	-1254.698858	-1857.955968	-2700.259941	-3685.009890	-4901.159545	-6379.156071	-8247.657462	-10398.146017	-12841.972412	4.806857	0.757242	0.575953	4.620073	23.821832	38.933692	40.462741	45.445593	46.462205	51.602139	50.188635	48.535701	-212.905641	-483.095405	-834.205722	-1327.239287	-2034.953494	-3006.661792	-4101.772206	-5430.379483	-7003.810706	-8955.986328	-11159.849443	-13649.024665	-5.393307	-3.092459	7.971625	17.830053	23.663133	31.375372	27.511873	26.286795	27.491568	29.423159	31.025450	34.495566	53
