name	rmr4	rmr5	rmr6	rmr7	rmr8	rmr9	rmr10	rmr11	rmr12	rmr13	rmr14	rmr15	rcr4	rcr5	rcr6	rcr7	rcr8	rcr9	rcr10	rcr11	rcr12	rcr13	rcr14	rcr15	fmr4	fmr5	fmr6	fmr7	fmr8	fmr9	fmr10	fmr11	fmr12	fmr13	fmr14	fmr15	fcr4	fcr5	fcr6	fcr7	fcr8	fcr9	fcr10	fcr11	fcr12	fcr13	fcr14	fcr15	rmc4	rmc5	rmc6	rmc7	rmc8	rmc9	rmc10	rmc11	rmc12	rmc13	rmc14	rmc15	rcc4	rcc5	rcc6	rcc7	rcc8	rcc9	rcc10	rcc11	rcc12	rcc13	rcc14	rcc15	fmc4	fmc5	fmc6	fmc7	fmc8	fmc9	fmc10	fmc11	fmc12	fmc13	fmc14	fmc15	fcc4	fcc5	fcc6	fcc7	fcc8	fcc9	fcc10	fcc11	fcc12	fcc13	fcc14	fcc15	size
3gnw_ligand	-7.531026	-23.942392	-26.005468	-25.019268	-2.157915	24.897919	55.564440	58.748332	39.745021	16.974792	13.165233	8.131285	7.141628	-1.389728	-1.600226	0.149740	21.491393	41.493357	82.393615	112.434767	124.968977	131.059900	151.262927	169.119771	-9.661928	-16.821562	-9.470407	-9.751386	-3.360663	2.896135	15.850295	15.823652	8.955578	5.382788	10.080625	14.742937	-1.220094	-6.897168	-1.208731	-0.776250	5.799267	8.816503	23.082067	24.955378	21.844041	18.128868	22.427667	26.294653	-166.261371	-442.480195	-832.801761	-1374.526100	-2217.953519	-3468.610593	-5108.322743	-7196.460067	-9899.059329	-13223.777840	-17203.970489	-21688.161738	5.973125	-2.734619	-1.140847	5.346604	38.245172	70.044902	118.679301	155.550827	175.398042	186.252673	209.737738	230.422763	-171.879722	-451.942337	-875.127528	-1504.698632	-2516.985407	-3985.450638	-5859.386587	-8180.347913	-11098.273061	-14588.811726	-18711.020653	-23314.403106	-1.287148	-6.535087	-0.692933	0.219114	9.029152	13.660250	28.226710	30.161265	27.126014	23.209011	27.193144	31.030838	76
