name	rmr4	rmr5	rmr6	rmr7	rmr8	rmr9	rmr10	rmr11	rmr12	rmr13	rmr14	rmr15	rcr4	rcr5	rcr6	rcr7	rcr8	rcr9	rcr10	rcr11	rcr12	rcr13	rcr14	rcr15	fmr4	fmr5	fmr6	fmr7	fmr8	fmr9	fmr10	fmr11	fmr12	fmr13	fmr14	fmr15	fcr4	fcr5	fcr6	fcr7	fcr8	fcr9	fcr10	fcr11	fcr12	fcr13	fcr14	fcr15	rmc4	rmc5	rmc6	rmc7	rmc8	rmc9	rmc10	rmc11	rmc12	rmc13	rmc14	rmc15	rcc4	rcc5	rcc6	rcc7	rcc8	rcc9	rcc10	rcc11	rcc12	rcc13	rcc14	rcc15	fmc4	fmc5	fmc6	fmc7	fmc8	fmc9	fmc10	fmc11	fmc12	fmc13	fmc14	fmc15	fcc4	fcc5	fcc6	fcc7	fcc8	fcc9	fcc10	fcc11	fcc12	fcc13	fcc14	fcc15	size
3gr2_ligand	-1.702115	-0.119493	0.431336	4.632892	20.642806	34.340853	47.122006	57.854124	66.921331	78.105189	89.454708	93.825072	2.197843	7.185254	8.769041	8.857910	13.425361	14.437128	17.909151	19.446660	19.741029	26.148652	28.953756	32.565530	-2.795858	1.264451	7.293613	10.001380	13.153703	14.727601	17.920397	19.172786	16.537942	19.743666	22.377308	28.740107	-1.001168	3.342511	10.489011	15.555688	20.757159	23.640295	27.078239	28.345357	25.923920	28.695311	32.092342	37.683648	-44.902290	-144.264370	-272.738026	-451.979633	-697.269272	-1037.480355	-1480.128140	-2041.573439	-2714.167319	-3473.111100	-4358.795666	-5325.401724	1.285258	4.910323	6.505564	6.269336	11.688349	12.957503	15.242089	14.978692	13.465431	17.632955	17.612730	18.408588	-46.976172	-150.092309	-283.930054	-483.178728	-766.631680	-1152.361246	-1644.781627	-2255.926443	-2973.428647	-3761.775625	-4663.858499	-5641.270430	-1.027740	3.265680	10.356884	15.280344	20.495911	23.373681	26.822431	28.126110	25.807380	28.875242	32.622343	38.689655	24
