name	rmr4	rmr5	rmr6	rmr7	rmr8	rmr9	rmr10	rmr11	rmr12	rmr13	rmr14	rmr15	rcr4	rcr5	rcr6	rcr7	rcr8	rcr9	rcr10	rcr11	rcr12	rcr13	rcr14	rcr15	fmr4	fmr5	fmr6	fmr7	fmr8	fmr9	fmr10	fmr11	fmr12	fmr13	fmr14	fmr15	fcr4	fcr5	fcr6	fcr7	fcr8	fcr9	fcr10	fcr11	fcr12	fcr13	fcr14	fcr15	rmc4	rmc5	rmc6	rmc7	rmc8	rmc9	rmc10	rmc11	rmc12	rmc13	rmc14	rmc15	rcc4	rcc5	rcc6	rcc7	rcc8	rcc9	rcc10	rcc11	rcc12	rcc13	rcc14	rcc15	fmc4	fmc5	fmc6	fmc7	fmc8	fmc9	fmc10	fmc11	fmc12	fmc13	fmc14	fmc15	fcc4	fcc5	fcc6	fcc7	fcc8	fcc9	fcc10	fcc11	fcc12	fcc13	fcc14	fcc15	size
3gv9_ligand	-8.730261	-7.266253	-14.709500	-14.766203	-6.652906	2.709504	11.447883	21.191570	30.056953	40.302624	46.215427	55.396507	-6.514856	-5.211292	-6.069752	-6.325103	-4.425265	3.318484	12.061470	22.082658	29.132067	35.827684	33.577493	42.963359	-8.594792	-6.931763	-9.337210	-12.741277	-14.220702	-12.426387	-10.706944	-10.057696	-11.381702	-7.982600	-11.925164	-9.885038	-9.640456	-11.883629	-13.789967	-16.522119	-16.740083	-14.430078	-12.834130	-12.289038	-13.374811	-10.185952	-11.066934	-10.284436	-67.081380	-151.800153	-295.165181	-487.946511	-752.576872	-1079.042880	-1510.664815	-2058.286697	-2720.089181	-3493.421415	-4387.236434	-5423.534313	-4.825878	-3.065305	-3.311039	-2.567050	1.257439	10.508065	19.631156	29.500537	36.389437	42.423774	38.946494	46.851656	-67.600783	-158.323126	-316.493581	-540.668194	-848.545685	-1225.105659	-1714.790647	-2322.606231	-3036.330825	-3842.447027	-4754.000464	-5818.262152	-6.947001	-8.065744	-9.904707	-12.468507	-12.852474	-10.742155	-9.126796	-8.522828	-9.541302	-6.135573	-6.704314	-5.704676	18
