name	rmr4	rmr5	rmr6	rmr7	rmr8	rmr9	rmr10	rmr11	rmr12	rmr13	rmr14	rmr15	rcr4	rcr5	rcr6	rcr7	rcr8	rcr9	rcr10	rcr11	rcr12	rcr13	rcr14	rcr15	fmr4	fmr5	fmr6	fmr7	fmr8	fmr9	fmr10	fmr11	fmr12	fmr13	fmr14	fmr15	fcr4	fcr5	fcr6	fcr7	fcr8	fcr9	fcr10	fcr11	fcr12	fcr13	fcr14	fcr15	rmc4	rmc5	rmc6	rmc7	rmc8	rmc9	rmc10	rmc11	rmc12	rmc13	rmc14	rmc15	rcc4	rcc5	rcc6	rcc7	rcc8	rcc9	rcc10	rcc11	rcc12	rcc13	rcc14	rcc15	fmc4	fmc5	fmc6	fmc7	fmc8	fmc9	fmc10	fmc11	fmc12	fmc13	fmc14	fmc15	fcc4	fcc5	fcc6	fcc7	fcc8	fcc9	fcc10	fcc11	fcc12	fcc13	fcc14	fcc15	size
3ivg_ligand	25.345021	14.812751	12.224543	8.106056	12.279756	19.510874	17.316701	12.575526	9.572562	10.226810	11.374589	13.865434	18.687836	18.215620	22.038834	28.932028	37.172269	52.971236	63.792493	71.492478	77.154965	83.055887	85.631456	86.677209	28.461628	23.295360	22.712727	21.972999	21.204964	24.599596	25.222729	28.312938	31.804475	38.277444	46.905401	57.485237	16.489336	12.835307	13.090726	13.343775	14.887355	16.824060	12.812522	6.592045	-0.110271	-7.036481	-15.425390	-22.491366	-140.800313	-466.797500	-922.735024	-1486.014513	-2229.758486	-3146.276673	-4180.437006	-5267.904366	-6337.427204	-7336.357004	-8230.783193	-9051.701292	21.903680	20.368016	25.943799	35.163504	47.850937	67.466815	80.115015	88.937387	95.255605	101.325852	103.870971	104.818083	-135.738359	-474.061682	-978.067705	-1625.693863	-2485.120909	-3536.368291	-4689.799104	-5868.403916	-6989.701451	-7997.996677	-8873.753767	-9673.377013	20.924663	17.384262	17.843255	17.407691	17.633245	18.566256	14.103094	7.592871	0.537337	-5.800612	-13.152303	-19.338306	46
