name	rmr4	rmr5	rmr6	rmr7	rmr8	rmr9	rmr10	rmr11	rmr12	rmr13	rmr14	rmr15	rcr4	rcr5	rcr6	rcr7	rcr8	rcr9	rcr10	rcr11	rcr12	rcr13	rcr14	rcr15	fmr4	fmr5	fmr6	fmr7	fmr8	fmr9	fmr10	fmr11	fmr12	fmr13	fmr14	fmr15	fcr4	fcr5	fcr6	fcr7	fcr8	fcr9	fcr10	fcr11	fcr12	fcr13	fcr14	fcr15	rmc4	rmc5	rmc6	rmc7	rmc8	rmc9	rmc10	rmc11	rmc12	rmc13	rmc14	rmc15	rcc4	rcc5	rcc6	rcc7	rcc8	rcc9	rcc10	rcc11	rcc12	rcc13	rcc14	rcc15	fmc4	fmc5	fmc6	fmc7	fmc8	fmc9	fmc10	fmc11	fmc12	fmc13	fmc14	fmc15	fcc4	fcc5	fcc6	fcc7	fcc8	fcc9	fcc10	fcc11	fcc12	fcc13	fcc14	fcc15	size
3jvs_ligand	-12.336136	-20.126345	-27.465806	-25.420521	-26.816129	-29.975826	-40.401787	-45.488095	-47.657468	-50.954294	-53.776987	-54.589317	-11.028881	-9.143691	-7.613775	4.337036	10.855181	20.196526	25.401008	33.192953	36.679202	36.372435	32.018584	28.822641	-9.645001	-12.638366	-13.056422	-8.236709	-5.599347	-2.666915	-0.733207	2.088604	7.061617	11.642606	15.911603	22.034836	-12.578900	-14.854861	-16.962809	-14.690580	-13.180127	-13.392866	-17.645496	-21.550480	-26.370792	-31.985451	-38.654136	-43.913746	-172.333169	-445.288678	-765.246375	-1124.125018	-1586.458933	-2170.894010	-2853.629053	-3585.662976	-4249.233519	-4883.378179	-5421.789418	-5933.774429	-10.893275	-9.823694	-7.697664	5.512427	14.471246	26.424949	33.113198	41.908341	45.705166	45.479663	41.041316	37.742983	-169.608719	-453.686680	-799.961069	-1214.636380	-1747.700366	-2422.874334	-3188.602750	-3988.194582	-4682.562760	-5318.604041	-5836.073169	-6330.426125	-11.043679	-12.870077	-16.016995	-14.919945	-15.180129	-16.435397	-21.191985	-25.417952	-30.602850	-35.870869	-41.746540	-46.323507	52
