name	rmr4	rmr5	rmr6	rmr7	rmr8	rmr9	rmr10	rmr11	rmr12	rmr13	rmr14	rmr15	rcr4	rcr5	rcr6	rcr7	rcr8	rcr9	rcr10	rcr11	rcr12	rcr13	rcr14	rcr15	fmr4	fmr5	fmr6	fmr7	fmr8	fmr9	fmr10	fmr11	fmr12	fmr13	fmr14	fmr15	fcr4	fcr5	fcr6	fcr7	fcr8	fcr9	fcr10	fcr11	fcr12	fcr13	fcr14	fcr15	rmc4	rmc5	rmc6	rmc7	rmc8	rmc9	rmc10	rmc11	rmc12	rmc13	rmc14	rmc15	rcc4	rcc5	rcc6	rcc7	rcc8	rcc9	rcc10	rcc11	rcc12	rcc13	rcc14	rcc15	fmc4	fmc5	fmc6	fmc7	fmc8	fmc9	fmc10	fmc11	fmc12	fmc13	fmc14	fmc15	fcc4	fcc5	fcc6	fcc7	fcc8	fcc9	fcc10	fcc11	fcc12	fcc13	fcc14	fcc15	size
3jvs_ligand	-9.786511	-21.452136	-34.344755	-29.846810	-13.745129	-3.734601	-5.417204	-7.453367	-11.273654	-16.711388	-15.781945	-20.563268	-2.068078	-3.027880	-3.056477	9.869441	28.927192	47.409536	58.204849	67.147809	74.372918	77.941911	83.841401	91.496497	-8.930586	-5.937138	1.041620	6.465460	6.395180	11.368713	14.936771	15.072855	18.081560	17.271999	14.306392	16.369877	-8.320242	-7.361450	-2.376619	3.378292	7.626260	10.869705	10.305239	8.090281	8.072920	7.244214	9.339662	10.424015	-143.403483	-395.332872	-697.362385	-1031.685065	-1444.650536	-1981.672490	-2642.789881	-3402.308519	-4195.334776	-5120.517902	-6138.322277	-7356.876523	-0.795055	-2.905348	-2.108021	11.831633	33.106567	53.899934	65.369380	74.351351	81.593767	84.749561	89.760481	96.126659	-145.247209	-401.268079	-720.882493	-1105.147291	-1592.693417	-2221.416035	-2967.525864	-3800.305183	-4640.489111	-5594.258125	-6625.783907	-7867.482838	-4.832846	-3.020947	0.916820	5.568275	7.950628	10.300665	9.773239	8.039646	8.551709	8.553296	11.811874	13.716354	52
