name	rmr4	rmr5	rmr6	rmr7	rmr8	rmr9	rmr10	rmr11	rmr12	rmr13	rmr14	rmr15	rcr4	rcr5	rcr6	rcr7	rcr8	rcr9	rcr10	rcr11	rcr12	rcr13	rcr14	rcr15	fmr4	fmr5	fmr6	fmr7	fmr8	fmr9	fmr10	fmr11	fmr12	fmr13	fmr14	fmr15	fcr4	fcr5	fcr6	fcr7	fcr8	fcr9	fcr10	fcr11	fcr12	fcr13	fcr14	fcr15	rmc4	rmc5	rmc6	rmc7	rmc8	rmc9	rmc10	rmc11	rmc12	rmc13	rmc14	rmc15	rcc4	rcc5	rcc6	rcc7	rcc8	rcc9	rcc10	rcc11	rcc12	rcc13	rcc14	rcc15	fmc4	fmc5	fmc6	fmc7	fmc8	fmc9	fmc10	fmc11	fmc12	fmc13	fmc14	fmc15	fcc4	fcc5	fcc6	fcc7	fcc8	fcc9	fcc10	fcc11	fcc12	fcc13	fcc14	fcc15	size
3jya_ligand	-10.879237	-22.253246	-27.357337	-16.594729	21.482026	44.059096	59.471121	72.704372	83.338533	91.179582	105.983217	106.274598	1.683841	-4.471089	-3.437531	-5.188481	-2.083922	-3.134924	10.376598	25.246161	36.562665	43.316453	48.471010	54.133050	-7.938141	-9.673473	-7.662088	0.863845	19.227892	19.247536	12.985751	4.980636	5.792081	1.618739	-11.749505	-10.138344	1.026351	-0.599518	3.866949	9.548215	21.132033	18.776737	15.482068	10.057972	11.945247	9.479818	7.880630	4.772294	-64.464287	-215.935027	-393.755424	-665.675184	-1076.690948	-1678.940161	-2384.434244	-3224.010482	-4137.406755	-5163.969468	-6209.629591	-7288.154069	-0.389167	-5.867850	-0.126222	8.320712	31.226647	41.025289	53.491613	65.798872	76.096755	80.454132	81.870237	84.612193	-64.462464	-217.448552	-411.346031	-729.966676	-1219.079670	-1921.242693	-2715.765529	-3641.459972	-4609.941640	-5668.810181	-6719.017937	-7801.206142	-0.145228	-1.695864	2.595607	10.233282	25.556757	23.568948	21.781203	18.349736	22.552680	23.100893	26.947126	28.687529	20
