name	rmr4	rmr5	rmr6	rmr7	rmr8	rmr9	rmr10	rmr11	rmr12	rmr13	rmr14	rmr15	rcr4	rcr5	rcr6	rcr7	rcr8	rcr9	rcr10	rcr11	rcr12	rcr13	rcr14	rcr15	fmr4	fmr5	fmr6	fmr7	fmr8	fmr9	fmr10	fmr11	fmr12	fmr13	fmr14	fmr15	fcr4	fcr5	fcr6	fcr7	fcr8	fcr9	fcr10	fcr11	fcr12	fcr13	fcr14	fcr15	rmc4	rmc5	rmc6	rmc7	rmc8	rmc9	rmc10	rmc11	rmc12	rmc13	rmc14	rmc15	rcc4	rcc5	rcc6	rcc7	rcc8	rcc9	rcc10	rcc11	rcc12	rcc13	rcc14	rcc15	fmc4	fmc5	fmc6	fmc7	fmc8	fmc9	fmc10	fmc11	fmc12	fmc13	fmc14	fmc15	fcc4	fcc5	fcc6	fcc7	fcc8	fcc9	fcc10	fcc11	fcc12	fcc13	fcc14	fcc15	size
3k5v_ligand	-11.699825	-32.674594	-39.391835	-37.320347	-11.816947	7.468441	19.750311	32.705699	38.477196	45.278484	57.840501	63.155325	-3.498022	-11.716965	-11.486710	-8.710828	9.308324	23.436300	40.308669	61.239356	75.388325	88.363029	103.043849	115.857759	-8.962088	-18.924388	-14.022277	-12.760679	-7.825118	-6.598483	-5.325254	-3.579583	0.238914	5.445816	4.257451	5.644840	-4.801046	-10.877878	-5.724316	-4.371308	1.024868	3.491659	4.359294	4.509141	7.139491	11.396412	13.029156	11.373891	-93.679481	-341.211163	-646.419363	-1067.547178	-1651.313103	-2418.872760	-3381.260455	-4498.095656	-5764.935701	-7125.805847	-8635.238057	-10151.113172	-4.003559	-13.584971	-12.104325	-6.281211	18.045270	37.611358	57.720013	81.055816	97.217871	111.086759	126.152344	139.166489	-93.721330	-348.797974	-677.674705	-1165.290044	-1858.091390	-2747.454824	-3835.974713	-5069.218717	-6421.224136	-7826.938836	-9367.520865	-10903.706316	-4.599728	-11.033900	-5.758953	-4.302544	1.292834	3.523858	4.261822	4.336970	6.948985	11.798698	14.354292	13.818315	40
