name	rmr4	rmr5	rmr6	rmr7	rmr8	rmr9	rmr10	rmr11	rmr12	rmr13	rmr14	rmr15	rcr4	rcr5	rcr6	rcr7	rcr8	rcr9	rcr10	rcr11	rcr12	rcr13	rcr14	rcr15	fmr4	fmr5	fmr6	fmr7	fmr8	fmr9	fmr10	fmr11	fmr12	fmr13	fmr14	fmr15	fcr4	fcr5	fcr6	fcr7	fcr8	fcr9	fcr10	fcr11	fcr12	fcr13	fcr14	fcr15	rmc4	rmc5	rmc6	rmc7	rmc8	rmc9	rmc10	rmc11	rmc12	rmc13	rmc14	rmc15	rcc4	rcc5	rcc6	rcc7	rcc8	rcc9	rcc10	rcc11	rcc12	rcc13	rcc14	rcc15	fmc4	fmc5	fmc6	fmc7	fmc8	fmc9	fmc10	fmc11	fmc12	fmc13	fmc14	fmc15	fcc4	fcc5	fcc6	fcc7	fcc8	fcc9	fcc10	fcc11	fcc12	fcc13	fcc14	fcc15	size
3kgp_ligand	3.803797	-4.004311	-5.301577	-1.590583	4.625572	3.531468	2.882352	3.001499	4.879187	6.539565	8.158108	9.441343	2.237734	0.207068	2.560190	9.135737	16.650342	17.851943	20.705786	23.745232	26.542972	27.515181	26.012683	22.966119	3.740082	-0.998067	-0.238467	0.924383	1.983226	-0.229656	-1.454277	-2.471769	-1.753294	-0.094890	1.827831	4.459442	-0.532068	-3.892227	-3.274625	-2.137721	-0.056482	-2.265755	-5.518322	-9.349135	-12.695745	-15.943341	-19.646306	-23.127372	-74.645256	-224.410306	-421.723481	-649.621190	-947.286068	-1281.993242	-1662.070046	-2047.227926	-2386.393627	-2669.375996	-2848.367333	-2966.325234	4.489166	1.920672	5.044826	12.372998	21.303092	23.253077	26.529797	29.762446	32.580586	33.521900	32.005695	28.937276	-74.407509	-228.260293	-447.953543	-710.583149	-1055.490041	-1431.608707	-1854.838030	-2272.131863	-2625.331063	-2903.472156	-3063.298067	-3161.829035	2.439234	-0.804001	0.030934	0.813238	2.178320	-0.783333	-4.150848	-8.003857	-11.381645	-14.227233	-17.268726	-20.198239	20
