name	rmr4	rmr5	rmr6	rmr7	rmr8	rmr9	rmr10	rmr11	rmr12	rmr13	rmr14	rmr15	rcr4	rcr5	rcr6	rcr7	rcr8	rcr9	rcr10	rcr11	rcr12	rcr13	rcr14	rcr15	fmr4	fmr5	fmr6	fmr7	fmr8	fmr9	fmr10	fmr11	fmr12	fmr13	fmr14	fmr15	fcr4	fcr5	fcr6	fcr7	fcr8	fcr9	fcr10	fcr11	fcr12	fcr13	fcr14	fcr15	rmc4	rmc5	rmc6	rmc7	rmc8	rmc9	rmc10	rmc11	rmc12	rmc13	rmc14	rmc15	rcc4	rcc5	rcc6	rcc7	rcc8	rcc9	rcc10	rcc11	rcc12	rcc13	rcc14	rcc15	fmc4	fmc5	fmc6	fmc7	fmc8	fmc9	fmc10	fmc11	fmc12	fmc13	fmc14	fmc15	fcc4	fcc5	fcc6	fcc7	fcc8	fcc9	fcc10	fcc11	fcc12	fcc13	fcc14	fcc15	size
3kr8_ligand	-11.741602	-20.087221	-18.360735	-2.382959	36.962178	60.523679	85.298503	102.752100	113.998511	125.098430	147.129668	156.601651	3.426436	-3.002596	-3.013880	6.349385	28.666742	41.535940	58.181068	68.020988	77.673400	83.581627	95.899289	107.103158	-11.519945	-16.814310	-13.509505	-16.175260	-19.063269	-25.951566	-30.807615	-39.272774	-35.590131	-36.800813	-39.092177	-37.129674	-2.419154	-8.922210	-5.620779	-1.968450	3.120503	1.963464	3.280695	-1.795769	0.477089	0.792872	1.757074	0.480949	-153.106616	-420.615582	-795.783514	-1235.389216	-1805.858897	-2509.853967	-3333.701931	-4281.328608	-5368.724105	-6572.223033	-7978.088197	-9618.094024	1.142184	-7.626798	-10.182710	-0.619652	24.634625	39.279521	56.681766	66.456435	75.896423	81.137817	91.859805	100.908508	-155.139580	-426.248505	-829.423650	-1333.429500	-2007.927354	-2816.598751	-3740.981083	-4777.786574	-5933.203885	-7173.694701	-8611.960070	-10288.353459	-2.141441	-7.296310	-4.176540	-1.277881	2.518636	0.137102	0.953457	-4.024086	-1.536463	-0.666275	1.201906	0.708175	32
