name	rmr4	rmr5	rmr6	rmr7	rmr8	rmr9	rmr10	rmr11	rmr12	rmr13	rmr14	rmr15	rcr4	rcr5	rcr6	rcr7	rcr8	rcr9	rcr10	rcr11	rcr12	rcr13	rcr14	rcr15	fmr4	fmr5	fmr6	fmr7	fmr8	fmr9	fmr10	fmr11	fmr12	fmr13	fmr14	fmr15	fcr4	fcr5	fcr6	fcr7	fcr8	fcr9	fcr10	fcr11	fcr12	fcr13	fcr14	fcr15	rmc4	rmc5	rmc6	rmc7	rmc8	rmc9	rmc10	rmc11	rmc12	rmc13	rmc14	rmc15	rcc4	rcc5	rcc6	rcc7	rcc8	rcc9	rcc10	rcc11	rcc12	rcc13	rcc14	rcc15	fmc4	fmc5	fmc6	fmc7	fmc8	fmc9	fmc10	fmc11	fmc12	fmc13	fmc14	fmc15	fcc4	fcc5	fcc6	fcc7	fcc8	fcc9	fcc10	fcc11	fcc12	fcc13	fcc14	fcc15	size
3kwa_ligand	1.006497	14.438934	14.664630	27.462178	55.798521	77.440108	105.944707	130.963080	150.698665	178.739646	210.835665	215.923332	-3.064142	6.983859	10.007063	16.789114	37.006162	52.870658	65.485578	73.374208	92.827388	112.138477	124.042352	130.161338	-1.557108	11.011848	22.938595	31.275460	30.736716	34.664929	35.737537	35.156409	35.835834	35.369989	30.579206	35.329498	-11.287984	-4.337623	8.581628	15.697515	20.287642	23.986224	26.419249	27.157427	27.515919	29.028083	29.809464	33.330031	-62.001963	-190.040639	-371.672489	-632.045641	-969.039135	-1462.426289	-2086.992547	-2853.581706	-3819.290300	-4951.952437	-6160.411181	-7498.735047	10.124817	17.157446	16.357354	14.688396	27.854054	35.312734	40.988738	40.907329	50.236308	59.773639	63.947839	62.255860	-65.969965	-197.821878	-378.129719	-671.934412	-1066.479433	-1635.009213	-2334.394614	-3167.816847	-4208.576030	-5395.636880	-6631.461107	-7984.350426	3.861777	12.636071	26.685769	33.265712	38.523341	42.110709	44.558580	45.596039	46.052138	47.713629	48.731449	52.563423	44
