name	rmr4	rmr5	rmr6	rmr7	rmr8	rmr9	rmr10	rmr11	rmr12	rmr13	rmr14	rmr15	rcr4	rcr5	rcr6	rcr7	rcr8	rcr9	rcr10	rcr11	rcr12	rcr13	rcr14	rcr15	fmr4	fmr5	fmr6	fmr7	fmr8	fmr9	fmr10	fmr11	fmr12	fmr13	fmr14	fmr15	fcr4	fcr5	fcr6	fcr7	fcr8	fcr9	fcr10	fcr11	fcr12	fcr13	fcr14	fcr15	rmc4	rmc5	rmc6	rmc7	rmc8	rmc9	rmc10	rmc11	rmc12	rmc13	rmc14	rmc15	rcc4	rcc5	rcc6	rcc7	rcc8	rcc9	rcc10	rcc11	rcc12	rcc13	rcc14	rcc15	fmc4	fmc5	fmc6	fmc7	fmc8	fmc9	fmc10	fmc11	fmc12	fmc13	fmc14	fmc15	fcc4	fcc5	fcc6	fcc7	fcc8	fcc9	fcc10	fcc11	fcc12	fcc13	fcc14	fcc15	size
3kwa_ligand	28.909496	37.030209	35.700591	36.751349	40.914517	41.474563	38.134714	35.743395	34.084081	32.249698	31.496696	33.042696	21.437558	26.089790	25.214424	20.457384	18.630840	12.169809	7.279066	5.687774	5.897449	5.564273	5.040849	4.912294	31.270343	46.477123	54.800020	60.080313	61.264846	62.428011	60.204327	58.456085	58.508048	60.042953	60.157624	63.420838	20.254100	30.842005	40.659848	44.378999	47.240155	48.569026	46.962724	45.253300	43.936948	42.065820	36.501182	31.323348	-72.329829	-215.901221	-411.289642	-689.832180	-1059.904091	-1570.019340	-2147.804601	-2746.408052	-3320.742003	-3813.322385	-4109.972332	-4318.661689	24.371472	28.809355	28.113070	24.637420	24.842257	20.442013	16.372562	15.219581	15.654573	15.348231	14.826926	14.690611	-68.449956	-209.969372	-408.877900	-722.898803	-1142.874644	-1717.384577	-2352.098662	-2993.228387	-3589.363135	-4076.594723	-4347.230849	-4531.835549	24.049314	35.123429	44.411745	48.309047	50.763472	51.978635	50.305955	48.597879	47.252923	45.902317	41.275801	36.880018	44
