name	rmr4	rmr5	rmr6	rmr7	rmr8	rmr9	rmr10	rmr11	rmr12	rmr13	rmr14	rmr15	rcr4	rcr5	rcr6	rcr7	rcr8	rcr9	rcr10	rcr11	rcr12	rcr13	rcr14	rcr15	fmr4	fmr5	fmr6	fmr7	fmr8	fmr9	fmr10	fmr11	fmr12	fmr13	fmr14	fmr15	fcr4	fcr5	fcr6	fcr7	fcr8	fcr9	fcr10	fcr11	fcr12	fcr13	fcr14	fcr15	rmc4	rmc5	rmc6	rmc7	rmc8	rmc9	rmc10	rmc11	rmc12	rmc13	rmc14	rmc15	rcc4	rcc5	rcc6	rcc7	rcc8	rcc9	rcc10	rcc11	rcc12	rcc13	rcc14	rcc15	fmc4	fmc5	fmc6	fmc7	fmc8	fmc9	fmc10	fmc11	fmc12	fmc13	fmc14	fmc15	fcc4	fcc5	fcc6	fcc7	fcc8	fcc9	fcc10	fcc11	fcc12	fcc13	fcc14	fcc15	size
3l7b_ligand	-5.415452	-11.641745	-18.351094	-16.888662	12.405338	24.642571	21.068138	21.956288	18.315158	4.693836	-19.970220	-63.089978	3.143333	7.976574	6.877096	12.452623	29.748362	36.570313	42.871069	58.589442	73.849522	90.197500	105.280621	110.590658	-11.506661	-14.239787	-18.483337	-29.835374	-35.736763	-44.077863	-60.336969	-75.557533	-95.306183	-121.699615	-150.887746	-185.326562	-7.753971	-4.182880	-2.546525	-0.320760	4.691941	8.437292	8.368297	13.594792	16.637215	17.864263	18.634718	19.124134	-122.840034	-320.301524	-609.851480	-993.605878	-1460.296165	-2138.121624	-3003.688322	-4119.309776	-5455.485268	-7116.061136	-8984.960961	-11176.683794	3.281743	7.907075	7.550896	15.033686	34.943843	45.367108	53.954153	71.647959	88.675915	106.171055	121.690928	127.329217	-130.866365	-334.218378	-647.777740	-1090.885116	-1638.000047	-2420.998429	-3395.140759	-4629.441071	-6069.427835	-7819.214735	-9749.933643	-11993.440865	-6.933045	-3.181509	-1.568480	0.452451	4.500385	8.128551	7.930544	13.157599	16.197593	17.452948	18.410922	19.044438	33
