name	rmr4	rmr5	rmr6	rmr7	rmr8	rmr9	rmr10	rmr11	rmr12	rmr13	rmr14	rmr15	rcr4	rcr5	rcr6	rcr7	rcr8	rcr9	rcr10	rcr11	rcr12	rcr13	rcr14	rcr15	fmr4	fmr5	fmr6	fmr7	fmr8	fmr9	fmr10	fmr11	fmr12	fmr13	fmr14	fmr15	fcr4	fcr5	fcr6	fcr7	fcr8	fcr9	fcr10	fcr11	fcr12	fcr13	fcr14	fcr15	rmc4	rmc5	rmc6	rmc7	rmc8	rmc9	rmc10	rmc11	rmc12	rmc13	rmc14	rmc15	rcc4	rcc5	rcc6	rcc7	rcc8	rcc9	rcc10	rcc11	rcc12	rcc13	rcc14	rcc15	fmc4	fmc5	fmc6	fmc7	fmc8	fmc9	fmc10	fmc11	fmc12	fmc13	fmc14	fmc15	fcc4	fcc5	fcc6	fcc7	fcc8	fcc9	fcc10	fcc11	fcc12	fcc13	fcc14	fcc15	size
3myg_ligand	-9.141314	-12.318018	-23.139574	-21.185630	11.180475	37.232726	40.336279	40.050391	34.398676	22.404279	18.320051	-0.654954	2.618293	3.029972	1.165930	3.925781	13.220002	20.611107	21.905627	26.721122	29.940474	29.796875	30.127450	31.626692	-9.472835	-4.705510	-2.814273	-4.049270	-6.862414	-16.862520	-38.889824	-61.645052	-80.287737	-105.809651	-134.811829	-158.404335	-5.696934	-1.813441	5.045914	15.890332	25.369051	29.625742	26.601607	24.166852	27.477018	25.208427	28.231372	30.606545	-119.944394	-365.971590	-690.064580	-1102.104809	-1705.331570	-2537.012626	-3541.466988	-4710.273299	-6078.608392	-7656.346640	-9377.743427	-11186.357192	3.036113	-1.192010	-6.763398	-5.453285	6.507262	14.436780	14.381642	17.076272	17.696509	14.340314	11.453390	10.159953	-124.408263	-372.775689	-710.604776	-1170.041693	-1871.067463	-2822.019921	-3936.111632	-5206.679322	-6652.772097	-8281.481020	-10024.270204	-11847.042573	-3.345986	0.527090	8.517115	19.220536	29.029944	33.549942	30.705649	28.518351	32.239700	30.566092	34.315876	37.410688	57
