name	rmr4	rmr5	rmr6	rmr7	rmr8	rmr9	rmr10	rmr11	rmr12	rmr13	rmr14	rmr15	rcr4	rcr5	rcr6	rcr7	rcr8	rcr9	rcr10	rcr11	rcr12	rcr13	rcr14	rcr15	fmr4	fmr5	fmr6	fmr7	fmr8	fmr9	fmr10	fmr11	fmr12	fmr13	fmr14	fmr15	fcr4	fcr5	fcr6	fcr7	fcr8	fcr9	fcr10	fcr11	fcr12	fcr13	fcr14	fcr15	rmc4	rmc5	rmc6	rmc7	rmc8	rmc9	rmc10	rmc11	rmc12	rmc13	rmc14	rmc15	rcc4	rcc5	rcc6	rcc7	rcc8	rcc9	rcc10	rcc11	rcc12	rcc13	rcc14	rcc15	fmc4	fmc5	fmc6	fmc7	fmc8	fmc9	fmc10	fmc11	fmc12	fmc13	fmc14	fmc15	fcc4	fcc5	fcc6	fcc7	fcc8	fcc9	fcc10	fcc11	fcc12	fcc13	fcc14	fcc15	size
3n7a_ligand	-6.123209	-11.926399	-19.818856	-20.707226	-8.884027	-6.910579	-0.852655	3.588097	7.017388	9.143616	25.807599	28.318818	1.148447	4.470470	9.284536	15.399103	26.849377	31.246816	41.264228	52.163133	64.866544	75.254847	84.480910	91.293423	-9.949123	-8.038577	-1.452266	-2.236797	-3.082827	-5.352028	-4.335890	-1.928332	-3.347052	-7.686405	-13.904501	-13.122706	-13.351750	-16.399505	-11.658901	-9.370004	-6.940249	-6.407295	-3.958494	-1.037935	-2.217454	-4.859379	-6.822142	-4.590524	-92.072764	-253.679164	-445.565364	-697.408909	-1037.567354	-1478.159093	-2003.462899	-2643.117841	-3393.537241	-4283.999719	-5259.910591	-6317.721093	3.177913	5.184353	7.966763	11.266383	20.025577	22.605366	31.417114	40.513345	50.747841	58.358872	65.648230	70.543679	-101.071145	-269.280632	-474.153749	-759.918998	-1156.738358	-1657.297812	-2247.221888	-2949.111594	-3757.697227	-4691.108993	-5695.459031	-6770.194404	-10.161903	-10.774705	-4.605274	-1.705409	0.948090	1.387402	3.448335	6.253048	5.214538	2.727723	0.666759	2.833302	21
