name	rmr4	rmr5	rmr6	rmr7	rmr8	rmr9	rmr10	rmr11	rmr12	rmr13	rmr14	rmr15	rcr4	rcr5	rcr6	rcr7	rcr8	rcr9	rcr10	rcr11	rcr12	rcr13	rcr14	rcr15	fmr4	fmr5	fmr6	fmr7	fmr8	fmr9	fmr10	fmr11	fmr12	fmr13	fmr14	fmr15	fcr4	fcr5	fcr6	fcr7	fcr8	fcr9	fcr10	fcr11	fcr12	fcr13	fcr14	fcr15	rmc4	rmc5	rmc6	rmc7	rmc8	rmc9	rmc10	rmc11	rmc12	rmc13	rmc14	rmc15	rcc4	rcc5	rcc6	rcc7	rcc8	rcc9	rcc10	rcc11	rcc12	rcc13	rcc14	rcc15	fmc4	fmc5	fmc6	fmc7	fmc8	fmc9	fmc10	fmc11	fmc12	fmc13	fmc14	fmc15	fcc4	fcc5	fcc6	fcc7	fcc8	fcc9	fcc10	fcc11	fcc12	fcc13	fcc14	fcc15	size
3nq9_ligand	-2.879970	-7.071444	-14.955837	-14.097019	-0.251638	9.355995	15.339659	16.424965	25.648229	33.120366	45.896093	50.420400	0.683386	1.770150	3.559516	9.192740	20.495979	31.867811	41.170920	45.992172	56.687475	67.055280	74.884037	81.467325	-2.403734	-3.596264	-5.627799	-5.691618	-3.021795	-3.195162	-1.403085	-2.742661	-2.247656	-4.218193	-7.696512	-5.376507	0.195218	-0.978328	-2.702376	-2.761069	-3.632764	-4.381699	-2.457397	-2.422463	-2.186844	-2.666695	-2.719775	0.606849	-23.813280	-87.570916	-180.328837	-296.472383	-487.354380	-762.417851	-1138.713085	-1565.053484	-2115.471768	-2760.222060	-3466.790920	-4196.765219	0.353757	-0.606211	-1.697993	2.183365	14.252169	26.778845	37.196676	42.662059	53.284736	62.957697	71.563359	78.770839	-24.328825	-92.255237	-194.505310	-331.244578	-570.172607	-899.160025	-1328.540803	-1796.394441	-2394.644355	-3075.682369	-3806.044207	-4549.380530	-0.063378	-1.401468	-3.089190	-3.076704	-2.829125	-2.977221	-0.701493	-0.891950	-0.668844	-1.178217	-1.539084	1.323833	25
