name	rmr4	rmr5	rmr6	rmr7	rmr8	rmr9	rmr10	rmr11	rmr12	rmr13	rmr14	rmr15	rcr4	rcr5	rcr6	rcr7	rcr8	rcr9	rcr10	rcr11	rcr12	rcr13	rcr14	rcr15	fmr4	fmr5	fmr6	fmr7	fmr8	fmr9	fmr10	fmr11	fmr12	fmr13	fmr14	fmr15	fcr4	fcr5	fcr6	fcr7	fcr8	fcr9	fcr10	fcr11	fcr12	fcr13	fcr14	fcr15	rmc4	rmc5	rmc6	rmc7	rmc8	rmc9	rmc10	rmc11	rmc12	rmc13	rmc14	rmc15	rcc4	rcc5	rcc6	rcc7	rcc8	rcc9	rcc10	rcc11	rcc12	rcc13	rcc14	rcc15	fmc4	fmc5	fmc6	fmc7	fmc8	fmc9	fmc10	fmc11	fmc12	fmc13	fmc14	fmc15	fcc4	fcc5	fcc6	fcc7	fcc8	fcc9	fcc10	fcc11	fcc12	fcc13	fcc14	fcc15	size
3o9i_ligand	-7.360800	-26.096066	-25.147277	-9.273357	37.243151	73.539299	129.536654	157.493055	181.854576	186.207685	203.394721	200.058952	-1.313539	-13.002564	-15.892656	-11.601990	17.308525	29.897619	69.080458	94.739869	120.257921	132.263759	150.158654	150.610589	-13.922205	-30.370613	-21.500297	-25.271448	-27.290992	-36.463819	-23.794995	-19.431254	-15.022036	-18.732605	-11.769674	-9.163734	-14.843617	-30.123265	-25.329922	-26.213190	-23.100042	-29.207536	-18.494369	-13.427797	-8.477499	-13.851269	-8.769367	-7.306268	-169.391259	-549.437818	-1075.309058	-1746.243021	-2625.560118	-3862.752899	-5484.154681	-7581.119715	-10010.103881	-12652.342184	-15368.601368	-18130.230697	1.118158	-13.038596	-14.838820	-8.250332	26.496190	44.811531	86.707323	114.350564	141.394786	153.056835	169.953080	169.427230	-177.235082	-572.811047	-1140.037019	-1912.510348	-2954.245652	-4390.597141	-6238.534173	-8558.834703	-11165.931692	-13910.477631	-16668.243597	-19437.559535	-10.521368	-25.848276	-20.876404	-21.985890	-19.784953	-26.048285	-15.274756	-10.196832	-5.103906	-9.619689	-2.973168	0.410981	81
