name	rmr4	rmr5	rmr6	rmr7	rmr8	rmr9	rmr10	rmr11	rmr12	rmr13	rmr14	rmr15	rcr4	rcr5	rcr6	rcr7	rcr8	rcr9	rcr10	rcr11	rcr12	rcr13	rcr14	rcr15	fmr4	fmr5	fmr6	fmr7	fmr8	fmr9	fmr10	fmr11	fmr12	fmr13	fmr14	fmr15	fcr4	fcr5	fcr6	fcr7	fcr8	fcr9	fcr10	fcr11	fcr12	fcr13	fcr14	fcr15	rmc4	rmc5	rmc6	rmc7	rmc8	rmc9	rmc10	rmc11	rmc12	rmc13	rmc14	rmc15	rcc4	rcc5	rcc6	rcc7	rcc8	rcc9	rcc10	rcc11	rcc12	rcc13	rcc14	rcc15	fmc4	fmc5	fmc6	fmc7	fmc8	fmc9	fmc10	fmc11	fmc12	fmc13	fmc14	fmc15	fcc4	fcc5	fcc6	fcc7	fcc8	fcc9	fcc10	fcc11	fcc12	fcc13	fcc14	fcc15	size
3oe4_ligand	-41.004188	-49.686924	-69.509246	-43.730353	-36.151078	-27.962110	-17.692827	-7.428886	-12.968745	-21.073556	-30.975197	-48.910377	-32.964427	-30.335822	-29.940802	-12.663806	0.508982	10.464599	25.560158	42.856471	51.229529	58.922597	63.080944	71.744011	-35.198178	-32.719977	-30.944641	-15.815550	-39.089289	-50.342686	-55.468339	-66.933369	-79.871410	-96.106451	-122.789207	-138.677407	-40.818233	-38.385143	-24.110978	-5.017639	0.882043	7.961949	13.226056	18.915672	23.321131	26.680529	23.334636	26.920978	-251.125978	-606.965679	-1107.742475	-1711.875851	-2418.943317	-3285.628189	-4370.613250	-5681.285483	-7127.189024	-8777.524722	-10641.216472	-12762.725148	-28.466726	-26.127239	-23.472166	-2.765287	13.688929	27.301484	45.137751	64.621336	74.824883	83.688674	88.454493	97.713430	-249.045278	-614.163643	-1146.283619	-1833.093916	-2639.145782	-3622.408766	-4842.305397	-6283.175558	-7816.791979	-9522.564398	-11423.599961	-13581.663397	-34.564684	-31.277245	-17.668578	0.287579	2.571060	7.644045	12.569580	18.317269	22.798818	26.724969	24.209592	28.482700	51
