name	rmr4	rmr5	rmr6	rmr7	rmr8	rmr9	rmr10	rmr11	rmr12	rmr13	rmr14	rmr15	rcr4	rcr5	rcr6	rcr7	rcr8	rcr9	rcr10	rcr11	rcr12	rcr13	rcr14	rcr15	fmr4	fmr5	fmr6	fmr7	fmr8	fmr9	fmr10	fmr11	fmr12	fmr13	fmr14	fmr15	fcr4	fcr5	fcr6	fcr7	fcr8	fcr9	fcr10	fcr11	fcr12	fcr13	fcr14	fcr15	rmc4	rmc5	rmc6	rmc7	rmc8	rmc9	rmc10	rmc11	rmc12	rmc13	rmc14	rmc15	rcc4	rcc5	rcc6	rcc7	rcc8	rcc9	rcc10	rcc11	rcc12	rcc13	rcc14	rcc15	fmc4	fmc5	fmc6	fmc7	fmc8	fmc9	fmc10	fmc11	fmc12	fmc13	fmc14	fmc15	fcc4	fcc5	fcc6	fcc7	fcc8	fcc9	fcc10	fcc11	fcc12	fcc13	fcc14	fcc15	size
3oe5_ligand	-37.839311	-40.974744	-53.501254	-25.905083	-13.743329	-4.882834	15.258234	27.499011	22.081024	23.341207	23.361932	7.444798	-33.528326	-27.769524	-24.321004	-8.087221	8.053853	17.882024	40.704818	56.532456	62.324149	72.336481	81.774817	84.904409	-33.925113	-27.833010	-27.402980	-15.744717	-36.220254	-51.437701	-52.408938	-62.349980	-76.792361	-87.757055	-105.469828	-125.463711	-40.881340	-33.764157	-22.906822	-7.927254	-3.531819	-0.595791	7.166497	11.658601	11.211380	17.133215	17.482221	15.262644	-230.151283	-561.964408	-1028.899545	-1603.179718	-2258.476428	-3054.689135	-4075.814661	-5321.457052	-6699.578285	-8191.821839	-9915.004942	-11937.208679	-29.123714	-23.887579	-18.411530	1.028257	20.051075	32.880751	58.333891	76.259666	83.775780	94.748106	104.749696	108.460771	-228.556926	-566.532089	-1069.051237	-1726.746255	-2477.267022	-3381.607897	-4539.731373	-5910.713282	-7375.543466	-8912.972261	-10671.878298	-12731.536990	-34.814777	-27.204285	-16.966524	-2.889011	-1.791317	-0.784035	6.703171	11.210628	10.780964	17.267298	18.383118	16.726775	50
