name	rmr4	rmr5	rmr6	rmr7	rmr8	rmr9	rmr10	rmr11	rmr12	rmr13	rmr14	rmr15	rcr4	rcr5	rcr6	rcr7	rcr8	rcr9	rcr10	rcr11	rcr12	rcr13	rcr14	rcr15	fmr4	fmr5	fmr6	fmr7	fmr8	fmr9	fmr10	fmr11	fmr12	fmr13	fmr14	fmr15	fcr4	fcr5	fcr6	fcr7	fcr8	fcr9	fcr10	fcr11	fcr12	fcr13	fcr14	fcr15	rmc4	rmc5	rmc6	rmc7	rmc8	rmc9	rmc10	rmc11	rmc12	rmc13	rmc14	rmc15	rcc4	rcc5	rcc6	rcc7	rcc8	rcc9	rcc10	rcc11	rcc12	rcc13	rcc14	rcc15	fmc4	fmc5	fmc6	fmc7	fmc8	fmc9	fmc10	fmc11	fmc12	fmc13	fmc14	fmc15	fcc4	fcc5	fcc6	fcc7	fcc8	fcc9	fcc10	fcc11	fcc12	fcc13	fcc14	fcc15	size
3oe5_ligand	-40.382815	-39.646499	-40.256638	-30.594091	-19.898314	-8.027748	0.988813	8.398306	11.159667	8.122392	8.891851	8.913043	-46.278124	-45.580630	-39.048561	-29.611921	-20.182902	-12.225815	-2.396930	6.911317	14.412064	15.002003	17.723373	17.555418	-34.391698	-30.471391	-27.380536	-29.086095	-37.538384	-45.316362	-46.348408	-51.324150	-51.308010	-52.238464	-47.409092	-40.968809	-51.350268	-54.161250	-50.725991	-50.242288	-47.176953	-48.388628	-51.824593	-57.939934	-63.584228	-71.064931	-78.173936	-85.229774	-265.823092	-622.437120	-1108.490221	-1723.632368	-2441.704993	-3301.874378	-4355.586219	-5500.954380	-6629.922017	-7621.926985	-8544.041252	-9355.209778	-40.178082	-40.006346	-32.232245	-20.416934	-8.204018	2.333380	14.075618	24.609952	32.822677	33.499704	36.213911	35.954742	-259.858064	-626.533767	-1159.189012	-1868.942716	-2686.192556	-3663.510259	-4848.406858	-6099.804400	-7289.375909	-8282.628396	-9185.680017	-9971.991528	-43.218375	-45.098245	-42.343990	-42.682914	-42.444604	-45.421889	-49.270657	-55.562367	-61.461828	-68.263846	-74.158971	-80.155755	50
