name	rmr4	rmr5	rmr6	rmr7	rmr8	rmr9	rmr10	rmr11	rmr12	rmr13	rmr14	rmr15	rcr4	rcr5	rcr6	rcr7	rcr8	rcr9	rcr10	rcr11	rcr12	rcr13	rcr14	rcr15	fmr4	fmr5	fmr6	fmr7	fmr8	fmr9	fmr10	fmr11	fmr12	fmr13	fmr14	fmr15	fcr4	fcr5	fcr6	fcr7	fcr8	fcr9	fcr10	fcr11	fcr12	fcr13	fcr14	fcr15	rmc4	rmc5	rmc6	rmc7	rmc8	rmc9	rmc10	rmc11	rmc12	rmc13	rmc14	rmc15	rcc4	rcc5	rcc6	rcc7	rcc8	rcc9	rcc10	rcc11	rcc12	rcc13	rcc14	rcc15	fmc4	fmc5	fmc6	fmc7	fmc8	fmc9	fmc10	fmc11	fmc12	fmc13	fmc14	fmc15	fcc4	fcc5	fcc6	fcc7	fcc8	fcc9	fcc10	fcc11	fcc12	fcc13	fcc14	fcc15	size
3ozs_ligand	-41.013489	-35.098537	-36.319298	-23.887989	-7.234259	7.192067	11.086561	14.142804	12.122465	6.845345	5.447386	4.559960	-40.281488	-35.170398	-29.004488	-16.597505	-1.321404	10.426561	19.528939	27.899404	32.163966	31.252254	31.374687	29.848973	-36.074919	-29.965615	-28.512816	-30.736717	-36.251186	-42.474501	-45.908470	-49.675782	-48.922944	-50.353322	-44.234510	-37.464248	-45.967821	-46.856053	-43.025319	-42.114686	-38.000039	-40.584846	-48.076595	-56.514913	-65.537185	-75.651384	-84.536536	-92.299530	-269.275042	-665.470968	-1194.309721	-1837.957042	-2590.990215	-3518.239507	-4588.568042	-5787.678203	-6928.521729	-7983.435584	-8926.820488	-9760.152067	-36.049203	-30.951578	-22.483525	-5.657380	14.157688	31.038337	43.733870	55.229759	60.957395	60.432148	60.413000	58.425797	-265.349851	-680.622024	-1257.042722	-2000.840928	-2866.733714	-3932.198627	-5132.553657	-6445.627918	-7646.573253	-8707.884714	-9628.562915	-10434.652552	-40.494437	-40.948575	-38.083249	-38.848483	-39.060057	-44.400325	-53.414906	-62.907315	-73.117362	-83.147783	-91.112165	-98.029669	50
