name	rmr4	rmr5	rmr6	rmr7	rmr8	rmr9	rmr10	rmr11	rmr12	rmr13	rmr14	rmr15	rcr4	rcr5	rcr6	rcr7	rcr8	rcr9	rcr10	rcr11	rcr12	rcr13	rcr14	rcr15	fmr4	fmr5	fmr6	fmr7	fmr8	fmr9	fmr10	fmr11	fmr12	fmr13	fmr14	fmr15	fcr4	fcr5	fcr6	fcr7	fcr8	fcr9	fcr10	fcr11	fcr12	fcr13	fcr14	fcr15	rmc4	rmc5	rmc6	rmc7	rmc8	rmc9	rmc10	rmc11	rmc12	rmc13	rmc14	rmc15	rcc4	rcc5	rcc6	rcc7	rcc8	rcc9	rcc10	rcc11	rcc12	rcc13	rcc14	rcc15	fmc4	fmc5	fmc6	fmc7	fmc8	fmc9	fmc10	fmc11	fmc12	fmc13	fmc14	fmc15	fcc4	fcc5	fcc6	fcc7	fcc8	fcc9	fcc10	fcc11	fcc12	fcc13	fcc14	fcc15	size
3ozs_ligand	-33.568092	-39.189573	-53.341628	-25.481324	-11.717896	2.371029	9.458873	18.921514	12.118515	4.355395	-3.421876	-24.785795	-26.134651	-19.471880	-15.996827	5.542589	25.516720	42.030424	58.878349	78.824472	89.653853	98.943007	109.368657	116.905481	-29.431836	-29.145088	-28.887937	-16.381396	-39.446755	-48.701266	-59.558850	-69.382087	-86.870760	-102.418205	-124.575076	-143.107177	-33.580093	-31.277183	-18.934580	-1.293508	2.661964	7.609022	5.281846	7.153407	1.951288	1.103721	-2.416431	-5.387300	-224.116179	-598.161492	-1110.659541	-1721.018514	-2427.051730	-3302.662922	-4392.039034	-5746.605396	-7219.850473	-8859.692107	-10694.748900	-12808.617202	-22.543497	-15.475754	-8.658597	18.350027	43.171482	65.532468	87.499190	112.744531	127.720780	140.152229	153.108114	163.396549	-223.680856	-616.306716	-1166.522867	-1867.958981	-2684.843313	-3691.347344	-4925.464110	-6426.084794	-8004.500425	-9704.946601	-11581.789045	-13738.617415	-29.097863	-26.360753	-14.709795	1.222076	0.333019	2.365958	-1.009749	0.455427	-5.215417	-5.785505	-8.577750	-10.934098	50
