name	rmr4	rmr5	rmr6	rmr7	rmr8	rmr9	rmr10	rmr11	rmr12	rmr13	rmr14	rmr15	rcr4	rcr5	rcr6	rcr7	rcr8	rcr9	rcr10	rcr11	rcr12	rcr13	rcr14	rcr15	fmr4	fmr5	fmr6	fmr7	fmr8	fmr9	fmr10	fmr11	fmr12	fmr13	fmr14	fmr15	fcr4	fcr5	fcr6	fcr7	fcr8	fcr9	fcr10	fcr11	fcr12	fcr13	fcr14	fcr15	rmc4	rmc5	rmc6	rmc7	rmc8	rmc9	rmc10	rmc11	rmc12	rmc13	rmc14	rmc15	rcc4	rcc5	rcc6	rcc7	rcc8	rcc9	rcc10	rcc11	rcc12	rcc13	rcc14	rcc15	fmc4	fmc5	fmc6	fmc7	fmc8	fmc9	fmc10	fmc11	fmc12	fmc13	fmc14	fmc15	fcc4	fcc5	fcc6	fcc7	fcc8	fcc9	fcc10	fcc11	fcc12	fcc13	fcc14	fcc15	size
3ozt_ligand	-43.712910	-50.203337	-74.172461	-59.229787	-59.602835	-62.689372	-61.273835	-73.170684	-97.960508	-124.284058	-150.786480	-194.340383	-34.324490	-23.414520	-21.829512	-2.362218	13.744957	24.634692	43.987723	54.983230	61.898705	69.175929	76.445374	82.521901	-39.143444	-35.269320	-41.895627	-38.632732	-72.514029	-94.789769	-112.892218	-144.195124	-174.942972	-207.195967	-247.747185	-288.400957	-41.896920	-32.333344	-23.392485	-7.165676	-5.107222	-1.954977	2.422706	1.426733	0.515852	1.876029	0.958643	-0.338921	-228.180821	-561.152629	-1024.911719	-1599.768276	-2246.263060	-3058.615333	-4066.707886	-5312.647271	-6682.489317	-8195.197552	-9899.294849	-11889.748992	-31.246615	-21.060717	-18.151227	4.161333	22.159105	36.068867	57.682802	70.308556	78.548361	86.702702	94.408560	100.887999	-228.131820	-571.320495	-1067.753782	-1728.369377	-2466.398698	-3394.964171	-4533.789161	-5904.778425	-7362.356988	-8924.714932	-10661.497302	-12689.444534	-37.481938	-27.519724	-19.344557	-3.815680	-4.613827	-2.952702	1.000612	0.045784	-0.764108	0.974330	0.716655	-0.060502	50
