name	rmr4	rmr5	rmr6	rmr7	rmr8	rmr9	rmr10	rmr11	rmr12	rmr13	rmr14	rmr15	rcr4	rcr5	rcr6	rcr7	rcr8	rcr9	rcr10	rcr11	rcr12	rcr13	rcr14	rcr15	fmr4	fmr5	fmr6	fmr7	fmr8	fmr9	fmr10	fmr11	fmr12	fmr13	fmr14	fmr15	fcr4	fcr5	fcr6	fcr7	fcr8	fcr9	fcr10	fcr11	fcr12	fcr13	fcr14	fcr15	rmc4	rmc5	rmc6	rmc7	rmc8	rmc9	rmc10	rmc11	rmc12	rmc13	rmc14	rmc15	rcc4	rcc5	rcc6	rcc7	rcc8	rcc9	rcc10	rcc11	rcc12	rcc13	rcc14	rcc15	fmc4	fmc5	fmc6	fmc7	fmc8	fmc9	fmc10	fmc11	fmc12	fmc13	fmc14	fmc15	fcc4	fcc5	fcc6	fcc7	fcc8	fcc9	fcc10	fcc11	fcc12	fcc13	fcc14	fcc15	size
3p5o_ligand	-12.331959	-27.937835	-40.387406	-41.836800	-20.924843	-12.979433	-2.910827	1.445334	-0.801486	-5.400095	-2.336534	-4.685296	-1.274191	-5.938113	-9.462851	-9.958174	2.309685	2.277233	14.120828	23.401977	26.999013	29.954147	32.668238	35.792414	-9.876844	-14.844461	-11.146012	-6.501955	3.993854	2.372183	7.895340	9.217911	10.285627	10.872095	6.976082	9.962105	-2.747927	-4.283773	0.811474	5.508268	15.570677	12.722340	18.476154	19.578764	20.744541	22.626811	22.765416	23.262954	-93.826502	-308.760096	-592.377262	-964.304034	-1499.141474	-2250.178632	-3217.033608	-4318.197059	-5567.940004	-6940.384996	-8411.509797	-9858.863922	-3.809745	-9.908767	-12.326049	-10.701269	6.283009	10.605383	24.817719	35.636329	40.568331	43.949045	46.645766	49.697803	-94.541865	-313.087179	-613.644946	-1037.960002	-1663.505506	-2527.452489	-3615.033718	-4818.407074	-6142.500226	-7553.976767	-9043.677473	-10496.094981	-4.177103	-5.941352	-0.960353	3.870145	14.262593	11.635163	17.398153	18.501835	19.715112	22.050096	22.979174	24.470903	52
