name	rmr4	rmr5	rmr6	rmr7	rmr8	rmr9	rmr10	rmr11	rmr12	rmr13	rmr14	rmr15	rcr4	rcr5	rcr6	rcr7	rcr8	rcr9	rcr10	rcr11	rcr12	rcr13	rcr14	rcr15	fmr4	fmr5	fmr6	fmr7	fmr8	fmr9	fmr10	fmr11	fmr12	fmr13	fmr14	fmr15	fcr4	fcr5	fcr6	fcr7	fcr8	fcr9	fcr10	fcr11	fcr12	fcr13	fcr14	fcr15	rmc4	rmc5	rmc6	rmc7	rmc8	rmc9	rmc10	rmc11	rmc12	rmc13	rmc14	rmc15	rcc4	rcc5	rcc6	rcc7	rcc8	rcc9	rcc10	rcc11	rcc12	rcc13	rcc14	rcc15	fmc4	fmc5	fmc6	fmc7	fmc8	fmc9	fmc10	fmc11	fmc12	fmc13	fmc14	fmc15	fcc4	fcc5	fcc6	fcc7	fcc8	fcc9	fcc10	fcc11	fcc12	fcc13	fcc14	fcc15	size
3pww_ligand	-14.811470	-28.965600	-45.443719	-32.613524	8.924118	47.408229	71.184827	96.412029	118.521111	131.923331	142.500891	138.504320	-9.292053	-12.606824	-24.986495	-15.030611	19.317870	44.193588	68.304241	99.397389	126.933951	154.622121	177.401628	187.345423	-16.049748	-28.695454	-40.081368	-37.648403	-30.213391	-29.720271	-30.094548	-28.945690	-29.549178	-27.184426	-24.602369	-22.946198	-20.756792	-33.573031	-43.557431	-40.531377	-33.631947	-33.349450	-32.881203	-30.304692	-30.596186	-29.842627	-28.423652	-28.143435	-180.004010	-537.708751	-1068.422133	-1736.456450	-2662.333408	-3967.049310	-5699.215339	-7941.024832	-10619.256378	-13614.572843	-17043.680728	-20893.192841	-5.852522	-15.197720	-34.347617	-28.858783	5.436071	27.606321	46.610101	69.783645	89.420933	108.876881	121.446652	120.367305	-184.833070	-557.688586	-1124.984144	-1892.987068	-2993.614359	-4506.779801	-6461.882974	-8939.317474	-11815.816233	-14939.411083	-18453.225541	-22365.164257	-13.426893	-25.317885	-36.324166	-33.722177	-26.670437	-26.406880	-25.985922	-23.572924	-23.733691	-22.387275	-19.926583	-18.406444	100
