name	rmr4	rmr5	rmr6	rmr7	rmr8	rmr9	rmr10	rmr11	rmr12	rmr13	rmr14	rmr15	rcr4	rcr5	rcr6	rcr7	rcr8	rcr9	rcr10	rcr11	rcr12	rcr13	rcr14	rcr15	fmr4	fmr5	fmr6	fmr7	fmr8	fmr9	fmr10	fmr11	fmr12	fmr13	fmr14	fmr15	fcr4	fcr5	fcr6	fcr7	fcr8	fcr9	fcr10	fcr11	fcr12	fcr13	fcr14	fcr15	rmc4	rmc5	rmc6	rmc7	rmc8	rmc9	rmc10	rmc11	rmc12	rmc13	rmc14	rmc15	rcc4	rcc5	rcc6	rcc7	rcc8	rcc9	rcc10	rcc11	rcc12	rcc13	rcc14	rcc15	fmc4	fmc5	fmc6	fmc7	fmc8	fmc9	fmc10	fmc11	fmc12	fmc13	fmc14	fmc15	fcc4	fcc5	fcc6	fcc7	fcc8	fcc9	fcc10	fcc11	fcc12	fcc13	fcc14	fcc15	size
3pxf_ligand	-4.702721	-15.039400	-18.483888	-21.824393	-30.692835	-40.643656	-51.869941	-58.056481	-58.777793	-57.631755	-56.414624	-53.423527	-3.239951	-7.921166	-7.018447	-2.653524	0.552404	8.643602	16.639048	23.744405	30.655194	36.252231	35.759971	32.914475	-3.205943	-9.873764	-10.512700	-11.901248	-16.163766	-18.640054	-20.126420	-19.046349	-14.111707	-9.785507	-5.310224	0.162277	-2.973239	-7.390029	-7.417487	-7.674029	-10.090115	-10.131908	-11.981399	-15.393675	-17.676797	-20.822511	-25.120932	-28.423603	-53.033733	-164.598514	-309.820338	-512.950424	-854.180880	-1356.454859	-1949.716593	-2534.875742	-3076.812559	-3585.040419	-3970.994465	-4244.471525	-3.437147	-8.579120	-7.053676	-1.497841	5.328723	17.007806	26.673779	34.563565	41.838801	47.532229	46.952439	43.915594	-51.526400	-166.629719	-327.063344	-567.087887	-977.159741	-1567.094100	-2236.037638	-2871.468590	-3438.423030	-3951.099882	-4317.414128	-4564.786392	-2.837212	-7.318240	-7.240720	-7.407714	-8.842456	-8.190934	-10.055586	-13.562053	-15.988842	-18.807069	-22.447970	-25.155031	33
