name	rmr4	rmr5	rmr6	rmr7	rmr8	rmr9	rmr10	rmr11	rmr12	rmr13	rmr14	rmr15	rcr4	rcr5	rcr6	rcr7	rcr8	rcr9	rcr10	rcr11	rcr12	rcr13	rcr14	rcr15	fmr4	fmr5	fmr6	fmr7	fmr8	fmr9	fmr10	fmr11	fmr12	fmr13	fmr14	fmr15	fcr4	fcr5	fcr6	fcr7	fcr8	fcr9	fcr10	fcr11	fcr12	fcr13	fcr14	fcr15	rmc4	rmc5	rmc6	rmc7	rmc8	rmc9	rmc10	rmc11	rmc12	rmc13	rmc14	rmc15	rcc4	rcc5	rcc6	rcc7	rcc8	rcc9	rcc10	rcc11	rcc12	rcc13	rcc14	rcc15	fmc4	fmc5	fmc6	fmc7	fmc8	fmc9	fmc10	fmc11	fmc12	fmc13	fmc14	fmc15	fcc4	fcc5	fcc6	fcc7	fcc8	fcc9	fcc10	fcc11	fcc12	fcc13	fcc14	fcc15	size
3pxf_ligand	-6.499611	-12.754433	-22.719303	-24.205791	-9.042323	-2.200149	-2.887709	-10.434881	-15.674635	-14.844593	1.124421	-2.971202	-0.052109	-2.589446	-8.670776	-8.921599	2.328208	23.849825	58.592952	88.881440	107.583826	124.028385	143.672521	157.450467	-3.865245	-4.636564	-6.055199	-5.711675	2.531158	3.424785	4.091170	4.127747	8.619760	10.238462	10.331992	9.679595	-0.245189	-0.364652	-2.215031	-1.188026	5.107978	9.974646	18.287782	20.182404	22.285167	22.761288	26.380090	23.117173	-46.135040	-156.037486	-305.590352	-510.261420	-829.213826	-1336.341640	-2017.382757	-2827.923085	-3726.176871	-4770.584035	-5922.627687	-7018.580914	-0.867050	-5.386286	-10.091390	-7.547278	14.291088	40.163529	68.254305	89.200947	101.633249	111.000131	120.925621	128.212303	-45.028338	-155.573762	-315.608007	-552.873927	-943.125253	-1553.318385	-2341.187598	-3243.615461	-4201.989054	-5288.351190	-6463.141929	-7569.025872	0.061383	-0.672618	-2.027793	-0.909447	8.467793	13.895311	20.609678	22.755691	26.661401	28.905726	35.760839	37.317318	33
