name	rmr4	rmr5	rmr6	rmr7	rmr8	rmr9	rmr10	rmr11	rmr12	rmr13	rmr14	rmr15	rcr4	rcr5	rcr6	rcr7	rcr8	rcr9	rcr10	rcr11	rcr12	rcr13	rcr14	rcr15	fmr4	fmr5	fmr6	fmr7	fmr8	fmr9	fmr10	fmr11	fmr12	fmr13	fmr14	fmr15	fcr4	fcr5	fcr6	fcr7	fcr8	fcr9	fcr10	fcr11	fcr12	fcr13	fcr14	fcr15	rmc4	rmc5	rmc6	rmc7	rmc8	rmc9	rmc10	rmc11	rmc12	rmc13	rmc14	rmc15	rcc4	rcc5	rcc6	rcc7	rcc8	rcc9	rcc10	rcc11	rcc12	rcc13	rcc14	rcc15	fmc4	fmc5	fmc6	fmc7	fmc8	fmc9	fmc10	fmc11	fmc12	fmc13	fmc14	fmc15	fcc4	fcc5	fcc6	fcc7	fcc8	fcc9	fcc10	fcc11	fcc12	fcc13	fcc14	fcc15	size
3pyy_ligand	-4.863623	-16.057682	-33.795374	-27.541912	-13.294449	-4.808961	4.135350	7.139872	4.615484	3.666095	15.533994	15.967635	1.747911	-3.684547	-13.725272	-5.989573	4.481061	9.444868	21.353772	31.287362	36.155874	41.102243	52.522678	61.772347	-1.283476	-1.344376	-2.014588	4.942463	2.820224	-0.931316	1.797073	3.638831	5.615428	6.956509	9.807028	11.910528	-0.907692	-4.237324	-4.168641	4.886734	7.696126	5.947423	6.749124	6.665611	7.933822	10.286106	15.371529	15.055126	-122.670065	-345.247866	-678.709921	-1055.748424	-1561.790061	-2218.638635	-3087.693766	-4116.241911	-5263.064348	-6534.724850	-7960.535071	-9503.090455	2.802277	-3.504252	-12.807201	-3.284452	10.689634	18.677445	31.763882	41.731295	46.540388	50.501147	60.139062	67.506321	-121.276775	-348.895623	-701.239698	-1131.897880	-1720.146522	-2473.767768	-3457.107499	-4585.768650	-5801.232497	-7111.511392	-8562.974954	-10129.124105	1.926839	-0.525919	-0.589473	8.254158	9.834863	7.439144	8.486354	8.689115	10.400226	13.713838	20.085464	21.138071	38
