name	rmr4	rmr5	rmr6	rmr7	rmr8	rmr9	rmr10	rmr11	rmr12	rmr13	rmr14	rmr15	rcr4	rcr5	rcr6	rcr7	rcr8	rcr9	rcr10	rcr11	rcr12	rcr13	rcr14	rcr15	fmr4	fmr5	fmr6	fmr7	fmr8	fmr9	fmr10	fmr11	fmr12	fmr13	fmr14	fmr15	fcr4	fcr5	fcr6	fcr7	fcr8	fcr9	fcr10	fcr11	fcr12	fcr13	fcr14	fcr15	rmc4	rmc5	rmc6	rmc7	rmc8	rmc9	rmc10	rmc11	rmc12	rmc13	rmc14	rmc15	rcc4	rcc5	rcc6	rcc7	rcc8	rcc9	rcc10	rcc11	rcc12	rcc13	rcc14	rcc15	fmc4	fmc5	fmc6	fmc7	fmc8	fmc9	fmc10	fmc11	fmc12	fmc13	fmc14	fmc15	fcc4	fcc5	fcc6	fcc7	fcc8	fcc9	fcc10	fcc11	fcc12	fcc13	fcc14	fcc15	size
3qgy_ligand	-14.850907	-24.080235	-20.808350	-14.596142	16.891657	57.413509	94.844035	118.148878	125.974985	134.116448	157.054342	172.314719	-3.430194	-9.386276	-11.867277	-10.960649	0.854360	17.161321	43.753409	74.348886	86.382668	96.936985	110.460981	128.734772	-10.863576	-12.587312	-2.174588	-0.260014	3.245217	6.969813	2.295949	-0.942728	-4.811027	-3.577861	-5.861420	-3.680794	-5.444246	-5.965232	0.578842	5.276547	9.805451	10.501018	7.067985	3.398819	1.251483	2.487292	2.567730	1.871452	-112.395048	-332.701165	-636.435914	-1026.347056	-1615.949338	-2468.670358	-3539.442344	-4782.011753	-6253.185616	-7956.973540	-9793.882003	-11700.788348	-5.319448	-13.964018	-14.828054	-13.734219	0.186567	11.675582	26.235677	42.080359	41.804538	40.238178	38.969719	43.864126	-110.740708	-331.061538	-654.986363	-1096.428886	-1791.128352	-2780.878331	-3990.273656	-5355.945982	-6915.400461	-8673.355446	-10534.707483	-12460.402651	-4.499257	-4.746171	2.327314	7.084209	12.098051	12.443730	9.784265	8.823693	8.685893	11.915032	16.322316	20.760016	46
