name	rmr4	rmr5	rmr6	rmr7	rmr8	rmr9	rmr10	rmr11	rmr12	rmr13	rmr14	rmr15	rcr4	rcr5	rcr6	rcr7	rcr8	rcr9	rcr10	rcr11	rcr12	rcr13	rcr14	rcr15	fmr4	fmr5	fmr6	fmr7	fmr8	fmr9	fmr10	fmr11	fmr12	fmr13	fmr14	fmr15	fcr4	fcr5	fcr6	fcr7	fcr8	fcr9	fcr10	fcr11	fcr12	fcr13	fcr14	fcr15	rmc4	rmc5	rmc6	rmc7	rmc8	rmc9	rmc10	rmc11	rmc12	rmc13	rmc14	rmc15	rcc4	rcc5	rcc6	rcc7	rcc8	rcc9	rcc10	rcc11	rcc12	rcc13	rcc14	rcc15	fmc4	fmc5	fmc6	fmc7	fmc8	fmc9	fmc10	fmc11	fmc12	fmc13	fmc14	fmc15	fcc4	fcc5	fcc6	fcc7	fcc8	fcc9	fcc10	fcc11	fcc12	fcc13	fcc14	fcc15	size
3qqs_ligand	-12.563018	-16.768140	-14.968411	-12.631429	-2.583342	5.673146	5.869698	9.770444	10.601777	10.755656	12.330444	13.598996	-7.465478	-5.208625	2.654266	9.836268	21.769205	35.086873	42.332107	51.607302	55.365268	54.762396	52.486802	46.912302	-10.069490	-11.658031	-12.034663	-14.736492	-14.640129	-15.142549	-17.256315	-17.584630	-17.189999	-16.147768	-13.550319	-9.206221	-8.061677	-9.560432	-9.128021	-11.714048	-11.159654	-11.504705	-16.273067	-21.098014	-26.845290	-34.028858	-40.424855	-46.402821	-122.191883	-319.262012	-595.084782	-936.615898	-1424.369351	-2033.909970	-2701.179786	-3359.856324	-3975.084860	-4475.396013	-4839.895995	-5069.511504	-8.244222	-6.520883	2.310526	10.787287	25.836284	41.412136	49.475719	59.102952	62.974336	62.324270	60.033050	54.424663	-119.746107	-326.734137	-637.299502	-1036.478356	-1613.689156	-2318.939680	-3061.000132	-3773.829836	-4414.177598	-4904.951999	-5239.902686	-5435.541502	-7.852363	-8.952828	-8.334632	-11.177280	-10.816958	-11.652881	-16.604937	-21.466383	-27.277759	-33.794901	-39.128800	-44.174815	28
