name	rmr4	rmr5	rmr6	rmr7	rmr8	rmr9	rmr10	rmr11	rmr12	rmr13	rmr14	rmr15	rcr4	rcr5	rcr6	rcr7	rcr8	rcr9	rcr10	rcr11	rcr12	rcr13	rcr14	rcr15	fmr4	fmr5	fmr6	fmr7	fmr8	fmr9	fmr10	fmr11	fmr12	fmr13	fmr14	fmr15	fcr4	fcr5	fcr6	fcr7	fcr8	fcr9	fcr10	fcr11	fcr12	fcr13	fcr14	fcr15	rmc4	rmc5	rmc6	rmc7	rmc8	rmc9	rmc10	rmc11	rmc12	rmc13	rmc14	rmc15	rcc4	rcc5	rcc6	rcc7	rcc8	rcc9	rcc10	rcc11	rcc12	rcc13	rcc14	rcc15	fmc4	fmc5	fmc6	fmc7	fmc8	fmc9	fmc10	fmc11	fmc12	fmc13	fmc14	fmc15	fcc4	fcc5	fcc6	fcc7	fcc8	fcc9	fcc10	fcc11	fcc12	fcc13	fcc14	fcc15	size
3qqs_ligand	-19.877626	-37.127039	-46.868218	-31.093926	-16.171255	-1.666599	2.378338	-0.417066	-5.991708	-9.965375	-15.616755	-24.300817	-1.597594	-6.603313	0.662017	7.594795	13.751441	28.213907	36.667380	40.054650	43.563734	50.503577	54.978030	73.176770	-14.120426	-19.318307	-22.508538	-21.155520	-34.556402	-49.194512	-62.260336	-83.014078	-98.108464	-109.614302	-132.585434	-148.558355	-1.262929	-2.884678	3.265115	5.996118	3.333312	4.599929	7.792852	4.006391	7.982681	16.732653	19.210768	26.678140	-96.180168	-288.733212	-549.458164	-868.567384	-1330.247376	-1909.113372	-2587.781578	-3370.693114	-4316.040114	-5439.605994	-6735.085197	-8185.778418	-3.575143	-10.477228	-4.223532	5.930610	20.003317	39.962264	51.209511	56.508223	61.838334	70.090373	75.503252	94.750643	-94.961499	-289.804269	-576.530696	-947.415211	-1496.539378	-2171.083796	-2926.321715	-3779.138382	-4781.517135	-5944.380198	-7270.136364	-8757.808298	-2.201861	-3.477010	2.948673	5.609684	2.814317	3.195719	5.778336	1.805678	5.832348	14.881990	17.733581	25.492607	28
