name	rmr4	rmr5	rmr6	rmr7	rmr8	rmr9	rmr10	rmr11	rmr12	rmr13	rmr14	rmr15	rcr4	rcr5	rcr6	rcr7	rcr8	rcr9	rcr10	rcr11	rcr12	rcr13	rcr14	rcr15	fmr4	fmr5	fmr6	fmr7	fmr8	fmr9	fmr10	fmr11	fmr12	fmr13	fmr14	fmr15	fcr4	fcr5	fcr6	fcr7	fcr8	fcr9	fcr10	fcr11	fcr12	fcr13	fcr14	fcr15	rmc4	rmc5	rmc6	rmc7	rmc8	rmc9	rmc10	rmc11	rmc12	rmc13	rmc14	rmc15	rcc4	rcc5	rcc6	rcc7	rcc8	rcc9	rcc10	rcc11	rcc12	rcc13	rcc14	rcc15	fmc4	fmc5	fmc6	fmc7	fmc8	fmc9	fmc10	fmc11	fmc12	fmc13	fmc14	fmc15	fcc4	fcc5	fcc6	fcc7	fcc8	fcc9	fcc10	fcc11	fcc12	fcc13	fcc14	fcc15	size
3r88_ligand	-8.929065	-9.434640	-16.383923	-6.774782	-0.244423	3.684024	1.602375	-2.435969	-6.493535	-8.547214	-11.821553	-20.093482	1.495820	12.939501	18.065131	23.959343	26.447843	32.247843	32.869109	34.833929	36.131490	40.975941	43.180666	53.398302	-6.866461	0.486421	-0.832277	-1.433634	-9.817444	-19.850302	-30.712408	-43.699954	-55.541761	-67.177962	-84.961946	-98.353787	-1.490303	11.149579	16.791859	19.861919	20.666900	22.633407	21.924613	21.654931	22.054270	23.749326	22.380327	25.844792	-68.584825	-216.531839	-403.038229	-616.582416	-917.554510	-1281.666318	-1715.951792	-2207.217812	-2827.610218	-3595.128544	-4482.710617	-5488.343361	0.817610	10.342551	14.561130	21.776044	29.019224	37.828678	40.140129	43.249807	45.770291	51.561288	54.440921	65.430269	-70.367089	-219.734357	-421.008999	-666.472896	-1019.778236	-1436.604509	-1919.271103	-2452.848704	-3113.784359	-3916.352952	-4829.767695	-5863.151981	-1.341465	11.148063	16.649863	18.569943	18.644408	19.588246	18.428600	18.042077	18.465884	20.280353	19.090417	22.700563	24
