name	rmr4	rmr5	rmr6	rmr7	rmr8	rmr9	rmr10	rmr11	rmr12	rmr13	rmr14	rmr15	rcr4	rcr5	rcr6	rcr7	rcr8	rcr9	rcr10	rcr11	rcr12	rcr13	rcr14	rcr15	fmr4	fmr5	fmr6	fmr7	fmr8	fmr9	fmr10	fmr11	fmr12	fmr13	fmr14	fmr15	fcr4	fcr5	fcr6	fcr7	fcr8	fcr9	fcr10	fcr11	fcr12	fcr13	fcr14	fcr15	rmc4	rmc5	rmc6	rmc7	rmc8	rmc9	rmc10	rmc11	rmc12	rmc13	rmc14	rmc15	rcc4	rcc5	rcc6	rcc7	rcc8	rcc9	rcc10	rcc11	rcc12	rcc13	rcc14	rcc15	fmc4	fmc5	fmc6	fmc7	fmc8	fmc9	fmc10	fmc11	fmc12	fmc13	fmc14	fmc15	fcc4	fcc5	fcc6	fcc7	fcc8	fcc9	fcc10	fcc11	fcc12	fcc13	fcc14	fcc15	size
3rlr_ligand	-8.626354	-16.893454	-21.844055	-30.001335	-30.699709	-37.486739	-40.222717	-43.689333	-47.807469	-53.389019	-55.456543	-54.219248	-5.107548	-5.418171	-1.601318	-1.853263	2.527188	5.638457	19.821963	31.964879	39.824492	41.470842	39.524440	35.981835	-6.604671	-10.364510	-10.227871	-14.745844	-14.949299	-15.910362	-13.737208	-12.813674	-11.278927	-8.915081	-3.628427	3.111913	-6.711902	-10.447189	-10.547093	-15.310268	-15.802596	-16.803321	-16.452405	-19.949844	-24.800136	-31.978284	-39.657324	-46.254888	-155.985798	-400.383647	-715.822242	-1117.730122	-1728.269885	-2551.684988	-3524.889078	-4586.355887	-5669.905915	-6680.544096	-7488.946756	-8122.852338	-5.557231	-6.059322	-0.017499	2.269422	12.683885	21.457705	39.199530	53.928456	63.582935	65.895394	63.823008	59.746493	-154.157124	-407.517488	-758.257091	-1220.544942	-1938.582352	-2886.903528	-3985.120665	-5147.131160	-6293.976021	-7317.236701	-8098.880573	-8696.867477	-5.779620	-9.230492	-9.437726	-14.884465	-15.105647	-16.145444	-16.151525	-20.133164	-25.602754	-32.707791	-39.706926	-45.698983	35
