name	rmr4	rmr5	rmr6	rmr7	rmr8	rmr9	rmr10	rmr11	rmr12	rmr13	rmr14	rmr15	rcr4	rcr5	rcr6	rcr7	rcr8	rcr9	rcr10	rcr11	rcr12	rcr13	rcr14	rcr15	fmr4	fmr5	fmr6	fmr7	fmr8	fmr9	fmr10	fmr11	fmr12	fmr13	fmr14	fmr15	fcr4	fcr5	fcr6	fcr7	fcr8	fcr9	fcr10	fcr11	fcr12	fcr13	fcr14	fcr15	rmc4	rmc5	rmc6	rmc7	rmc8	rmc9	rmc10	rmc11	rmc12	rmc13	rmc14	rmc15	rcc4	rcc5	rcc6	rcc7	rcc8	rcc9	rcc10	rcc11	rcc12	rcc13	rcc14	rcc15	fmc4	fmc5	fmc6	fmc7	fmc8	fmc9	fmc10	fmc11	fmc12	fmc13	fmc14	fmc15	fcc4	fcc5	fcc6	fcc7	fcc8	fcc9	fcc10	fcc11	fcc12	fcc13	fcc14	fcc15	size
3rlr_ligand	-9.963066	-16.468394	-29.115640	-30.378781	-9.965617	6.828084	24.648922	28.497758	24.864517	18.287706	20.822592	21.437694	2.986176	8.687994	11.832143	16.336609	30.627133	45.459869	77.954429	98.263122	116.618858	133.502953	145.747826	164.383596	-7.210619	-5.510965	-3.467928	-0.752794	6.951546	14.574751	24.224670	26.223553	28.759143	31.679243	31.573236	38.768754	-0.629266	1.474790	3.494338	7.895240	14.450235	20.833114	32.212896	33.969284	36.966396	40.317236	41.027855	46.920689	-98.268833	-306.807309	-587.520261	-944.148676	-1487.319785	-2253.387055	-3227.853475	-4438.561986	-5916.913788	-7608.571088	-9483.294781	-11560.604262	1.010507	4.302025	7.576441	16.142660	43.926808	69.049719	107.330880	132.231538	154.431361	173.045832	186.261906	206.012435	-99.344642	-316.428364	-625.526953	-1036.528356	-1688.930202	-2584.884179	-3702.378149	-5045.871220	-6641.404366	-8410.956152	-10334.568405	-12457.260694	-0.550327	1.950138	4.547161	8.715722	17.524305	24.734870	36.054111	37.772288	40.775065	44.547217	46.043056	52.650187	35
