name	rmr4	rmr5	rmr6	rmr7	rmr8	rmr9	rmr10	rmr11	rmr12	rmr13	rmr14	rmr15	rcr4	rcr5	rcr6	rcr7	rcr8	rcr9	rcr10	rcr11	rcr12	rcr13	rcr14	rcr15	fmr4	fmr5	fmr6	fmr7	fmr8	fmr9	fmr10	fmr11	fmr12	fmr13	fmr14	fmr15	fcr4	fcr5	fcr6	fcr7	fcr8	fcr9	fcr10	fcr11	fcr12	fcr13	fcr14	fcr15	rmc4	rmc5	rmc6	rmc7	rmc8	rmc9	rmc10	rmc11	rmc12	rmc13	rmc14	rmc15	rcc4	rcc5	rcc6	rcc7	rcc8	rcc9	rcc10	rcc11	rcc12	rcc13	rcc14	rcc15	fmc4	fmc5	fmc6	fmc7	fmc8	fmc9	fmc10	fmc11	fmc12	fmc13	fmc14	fmc15	fcc4	fcc5	fcc6	fcc7	fcc8	fcc9	fcc10	fcc11	fcc12	fcc13	fcc14	fcc15	size
3rr4_ligand	-11.855475	-13.065278	-13.017840	-0.865005	25.376972	49.476315	71.771020	100.512096	112.736698	132.718199	162.795939	173.503699	-2.312686	-9.811532	-9.391215	-1.724304	7.001979	16.409807	19.288966	26.893568	25.737815	28.864248	31.554359	37.186950	-10.209604	-8.296341	-2.541952	4.188877	6.202127	11.744592	10.874134	11.081582	12.988598	13.132843	16.492454	21.236933	-8.833235	-14.753790	-6.794094	6.011611	12.682552	21.573976	22.637104	24.824384	27.181366	29.684093	32.976442	37.516910	-162.989168	-360.999915	-595.356602	-883.068142	-1293.461973	-1835.043612	-2544.395708	-3425.598614	-4518.620301	-5829.763002	-7471.579860	-9253.584779	0.304857	-5.459418	-5.558988	1.449677	10.652702	19.657235	21.087119	26.107925	22.016516	21.584125	18.934862	19.215537	-162.926257	-360.066601	-601.138708	-919.545632	-1396.298099	-2013.018512	-2806.223446	-3771.735955	-4932.318647	-6295.466122	-7981.471651	-9796.696010	-2.545343	-3.306784	5.539167	18.219013	24.446714	33.104660	34.230098	36.600952	39.091789	41.756867	45.017070	49.836197	30
