name	rmr4	rmr5	rmr6	rmr7	rmr8	rmr9	rmr10	rmr11	rmr12	rmr13	rmr14	rmr15	rcr4	rcr5	rcr6	rcr7	rcr8	rcr9	rcr10	rcr11	rcr12	rcr13	rcr14	rcr15	fmr4	fmr5	fmr6	fmr7	fmr8	fmr9	fmr10	fmr11	fmr12	fmr13	fmr14	fmr15	fcr4	fcr5	fcr6	fcr7	fcr8	fcr9	fcr10	fcr11	fcr12	fcr13	fcr14	fcr15	rmc4	rmc5	rmc6	rmc7	rmc8	rmc9	rmc10	rmc11	rmc12	rmc13	rmc14	rmc15	rcc4	rcc5	rcc6	rcc7	rcc8	rcc9	rcc10	rcc11	rcc12	rcc13	rcc14	rcc15	fmc4	fmc5	fmc6	fmc7	fmc8	fmc9	fmc10	fmc11	fmc12	fmc13	fmc14	fmc15	fcc4	fcc5	fcc6	fcc7	fcc8	fcc9	fcc10	fcc11	fcc12	fcc13	fcc14	fcc15	size
3rsx_ligand	-20.174017	-20.314219	-25.946005	-19.435724	3.417324	31.693909	56.125666	77.624557	90.617256	103.768826	124.764251	135.119303	-15.672879	-12.619589	-12.817026	-11.302401	-1.982686	7.778770	14.269045	22.240033	22.040737	23.806551	24.047515	26.073362	-17.225895	-11.073010	-10.137938	-8.286134	-8.579733	-7.464085	-8.501718	-12.933072	-17.678639	-21.939396	-24.527198	-25.374070	-18.432585	-15.225038	-13.407380	-8.032026	0.952245	4.685043	4.942068	3.324025	1.955236	1.861086	4.186587	1.994963	-92.625423	-239.527385	-436.542177	-681.840905	-988.312158	-1415.013464	-2015.013835	-2740.533725	-3602.255223	-4595.058621	-5683.354727	-6889.530366	-12.464332	-11.266026	-13.642396	-12.363029	-1.081842	9.172307	13.435543	18.201888	14.580219	12.242814	8.077042	5.641923	-91.531359	-239.316974	-449.537451	-723.908263	-1077.392671	-1571.422736	-2248.534389	-3046.383691	-3960.382482	-4986.747794	-6088.543824	-7311.654145	-12.515524	-7.596190	-5.303910	0.094940	7.726850	11.094682	11.164499	9.739498	8.748368	9.253488	12.513654	11.237157	26
