name	rmr4	rmr5	rmr6	rmr7	rmr8	rmr9	rmr10	rmr11	rmr12	rmr13	rmr14	rmr15	rcr4	rcr5	rcr6	rcr7	rcr8	rcr9	rcr10	rcr11	rcr12	rcr13	rcr14	rcr15	fmr4	fmr5	fmr6	fmr7	fmr8	fmr9	fmr10	fmr11	fmr12	fmr13	fmr14	fmr15	fcr4	fcr5	fcr6	fcr7	fcr8	fcr9	fcr10	fcr11	fcr12	fcr13	fcr14	fcr15	rmc4	rmc5	rmc6	rmc7	rmc8	rmc9	rmc10	rmc11	rmc12	rmc13	rmc14	rmc15	rcc4	rcc5	rcc6	rcc7	rcc8	rcc9	rcc10	rcc11	rcc12	rcc13	rcc14	rcc15	fmc4	fmc5	fmc6	fmc7	fmc8	fmc9	fmc10	fmc11	fmc12	fmc13	fmc14	fmc15	fcc4	fcc5	fcc6	fcc7	fcc8	fcc9	fcc10	fcc11	fcc12	fcc13	fcc14	fcc15	size
3ryj_ligand	-7.494391	-12.192509	-9.851422	-1.851180	23.138650	46.658409	101.978025	135.178890	139.498146	156.119607	185.514293	194.776251	-3.360664	-9.578193	-8.675780	-4.047914	13.378274	31.648614	80.339302	111.440036	124.683232	139.968593	167.390092	182.415158	-7.094100	-10.307507	-7.865623	-6.660959	-1.102524	0.188534	19.713745	26.363514	24.854040	28.557414	37.475147	33.247967	-5.807897	-11.539353	-10.034162	-8.523345	-2.893313	-1.733917	19.882737	27.187397	26.621433	29.513498	39.426086	34.857106	-72.597348	-222.326313	-423.948644	-689.551636	-1062.787434	-1606.216572	-2335.562877	-3226.481570	-4316.973018	-5592.205706	-7082.484532	-8777.410035	-2.455697	-9.531406	-8.026712	-1.646573	20.125570	42.857018	93.734125	125.954339	140.191896	155.206620	181.396980	194.910471	-72.641077	-226.462299	-445.455840	-755.202529	-1205.268870	-1851.250699	-2705.197119	-3704.234872	-4880.662712	-6217.062379	-7760.705707	-9506.140856	-3.937200	-9.478006	-8.043015	-6.410509	-0.508245	1.121756	22.789443	30.124922	29.645286	32.744183	42.959931	38.792761	27
