name	rmr4	rmr5	rmr6	rmr7	rmr8	rmr9	rmr10	rmr11	rmr12	rmr13	rmr14	rmr15	rcr4	rcr5	rcr6	rcr7	rcr8	rcr9	rcr10	rcr11	rcr12	rcr13	rcr14	rcr15	fmr4	fmr5	fmr6	fmr7	fmr8	fmr9	fmr10	fmr11	fmr12	fmr13	fmr14	fmr15	fcr4	fcr5	fcr6	fcr7	fcr8	fcr9	fcr10	fcr11	fcr12	fcr13	fcr14	fcr15	rmc4	rmc5	rmc6	rmc7	rmc8	rmc9	rmc10	rmc11	rmc12	rmc13	rmc14	rmc15	rcc4	rcc5	rcc6	rcc7	rcc8	rcc9	rcc10	rcc11	rcc12	rcc13	rcc14	rcc15	fmc4	fmc5	fmc6	fmc7	fmc8	fmc9	fmc10	fmc11	fmc12	fmc13	fmc14	fmc15	fcc4	fcc5	fcc6	fcc7	fcc8	fcc9	fcc10	fcc11	fcc12	fcc13	fcc14	fcc15	size
3ryj_ligand	-0.247068	-2.977429	1.508439	9.116822	19.096141	31.827710	41.663794	44.366492	42.233371	41.407803	41.534698	41.658071	-2.827932	-4.826376	-1.072597	3.908235	9.224704	18.161864	30.127835	38.380870	41.110552	42.769059	42.701322	40.707667	-0.323506	-4.471427	-3.822257	-5.473166	-7.016575	-6.179421	-6.624728	-7.433055	-7.579893	-6.179028	-2.695899	2.162398	-5.547843	-10.040392	-8.175527	-9.494339	-10.662032	-9.849677	-10.811179	-14.396733	-20.143253	-26.205110	-32.712353	-38.081674	-114.291196	-294.090469	-528.128949	-848.207509	-1289.653801	-1893.365717	-2651.723996	-3427.516063	-4149.246956	-4764.398791	-5257.942482	-5648.887204	-2.425252	-4.338471	0.448439	8.232015	18.330385	32.506028	48.404779	58.928561	62.643807	64.307497	63.810892	61.145646	-113.620662	-300.749067	-556.930540	-932.485455	-1452.720432	-2155.712069	-3018.679446	-3866.355283	-4621.724214	-5234.600705	-5704.744182	-6068.570179	-4.712071	-9.099270	-7.586587	-9.052108	-10.562245	-9.803135	-10.959678	-15.139665	-21.649970	-27.687786	-33.662423	-38.544003	27
