name	rmr4	rmr5	rmr6	rmr7	rmr8	rmr9	rmr10	rmr11	rmr12	rmr13	rmr14	rmr15	rcr4	rcr5	rcr6	rcr7	rcr8	rcr9	rcr10	rcr11	rcr12	rcr13	rcr14	rcr15	fmr4	fmr5	fmr6	fmr7	fmr8	fmr9	fmr10	fmr11	fmr12	fmr13	fmr14	fmr15	fcr4	fcr5	fcr6	fcr7	fcr8	fcr9	fcr10	fcr11	fcr12	fcr13	fcr14	fcr15	rmc4	rmc5	rmc6	rmc7	rmc8	rmc9	rmc10	rmc11	rmc12	rmc13	rmc14	rmc15	rcc4	rcc5	rcc6	rcc7	rcc8	rcc9	rcc10	rcc11	rcc12	rcc13	rcc14	rcc15	fmc4	fmc5	fmc6	fmc7	fmc8	fmc9	fmc10	fmc11	fmc12	fmc13	fmc14	fmc15	fcc4	fcc5	fcc6	fcc7	fcc8	fcc9	fcc10	fcc11	fcc12	fcc13	fcc14	fcc15	size
3syr_ligand	-0.113137	-10.176943	-13.062404	-5.642272	24.952741	36.481593	40.216698	39.510192	34.187895	23.822577	0.311200	-41.629141	6.759720	4.570605	7.341977	18.748566	33.874998	40.414966	53.934751	68.066189	83.621727	104.757209	123.201765	132.631222	-9.811887	-16.072358	-18.800206	-28.475394	-36.593167	-49.009823	-65.623124	-84.601430	-109.508845	-135.657281	-166.847027	-203.271249	-9.350952	-12.500466	-9.300255	-4.990413	-3.475033	-2.351222	-1.744192	-0.203592	0.011620	2.661600	3.176626	3.524777	-143.484564	-353.845436	-655.157458	-1047.304792	-1553.276869	-2279.494255	-3216.958414	-4393.533153	-5834.044670	-7587.969645	-9589.406326	-11914.459071	7.887344	5.721498	9.410256	22.840768	40.902508	51.281853	67.397335	83.543060	101.035550	123.375739	142.289134	152.060190	-154.731122	-369.616699	-700.011540	-1156.527165	-1751.445576	-2591.919378	-3657.210478	-4958.355510	-6514.242308	-8363.396614	-10434.817721	-12817.987753	-7.390128	-10.165759	-6.899490	-2.828892	-2.235934	-1.250223	-0.719023	0.822880	1.045588	3.756025	4.460593	4.978055	33
