name	rmr4	rmr5	rmr6	rmr7	rmr8	rmr9	rmr10	rmr11	rmr12	rmr13	rmr14	rmr15	rcr4	rcr5	rcr6	rcr7	rcr8	rcr9	rcr10	rcr11	rcr12	rcr13	rcr14	rcr15	fmr4	fmr5	fmr6	fmr7	fmr8	fmr9	fmr10	fmr11	fmr12	fmr13	fmr14	fmr15	fcr4	fcr5	fcr6	fcr7	fcr8	fcr9	fcr10	fcr11	fcr12	fcr13	fcr14	fcr15	rmc4	rmc5	rmc6	rmc7	rmc8	rmc9	rmc10	rmc11	rmc12	rmc13	rmc14	rmc15	rcc4	rcc5	rcc6	rcc7	rcc8	rcc9	rcc10	rcc11	rcc12	rcc13	rcc14	rcc15	fmc4	fmc5	fmc6	fmc7	fmc8	fmc9	fmc10	fmc11	fmc12	fmc13	fmc14	fmc15	fcc4	fcc5	fcc6	fcc7	fcc8	fcc9	fcc10	fcc11	fcc12	fcc13	fcc14	fcc15	size
3twp_ligand	-1.730886	-4.401974	-4.416206	-2.954146	4.881180	9.511722	9.517098	7.954675	6.234370	5.242702	3.651068	2.603552	-2.182000	3.438134	7.119267	11.004105	19.894235	26.584450	28.551584	27.583901	25.417057	22.661274	17.780483	12.822958	-1.046375	-3.274236	-4.900923	-7.689592	-7.097946	-8.589067	-10.594342	-12.150519	-12.919537	-12.963354	-12.607943	-11.383081	-2.851559	-0.772050	-1.479827	-4.041658	-2.836259	-4.410280	-8.475781	-13.065652	-17.386001	-21.546786	-25.621760	-29.016375	-46.119617	-179.312372	-335.632473	-509.410117	-740.694649	-1022.398878	-1298.862875	-1543.659969	-1756.725025	-1913.723571	-1997.976853	-2043.903859	-1.796121	2.628360	6.563342	10.931592	21.137424	28.731314	30.881915	29.891989	27.632477	24.806705	19.911755	14.934700	-45.525114	-187.555029	-361.517603	-563.521599	-838.907016	-1164.457629	-1468.465953	-1725.985389	-1940.803846	-2087.666778	-2152.805443	-2181.383228	-2.084572	-0.452945	-1.403337	-4.332065	-3.479626	-5.428637	-9.626820	-14.239094	-18.591792	-22.421213	-25.975086	-28.955488	15
