name	rmr4	rmr5	rmr6	rmr7	rmr8	rmr9	rmr10	rmr11	rmr12	rmr13	rmr14	rmr15	rcr4	rcr5	rcr6	rcr7	rcr8	rcr9	rcr10	rcr11	rcr12	rcr13	rcr14	rcr15	fmr4	fmr5	fmr6	fmr7	fmr8	fmr9	fmr10	fmr11	fmr12	fmr13	fmr14	fmr15	fcr4	fcr5	fcr6	fcr7	fcr8	fcr9	fcr10	fcr11	fcr12	fcr13	fcr14	fcr15	rmc4	rmc5	rmc6	rmc7	rmc8	rmc9	rmc10	rmc11	rmc12	rmc13	rmc14	rmc15	rcc4	rcc5	rcc6	rcc7	rcc8	rcc9	rcc10	rcc11	rcc12	rcc13	rcc14	rcc15	fmc4	fmc5	fmc6	fmc7	fmc8	fmc9	fmc10	fmc11	fmc12	fmc13	fmc14	fmc15	fcc4	fcc5	fcc6	fcc7	fcc8	fcc9	fcc10	fcc11	fcc12	fcc13	fcc14	fcc15	size
3u5j_ligand	-13.242317	-22.184577	-31.143837	-30.248195	-11.276295	2.529499	16.389179	25.407529	27.858924	25.926680	33.953302	35.386997	-5.141886	-5.516492	-7.146041	-5.870046	4.843506	10.160514	23.065253	35.204819	41.854147	45.665074	49.998798	55.754728	-11.273285	-12.219431	-8.674884	-5.425736	-0.483214	0.026925	3.370588	3.826871	5.488109	5.298191	0.201965	1.447419	-6.974236	-6.572984	-1.975091	1.656951	7.709325	7.708308	12.537079	13.316321	15.576507	15.851042	15.401696	15.417299	-74.378994	-254.426849	-489.384536	-789.982412	-1209.718238	-1816.634797	-2590.623252	-3472.656313	-4454.560488	-5534.685395	-6707.712060	-7810.963070	-8.206006	-13.664208	-17.815215	-17.738145	-6.073738	-1.142576	9.494976	18.516836	22.465195	23.452249	24.298509	27.582668	-74.364168	-256.392482	-502.705852	-843.660003	-1332.538742	-2032.166520	-2901.324868	-3864.513679	-4902.178508	-6011.964958	-7198.470544	-8302.839825	-7.840205	-8.571516	-4.923570	-1.252608	4.883904	5.043974	9.815328	11.025382	13.891571	15.024089	16.009555	18.138814	35
