name	rmr4	rmr5	rmr6	rmr7	rmr8	rmr9	rmr10	rmr11	rmr12	rmr13	rmr14	rmr15	rcr4	rcr5	rcr6	rcr7	rcr8	rcr9	rcr10	rcr11	rcr12	rcr13	rcr14	rcr15	fmr4	fmr5	fmr6	fmr7	fmr8	fmr9	fmr10	fmr11	fmr12	fmr13	fmr14	fmr15	fcr4	fcr5	fcr6	fcr7	fcr8	fcr9	fcr10	fcr11	fcr12	fcr13	fcr14	fcr15	rmc4	rmc5	rmc6	rmc7	rmc8	rmc9	rmc10	rmc11	rmc12	rmc13	rmc14	rmc15	rcc4	rcc5	rcc6	rcc7	rcc8	rcc9	rcc10	rcc11	rcc12	rcc13	rcc14	rcc15	fmc4	fmc5	fmc6	fmc7	fmc8	fmc9	fmc10	fmc11	fmc12	fmc13	fmc14	fmc15	fcc4	fcc5	fcc6	fcc7	fcc8	fcc9	fcc10	fcc11	fcc12	fcc13	fcc14	fcc15	size
3u8k_ligand	-5.428620	-10.027454	-17.169964	-4.820363	13.060820	38.912722	59.103091	68.753010	80.014365	89.230374	101.170332	105.512587	1.852200	-2.024322	-4.786352	3.459505	11.755771	23.839345	33.730915	37.931145	46.699888	54.596174	61.077906	64.578683	-6.823097	-3.944879	-1.392120	5.739406	0.086938	2.894285	6.549575	3.993531	3.777495	4.207875	2.483035	6.121837	-6.050791	-6.877117	-3.064925	6.791609	9.160102	14.531378	17.208954	14.845902	16.305679	16.957717	17.866341	20.906221	-106.330245	-278.250538	-545.196962	-859.629619	-1263.934249	-1815.688169	-2572.223822	-3445.064277	-4393.903572	-5462.571040	-6563.440807	-7772.023035	3.034619	-2.271772	-8.763479	-1.080556	9.944435	23.421426	33.141854	36.581648	44.361499	50.621936	55.589742	57.605991	-110.953972	-282.740970	-561.025691	-918.030472	-1388.488493	-2026.507102	-2880.942926	-3835.129631	-4843.179107	-5948.215193	-7062.077738	-8278.437394	-2.971675	-2.094363	1.347851	10.764274	11.699282	16.676474	19.479146	17.217099	19.027047	20.388464	22.247490	26.041526	36
