name	rmr4	rmr5	rmr6	rmr7	rmr8	rmr9	rmr10	rmr11	rmr12	rmr13	rmr14	rmr15	rcr4	rcr5	rcr6	rcr7	rcr8	rcr9	rcr10	rcr11	rcr12	rcr13	rcr14	rcr15	fmr4	fmr5	fmr6	fmr7	fmr8	fmr9	fmr10	fmr11	fmr12	fmr13	fmr14	fmr15	fcr4	fcr5	fcr6	fcr7	fcr8	fcr9	fcr10	fcr11	fcr12	fcr13	fcr14	fcr15	rmc4	rmc5	rmc6	rmc7	rmc8	rmc9	rmc10	rmc11	rmc12	rmc13	rmc14	rmc15	rcc4	rcc5	rcc6	rcc7	rcc8	rcc9	rcc10	rcc11	rcc12	rcc13	rcc14	rcc15	fmc4	fmc5	fmc6	fmc7	fmc8	fmc9	fmc10	fmc11	fmc12	fmc13	fmc14	fmc15	fcc4	fcc5	fcc6	fcc7	fcc8	fcc9	fcc10	fcc11	fcc12	fcc13	fcc14	fcc15	size
3u8n_ligand	1.815751	-11.594677	-15.612315	-10.135638	7.994744	29.299492	44.808508	51.798154	62.771293	66.272969	75.266605	78.327899	6.450869	-4.762765	-3.753804	2.950558	13.620369	22.881656	32.470812	37.370468	46.473458	52.220585	60.667844	66.475757	-1.541597	-4.161714	2.418453	4.730156	-0.656251	2.098007	4.745549	2.865052	3.592496	1.512995	0.612368	4.390339	-3.771596	-10.353702	-4.807894	0.989499	2.294640	5.844368	7.810524	7.179557	9.816137	7.504993	8.394227	10.764775	-122.995710	-343.899429	-630.255141	-970.995251	-1415.021395	-2031.812839	-2841.084446	-3762.283316	-4801.003651	-5928.537022	-7112.634716	-8480.988152	9.696881	-3.034608	-4.780674	1.606922	15.602117	26.813124	36.650507	41.132671	49.433632	53.817087	60.897995	65.189224	-128.751584	-348.440233	-649.798923	-1034.865152	-1555.554105	-2268.676243	-3181.069332	-4185.836761	-5290.258021	-6454.967871	-7655.242846	-9040.208016	1.816774	-2.487604	3.574916	8.442362	8.180574	11.361951	13.451381	12.935700	15.876600	14.349331	16.217169	19.265493	36
