name	rmr4	rmr5	rmr6	rmr7	rmr8	rmr9	rmr10	rmr11	rmr12	rmr13	rmr14	rmr15	rcr4	rcr5	rcr6	rcr7	rcr8	rcr9	rcr10	rcr11	rcr12	rcr13	rcr14	rcr15	fmr4	fmr5	fmr6	fmr7	fmr8	fmr9	fmr10	fmr11	fmr12	fmr13	fmr14	fmr15	fcr4	fcr5	fcr6	fcr7	fcr8	fcr9	fcr10	fcr11	fcr12	fcr13	fcr14	fcr15	rmc4	rmc5	rmc6	rmc7	rmc8	rmc9	rmc10	rmc11	rmc12	rmc13	rmc14	rmc15	rcc4	rcc5	rcc6	rcc7	rcc8	rcc9	rcc10	rcc11	rcc12	rcc13	rcc14	rcc15	fmc4	fmc5	fmc6	fmc7	fmc8	fmc9	fmc10	fmc11	fmc12	fmc13	fmc14	fmc15	fcc4	fcc5	fcc6	fcc7	fcc8	fcc9	fcc10	fcc11	fcc12	fcc13	fcc14	fcc15	size
3u9q_ligand	-6.218287	-18.977484	-44.271844	-47.412090	-37.107551	-31.362601	-33.159265	-26.767535	-20.998974	-15.180652	0.472997	2.032957	2.393816	1.761073	4.846434	11.293814	23.855314	37.553199	43.499140	56.582216	68.991543	82.327160	91.018716	97.523375	-6.837646	-11.153308	-16.949650	-20.054270	-24.504044	-24.840295	-29.099314	-24.146620	-25.836660	-25.872766	-32.427851	-31.421560	-3.081691	-10.042565	-13.548483	-15.999252	-16.686001	-15.262574	-17.642277	-12.742405	-11.906819	-11.191121	-11.267012	-9.245782	-60.411146	-203.348399	-408.542960	-636.940475	-926.775231	-1325.589842	-1837.060795	-2449.533305	-3156.588055	-4026.534269	-4969.212491	-5951.535313	3.991641	-0.377579	-3.659665	0.942917	14.081096	29.366649	36.645239	50.619016	62.979251	75.467233	85.136968	92.409383	-64.685523	-216.482269	-441.242382	-702.291196	-1046.982900	-1517.978440	-2097.631877	-2773.886753	-3536.131654	-4452.012438	-5423.327308	-6423.028904	-1.383335	-7.575365	-10.646505	-12.264064	-14.233621	-13.200067	-16.129970	-11.705563	-11.073367	-10.336472	-11.047212	-9.766189	31
