name	rmr4	rmr5	rmr6	rmr7	rmr8	rmr9	rmr10	rmr11	rmr12	rmr13	rmr14	rmr15	rcr4	rcr5	rcr6	rcr7	rcr8	rcr9	rcr10	rcr11	rcr12	rcr13	rcr14	rcr15	fmr4	fmr5	fmr6	fmr7	fmr8	fmr9	fmr10	fmr11	fmr12	fmr13	fmr14	fmr15	fcr4	fcr5	fcr6	fcr7	fcr8	fcr9	fcr10	fcr11	fcr12	fcr13	fcr14	fcr15	rmc4	rmc5	rmc6	rmc7	rmc8	rmc9	rmc10	rmc11	rmc12	rmc13	rmc14	rmc15	rcc4	rcc5	rcc6	rcc7	rcc8	rcc9	rcc10	rcc11	rcc12	rcc13	rcc14	rcc15	fmc4	fmc5	fmc6	fmc7	fmc8	fmc9	fmc10	fmc11	fmc12	fmc13	fmc14	fmc15	fcc4	fcc5	fcc6	fcc7	fcc8	fcc9	fcc10	fcc11	fcc12	fcc13	fcc14	fcc15	size
3ueu_ligand	-1.674948	-8.514306	-22.566703	-23.438115	7.240632	20.624004	27.782991	29.885774	42.324901	54.398440	74.449591	82.574799	4.393089	5.597559	8.843207	17.473411	44.077626	59.549755	71.733382	79.761065	96.777263	114.141364	126.025823	137.026680	-2.554210	-1.271786	-3.082962	-4.979572	5.697491	4.211756	3.129538	0.739808	-0.372492	-0.417310	-5.469319	0.064226	1.681818	2.953397	3.590988	3.180546	6.933773	2.672574	1.646440	0.395780	2.227602	5.829955	6.817211	13.939867	-36.605292	-138.731593	-287.231206	-478.115752	-805.509849	-1292.725940	-1928.196313	-2675.379435	-3544.375902	-4540.727655	-5619.129420	-6713.918133	4.600755	2.627596	0.660367	5.982973	33.690011	51.305896	65.354764	74.563528	91.519245	107.915937	120.868760	132.741990	-39.348428	-142.958326	-303.029930	-529.098024	-942.109033	-1524.235993	-2248.576182	-3070.067506	-4007.724436	-5051.662799	-6160.733859	-7269.774215	2.011254	2.980158	2.984786	2.450931	8.368073	5.559356	5.007863	3.531106	5.220017	8.799520	8.963860	15.122308	37
