name	rmr4	rmr5	rmr6	rmr7	rmr8	rmr9	rmr10	rmr11	rmr12	rmr13	rmr14	rmr15	rcr4	rcr5	rcr6	rcr7	rcr8	rcr9	rcr10	rcr11	rcr12	rcr13	rcr14	rcr15	fmr4	fmr5	fmr6	fmr7	fmr8	fmr9	fmr10	fmr11	fmr12	fmr13	fmr14	fmr15	fcr4	fcr5	fcr6	fcr7	fcr8	fcr9	fcr10	fcr11	fcr12	fcr13	fcr14	fcr15	rmc4	rmc5	rmc6	rmc7	rmc8	rmc9	rmc10	rmc11	rmc12	rmc13	rmc14	rmc15	rcc4	rcc5	rcc6	rcc7	rcc8	rcc9	rcc10	rcc11	rcc12	rcc13	rcc14	rcc15	fmc4	fmc5	fmc6	fmc7	fmc8	fmc9	fmc10	fmc11	fmc12	fmc13	fmc14	fmc15	fcc4	fcc5	fcc6	fcc7	fcc8	fcc9	fcc10	fcc11	fcc12	fcc13	fcc14	fcc15	size
3uev_ligand	-5.356351	-12.941853	-27.089494	-24.443096	1.606703	17.981533	28.386918	30.594356	43.976765	52.270111	74.952824	82.175059	1.934522	2.550604	5.173653	17.486584	41.097293	59.620501	75.867310	85.660736	103.532106	115.608296	129.820719	140.087115	-6.198077	-5.233479	-5.173668	-2.573580	2.991941	3.177158	3.952774	-0.170641	-2.196164	-7.251978	-12.167510	-6.185434	-1.237844	-1.476814	-0.898509	1.488166	3.370559	1.069086	2.543520	1.658669	1.996223	-1.885508	-0.578543	6.690393	-50.617056	-168.586532	-334.824368	-547.928711	-888.154025	-1404.926240	-2091.190901	-2885.241097	-3852.434570	-4957.198054	-6202.367757	-7453.895371	2.386954	0.381468	-2.344145	6.336336	31.018647	51.843551	70.159777	81.189813	99.046175	110.079800	125.619999	136.935935	-53.705648	-174.067498	-350.902077	-605.231628	-1027.301699	-1645.023476	-2430.486517	-3304.995137	-4352.381484	-5511.957231	-6797.508752	-8066.594865	-0.628127	-0.060585	0.214223	2.729810	6.015805	5.224184	7.343279	6.145259	6.460400	2.595199	3.263300	9.594200	43
