name	rmr4	rmr5	rmr6	rmr7	rmr8	rmr9	rmr10	rmr11	rmr12	rmr13	rmr14	rmr15	rcr4	rcr5	rcr6	rcr7	rcr8	rcr9	rcr10	rcr11	rcr12	rcr13	rcr14	rcr15	fmr4	fmr5	fmr6	fmr7	fmr8	fmr9	fmr10	fmr11	fmr12	fmr13	fmr14	fmr15	fcr4	fcr5	fcr6	fcr7	fcr8	fcr9	fcr10	fcr11	fcr12	fcr13	fcr14	fcr15	rmc4	rmc5	rmc6	rmc7	rmc8	rmc9	rmc10	rmc11	rmc12	rmc13	rmc14	rmc15	rcc4	rcc5	rcc6	rcc7	rcc8	rcc9	rcc10	rcc11	rcc12	rcc13	rcc14	rcc15	fmc4	fmc5	fmc6	fmc7	fmc8	fmc9	fmc10	fmc11	fmc12	fmc13	fmc14	fmc15	fcc4	fcc5	fcc6	fcc7	fcc8	fcc9	fcc10	fcc11	fcc12	fcc13	fcc14	fcc15	size
3uew_ligand	-6.876597	-14.899543	-29.427161	-31.101224	-2.935055	14.182900	24.742255	25.624512	39.474034	48.802340	70.680775	74.323291	0.462261	0.002785	2.249120	12.452023	38.007892	56.699966	72.398794	80.892576	99.335796	114.114293	127.406221	134.967484	-7.465816	-6.865453	-7.208994	-8.541918	-2.350621	-2.240175	-2.243103	-8.179846	-10.648951	-15.227734	-19.879715	-16.314745	-3.270560	-5.114940	-5.334572	-4.594988	-2.666207	-6.417159	-7.377457	-11.221577	-11.023220	-12.306903	-9.190077	-3.495088	-57.391128	-177.553151	-348.809867	-573.467656	-939.139579	-1497.457452	-2256.504134	-3161.960546	-4181.092837	-5339.914122	-6599.688297	-7932.061758	1.164615	-1.538464	-4.519080	1.610039	28.373051	49.509817	67.492705	77.482208	95.829958	109.546114	124.076021	132.748568	-60.557779	-183.584165	-366.411714	-632.263206	-1088.262897	-1757.228493	-2627.309145	-3627.516286	-4726.309233	-5938.996861	-7231.434302	-8580.972113	-2.390624	-2.883528	-3.073470	-2.579060	1.192531	-0.832756	-0.912088	-4.786774	-4.810263	-6.087214	-3.959088	0.728702	49
