name	rmr4	rmr5	rmr6	rmr7	rmr8	rmr9	rmr10	rmr11	rmr12	rmr13	rmr14	rmr15	rcr4	rcr5	rcr6	rcr7	rcr8	rcr9	rcr10	rcr11	rcr12	rcr13	rcr14	rcr15	fmr4	fmr5	fmr6	fmr7	fmr8	fmr9	fmr10	fmr11	fmr12	fmr13	fmr14	fmr15	fcr4	fcr5	fcr6	fcr7	fcr8	fcr9	fcr10	fcr11	fcr12	fcr13	fcr14	fcr15	rmc4	rmc5	rmc6	rmc7	rmc8	rmc9	rmc10	rmc11	rmc12	rmc13	rmc14	rmc15	rcc4	rcc5	rcc6	rcc7	rcc8	rcc9	rcc10	rcc11	rcc12	rcc13	rcc14	rcc15	fmc4	fmc5	fmc6	fmc7	fmc8	fmc9	fmc10	fmc11	fmc12	fmc13	fmc14	fmc15	fcc4	fcc5	fcc6	fcc7	fcc8	fcc9	fcc10	fcc11	fcc12	fcc13	fcc14	fcc15	size
3uex_ligand	-5.179562	-17.855570	-39.148821	-35.614788	-3.393875	10.493238	19.369393	20.631148	36.123451	50.866243	73.660483	78.583764	2.854612	4.358582	3.906973	20.146232	48.211823	64.715422	81.876340	92.177923	113.459746	134.273930	148.396930	157.347734	-6.133213	-8.606807	-12.247622	-10.211897	-3.721585	-8.457115	-10.007723	-15.534723	-18.888897	-21.457316	-29.944838	-24.232972	-0.517990	-0.620272	-3.456690	-0.453848	-0.091746	-8.448682	-7.967310	-10.484123	-10.245402	-9.515642	-7.673200	0.349833	-51.070159	-203.676871	-409.758680	-670.546481	-1099.582923	-1750.083995	-2593.484406	-3606.570115	-4774.391664	-6126.865284	-7538.016819	-8985.832045	2.952388	-1.271116	-7.606499	3.846138	33.241896	52.755825	72.328977	84.263954	105.459189	124.970631	140.407003	150.488271	-54.282648	-211.064286	-430.833381	-742.321988	-1276.629767	-2052.764666	-3014.267353	-4131.054329	-5391.369595	-6811.147559	-8257.792439	-9719.032223	-0.257854	-1.915423	-4.431230	-1.693027	0.704889	-5.578839	-4.544104	-7.232813	-7.191069	-6.466977	-5.902822	0.778948	55
