name	rmr4	rmr5	rmr6	rmr7	rmr8	rmr9	rmr10	rmr11	rmr12	rmr13	rmr14	rmr15	rcr4	rcr5	rcr6	rcr7	rcr8	rcr9	rcr10	rcr11	rcr12	rcr13	rcr14	rcr15	fmr4	fmr5	fmr6	fmr7	fmr8	fmr9	fmr10	fmr11	fmr12	fmr13	fmr14	fmr15	fcr4	fcr5	fcr6	fcr7	fcr8	fcr9	fcr10	fcr11	fcr12	fcr13	fcr14	fcr15	rmc4	rmc5	rmc6	rmc7	rmc8	rmc9	rmc10	rmc11	rmc12	rmc13	rmc14	rmc15	rcc4	rcc5	rcc6	rcc7	rcc8	rcc9	rcc10	rcc11	rcc12	rcc13	rcc14	rcc15	fmc4	fmc5	fmc6	fmc7	fmc8	fmc9	fmc10	fmc11	fmc12	fmc13	fmc14	fmc15	fcc4	fcc5	fcc6	fcc7	fcc8	fcc9	fcc10	fcc11	fcc12	fcc13	fcc14	fcc15	size
3ui7_ligand	-5.061613	-13.872151	-9.061715	9.810913	36.941584	66.042398	87.897728	105.179112	119.101434	122.469800	122.105832	119.247727	2.675571	-3.915239	-7.058952	-6.101723	-9.752631	-12.735698	-12.478272	-6.203752	-1.328211	1.257146	3.327360	3.977422	-1.863437	-8.474839	-6.439619	-4.535851	-4.210921	-4.580825	-5.865150	-5.904669	-10.236514	-12.365981	-14.425377	-12.324799	2.813093	-1.952490	-1.950200	-0.930685	-3.209259	-3.275900	-2.206290	-1.049792	-0.466448	-1.609075	-4.818804	-8.509837	-100.131438	-305.430105	-555.844525	-900.646387	-1439.131121	-2163.268158	-3051.100610	-4028.934436	-5050.047827	-5953.855802	-6715.028465	-7340.632155	2.672005	-4.949093	-7.244870	-4.787203	-4.592115	-4.377971	-2.666776	4.490257	10.040513	12.727033	14.802613	15.462020	-97.522115	-305.841476	-576.549965	-973.763095	-1600.216694	-2424.191716	-3410.199516	-4471.667344	-5546.647561	-6455.471990	-7194.824059	-7792.750685	3.693211	-1.132923	-1.019743	0.115237	-1.624686	-1.518492	-0.458514	0.714365	1.324989	0.893307	-1.129979	-3.732649	47
