name	rmr4	rmr5	rmr6	rmr7	rmr8	rmr9	rmr10	rmr11	rmr12	rmr13	rmr14	rmr15	rcr4	rcr5	rcr6	rcr7	rcr8	rcr9	rcr10	rcr11	rcr12	rcr13	rcr14	rcr15	fmr4	fmr5	fmr6	fmr7	fmr8	fmr9	fmr10	fmr11	fmr12	fmr13	fmr14	fmr15	fcr4	fcr5	fcr6	fcr7	fcr8	fcr9	fcr10	fcr11	fcr12	fcr13	fcr14	fcr15	rmc4	rmc5	rmc6	rmc7	rmc8	rmc9	rmc10	rmc11	rmc12	rmc13	rmc14	rmc15	rcc4	rcc5	rcc6	rcc7	rcc8	rcc9	rcc10	rcc11	rcc12	rcc13	rcc14	rcc15	fmc4	fmc5	fmc6	fmc7	fmc8	fmc9	fmc10	fmc11	fmc12	fmc13	fmc14	fmc15	fcc4	fcc5	fcc6	fcc7	fcc8	fcc9	fcc10	fcc11	fcc12	fcc13	fcc14	fcc15	size
3ui7_ligand	-8.857694	-20.615346	-21.725466	0.906952	39.672349	82.464773	125.276108	175.525931	210.925805	238.396640	270.596317	260.734899	1.219372	0.142568	-3.522757	-1.721345	5.410407	21.923595	31.101994	48.828757	63.336097	79.404717	94.929282	100.557387	-7.760230	-16.622343	-19.229921	-16.327077	-21.421440	-25.048908	-35.146646	-47.462854	-63.450927	-85.069567	-109.833075	-134.346860	-2.911415	-3.256876	-1.876255	2.696742	2.499034	7.698241	7.606067	7.274154	9.184043	11.634943	13.507454	12.758105	-87.233708	-278.274674	-520.415654	-846.363349	-1345.760580	-2043.100696	-2985.163107	-4247.476116	-5814.394999	-7654.653133	-9730.388631	-11948.226909	3.643718	-1.208645	-7.104368	-7.018251	0.098947	15.277979	21.463858	34.244238	43.539448	53.759054	62.417837	61.477297	-88.250791	-280.333939	-537.150787	-906.686470	-1493.439231	-2302.206367	-3363.461387	-4764.870658	-6450.542424	-8377.879683	-10512.994440	-12766.512419	1.422025	0.985248	2.851685	7.689493	7.896169	13.356440	13.206591	12.623193	14.385307	16.825591	18.954002	18.919068	47
