name	rmr4	rmr5	rmr6	rmr7	rmr8	rmr9	rmr10	rmr11	rmr12	rmr13	rmr14	rmr15	rcr4	rcr5	rcr6	rcr7	rcr8	rcr9	rcr10	rcr11	rcr12	rcr13	rcr14	rcr15	fmr4	fmr5	fmr6	fmr7	fmr8	fmr9	fmr10	fmr11	fmr12	fmr13	fmr14	fmr15	fcr4	fcr5	fcr6	fcr7	fcr8	fcr9	fcr10	fcr11	fcr12	fcr13	fcr14	fcr15	rmc4	rmc5	rmc6	rmc7	rmc8	rmc9	rmc10	rmc11	rmc12	rmc13	rmc14	rmc15	rcc4	rcc5	rcc6	rcc7	rcc8	rcc9	rcc10	rcc11	rcc12	rcc13	rcc14	rcc15	fmc4	fmc5	fmc6	fmc7	fmc8	fmc9	fmc10	fmc11	fmc12	fmc13	fmc14	fmc15	fcc4	fcc5	fcc6	fcc7	fcc8	fcc9	fcc10	fcc11	fcc12	fcc13	fcc14	fcc15	size
3uo4_ligand	-29.413464	-37.963267	-55.365739	-57.176128	-31.444110	-3.435286	16.290301	27.472348	33.003497	36.268925	51.277370	57.203497	-13.870714	-19.146031	-27.646486	-34.386193	-27.726203	-14.196817	9.229984	29.651295	36.782836	45.446375	55.843590	73.690787	-22.117039	-14.144477	-9.844909	-5.427589	-2.541974	4.011419	5.211483	2.391137	1.320475	6.012012	-1.413536	4.214545	-14.836041	-12.212939	-8.662361	-6.090617	0.919796	7.993274	10.396078	7.598007	8.170559	10.784912	7.534332	6.533544	-140.537701	-386.638603	-730.765225	-1185.053391	-1785.324026	-2637.594770	-3716.219384	-5103.619344	-6623.780087	-8257.391262	-9938.835576	-11830.322842	-14.570885	-20.734817	-24.686108	-22.075653	-2.698553	17.351799	34.580820	41.806410	40.532519	41.909211	42.853676	50.915961	-137.577002	-384.233649	-750.540701	-1271.815129	-1973.764560	-2961.278521	-4175.420739	-5699.683749	-7304.063536	-8979.031499	-10670.710702	-12582.854744	-13.380662	-10.376870	-6.589006	-2.689794	2.863845	10.081433	13.937541	12.224068	15.940190	22.796844	27.507717	32.353347	46
