name	rmr4	rmr5	rmr6	rmr7	rmr8	rmr9	rmr10	rmr11	rmr12	rmr13	rmr14	rmr15	rcr4	rcr5	rcr6	rcr7	rcr8	rcr9	rcr10	rcr11	rcr12	rcr13	rcr14	rcr15	fmr4	fmr5	fmr6	fmr7	fmr8	fmr9	fmr10	fmr11	fmr12	fmr13	fmr14	fmr15	fcr4	fcr5	fcr6	fcr7	fcr8	fcr9	fcr10	fcr11	fcr12	fcr13	fcr14	fcr15	rmc4	rmc5	rmc6	rmc7	rmc8	rmc9	rmc10	rmc11	rmc12	rmc13	rmc14	rmc15	rcc4	rcc5	rcc6	rcc7	rcc8	rcc9	rcc10	rcc11	rcc12	rcc13	rcc14	rcc15	fmc4	fmc5	fmc6	fmc7	fmc8	fmc9	fmc10	fmc11	fmc12	fmc13	fmc14	fmc15	fcc4	fcc5	fcc6	fcc7	fcc8	fcc9	fcc10	fcc11	fcc12	fcc13	fcc14	fcc15	size
3up2_ligand	-22.281801	-33.300731	-38.818883	-45.724049	-28.269092	-8.577073	2.463005	9.065766	8.062073	3.898011	12.597858	19.210428	-12.933874	-14.762479	-7.310282	-12.858517	-2.721462	11.042679	27.886532	44.832568	54.067263	60.631335	72.196780	88.808017	-16.565361	-12.227280	-2.609293	-5.914214	-2.830037	0.907600	3.862680	5.904954	9.079438	13.442095	13.921891	20.753483	-14.002232	-11.354656	-0.738631	-3.769807	3.031444	7.452415	11.145163	12.118498	14.670439	16.843568	19.935965	23.541330	-144.248157	-403.511359	-749.710045	-1192.369475	-1781.395992	-2587.054456	-3613.410344	-4892.113827	-6375.798560	-7927.719784	-9564.823987	-11315.466523	-12.624883	-15.875456	-9.124492	-8.599101	12.682369	37.299309	61.897417	85.723579	100.651779	110.726880	124.808637	143.977094	-142.004182	-405.796511	-776.421761	-1285.518143	-1977.862604	-2919.143059	-4085.517279	-5504.496639	-7092.966248	-8696.487163	-10359.787343	-12137.801499	-12.899576	-10.008179	0.141189	-3.154546	2.227855	6.295374	9.555671	10.351429	12.743808	15.366404	19.298104	23.570316	40
