name	rmr4	rmr5	rmr6	rmr7	rmr8	rmr9	rmr10	rmr11	rmr12	rmr13	rmr14	rmr15	rcr4	rcr5	rcr6	rcr7	rcr8	rcr9	rcr10	rcr11	rcr12	rcr13	rcr14	rcr15	fmr4	fmr5	fmr6	fmr7	fmr8	fmr9	fmr10	fmr11	fmr12	fmr13	fmr14	fmr15	fcr4	fcr5	fcr6	fcr7	fcr8	fcr9	fcr10	fcr11	fcr12	fcr13	fcr14	fcr15	rmc4	rmc5	rmc6	rmc7	rmc8	rmc9	rmc10	rmc11	rmc12	rmc13	rmc14	rmc15	rcc4	rcc5	rcc6	rcc7	rcc8	rcc9	rcc10	rcc11	rcc12	rcc13	rcc14	rcc15	fmc4	fmc5	fmc6	fmc7	fmc8	fmc9	fmc10	fmc11	fmc12	fmc13	fmc14	fmc15	fcc4	fcc5	fcc6	fcc7	fcc8	fcc9	fcc10	fcc11	fcc12	fcc13	fcc14	fcc15	size
3utu_ligand	-19.597670	-49.866388	-83.492707	-106.864151	-132.579000	-167.541734	-212.748101	-254.349610	-293.870943	-336.022547	-365.134239	-381.408082	-5.761004	-0.093042	-2.664674	5.389540	10.192930	17.179484	24.581108	38.306989	50.096117	56.139767	66.035474	73.797146	-15.021224	-26.796062	-34.789273	-33.097808	-28.896680	-25.521872	-22.286966	-16.232638	-9.535885	-1.846489	9.277637	25.338538	-8.130129	-7.037375	-11.935762	-10.687812	-8.038168	-7.800396	-10.926991	-13.840047	-16.937921	-21.872719	-26.772777	-32.179406	-252.183728	-701.327010	-1252.232586	-1919.830952	-2782.338727	-3897.754649	-5289.139287	-6890.682555	-8693.361024	-10633.606521	-12561.837225	-14314.868983	-6.640156	-1.262316	-0.644274	11.821186	22.850454	37.012632	50.290750	69.205734	85.881669	95.362929	107.468193	116.375890	-249.777976	-718.102976	-1318.607605	-2084.876892	-3072.274938	-4353.049673	-5915.361974	-7674.915089	-9602.498606	-11608.418157	-13559.571417	-15311.473546	-7.308875	-6.008424	-12.244586	-12.624709	-12.797903	-14.000274	-17.890964	-21.601754	-25.535235	-30.642367	-35.267776	-40.429509	82
