name	rmr4	rmr5	rmr6	rmr7	rmr8	rmr9	rmr10	rmr11	rmr12	rmr13	rmr14	rmr15	rcr4	rcr5	rcr6	rcr7	rcr8	rcr9	rcr10	rcr11	rcr12	rcr13	rcr14	rcr15	fmr4	fmr5	fmr6	fmr7	fmr8	fmr9	fmr10	fmr11	fmr12	fmr13	fmr14	fmr15	fcr4	fcr5	fcr6	fcr7	fcr8	fcr9	fcr10	fcr11	fcr12	fcr13	fcr14	fcr15	rmc4	rmc5	rmc6	rmc7	rmc8	rmc9	rmc10	rmc11	rmc12	rmc13	rmc14	rmc15	rcc4	rcc5	rcc6	rcc7	rcc8	rcc9	rcc10	rcc11	rcc12	rcc13	rcc14	rcc15	fmc4	fmc5	fmc6	fmc7	fmc8	fmc9	fmc10	fmc11	fmc12	fmc13	fmc14	fmc15	fcc4	fcc5	fcc6	fcc7	fcc8	fcc9	fcc10	fcc11	fcc12	fcc13	fcc14	fcc15	size
3uuo_ligand	-10.117595	-17.507429	-16.789877	-1.093161	34.202618	66.902319	107.472297	149.698806	178.387938	207.301061	230.424027	222.084766	0.480010	2.015557	-1.055902	-1.985895	5.274534	15.600063	26.352546	41.984338	51.372331	66.539285	74.577108	80.426786	-9.383479	-13.342707	-14.244011	-14.183673	-14.993195	-19.599840	-26.297636	-36.354755	-51.844844	-70.707727	-94.617344	-115.828672	-2.633469	0.452537	1.725364	4.386277	7.964148	11.815691	15.413292	19.110177	20.453905	23.049327	23.756864	25.533694	-72.277791	-222.799857	-444.636537	-735.072039	-1182.175436	-1797.622117	-2648.488411	-3797.991457	-5225.974832	-6984.335608	-8909.897452	-10984.722445	-0.808980	-2.108263	-7.945993	-10.527008	-3.217663	5.916170	13.894100	24.912644	29.478805	38.748438	40.359148	39.924354	-73.641720	-224.247221	-461.475899	-788.340810	-1311.683707	-2019.713388	-2978.376379	-4250.808524	-5784.144468	-7630.727606	-9606.664703	-11714.767652	-2.409592	0.772022	2.025221	4.768317	8.918235	12.940851	16.501269	19.898639	21.053448	23.420073	24.288990	26.614976	45
