name	rmr4	rmr5	rmr6	rmr7	rmr8	rmr9	rmr10	rmr11	rmr12	rmr13	rmr14	rmr15	rcr4	rcr5	rcr6	rcr7	rcr8	rcr9	rcr10	rcr11	rcr12	rcr13	rcr14	rcr15	fmr4	fmr5	fmr6	fmr7	fmr8	fmr9	fmr10	fmr11	fmr12	fmr13	fmr14	fmr15	fcr4	fcr5	fcr6	fcr7	fcr8	fcr9	fcr10	fcr11	fcr12	fcr13	fcr14	fcr15	rmc4	rmc5	rmc6	rmc7	rmc8	rmc9	rmc10	rmc11	rmc12	rmc13	rmc14	rmc15	rcc4	rcc5	rcc6	rcc7	rcc8	rcc9	rcc10	rcc11	rcc12	rcc13	rcc14	rcc15	fmc4	fmc5	fmc6	fmc7	fmc8	fmc9	fmc10	fmc11	fmc12	fmc13	fmc14	fmc15	fcc4	fcc5	fcc6	fcc7	fcc8	fcc9	fcc10	fcc11	fcc12	fcc13	fcc14	fcc15	size
3wtj_ligand	-1.997242	-12.566546	-20.678262	-18.492938	-2.525176	14.631861	30.948908	38.643280	43.878470	51.348688	61.552669	69.890509	3.719499	-2.113989	0.398185	6.065535	18.698727	33.454997	55.089997	69.221977	81.215892	95.998147	109.847757	125.247616	-2.413164	-7.873308	-7.171985	-5.797795	-4.032975	0.252987	5.625064	5.264769	5.100843	9.424610	7.703113	14.193183	-2.177472	-11.664055	-10.559810	-6.820461	-1.895646	2.473579	6.611576	5.484014	4.748326	8.401924	8.210279	12.399283	-111.655733	-331.524456	-622.033991	-942.098391	-1374.709290	-1943.325205	-2678.344710	-3530.399259	-4462.050726	-5488.195076	-6637.998345	-7841.420524	4.530822	-4.072644	-2.512417	2.638530	16.118706	30.740997	50.810314	62.445110	72.342942	84.876342	95.566943	107.897584	-113.412391	-342.237609	-657.753501	-1014.626767	-1519.518193	-2177.090275	-3013.989153	-3951.230549	-4943.885642	-6006.037597	-7180.674957	-8400.639911	2.300141	-5.369066	-3.758544	-0.543275	3.618009	7.680850	11.919971	11.328215	11.225836	15.747283	16.845825	22.579262	25
