name	rmr4	rmr5	rmr6	rmr7	rmr8	rmr9	rmr10	rmr11	rmr12	rmr13	rmr14	rmr15	rcr4	rcr5	rcr6	rcr7	rcr8	rcr9	rcr10	rcr11	rcr12	rcr13	rcr14	rcr15	fmr4	fmr5	fmr6	fmr7	fmr8	fmr9	fmr10	fmr11	fmr12	fmr13	fmr14	fmr15	fcr4	fcr5	fcr6	fcr7	fcr8	fcr9	fcr10	fcr11	fcr12	fcr13	fcr14	fcr15	rmc4	rmc5	rmc6	rmc7	rmc8	rmc9	rmc10	rmc11	rmc12	rmc13	rmc14	rmc15	rcc4	rcc5	rcc6	rcc7	rcc8	rcc9	rcc10	rcc11	rcc12	rcc13	rcc14	rcc15	fmc4	fmc5	fmc6	fmc7	fmc8	fmc9	fmc10	fmc11	fmc12	fmc13	fmc14	fmc15	fcc4	fcc5	fcc6	fcc7	fcc8	fcc9	fcc10	fcc11	fcc12	fcc13	fcc14	fcc15	size
3wz8_ligand	-7.447408	-29.711170	-50.242935	-47.407413	-16.069122	8.696451	21.053781	36.382019	46.706864	57.193690	73.538627	80.969551	3.738418	-9.200256	-17.392559	-13.371645	5.256510	22.810221	36.443449	54.097033	66.134247	73.480536	76.226028	89.822900	-5.439167	-16.858998	-21.638481	-23.497161	-14.833564	-11.533135	-17.159682	-16.976308	-17.321826	-17.000987	-20.651443	-19.257172	-0.977201	-14.569266	-18.104797	-16.150198	-6.937063	-3.352946	-7.222379	-6.959862	-6.209227	-4.148162	-4.845497	-2.946196	-143.711424	-424.625849	-798.514435	-1246.331377	-1884.566427	-2765.384975	-3940.646855	-5361.674258	-7095.025674	-9135.246716	-11462.401506	-14094.555533	2.646264	-12.468222	-20.542105	-16.568669	5.056288	24.324386	35.876519	50.341816	58.945671	61.246545	57.574389	64.104642	-144.457046	-431.887064	-833.306337	-1343.833234	-2095.799876	-3117.932201	-4446.788527	-6010.300970	-7865.334893	-9984.570247	-12360.891938	-15045.629979	0.861731	-11.761572	-15.319207	-13.677006	-4.486463	-0.967102	-4.868878	-4.308243	-3.232235	-0.533849	-0.303681	2.537936	58
