name	rmr4	rmr5	rmr6	rmr7	rmr8	rmr9	rmr10	rmr11	rmr12	rmr13	rmr14	rmr15	rcr4	rcr5	rcr6	rcr7	rcr8	rcr9	rcr10	rcr11	rcr12	rcr13	rcr14	rcr15	fmr4	fmr5	fmr6	fmr7	fmr8	fmr9	fmr10	fmr11	fmr12	fmr13	fmr14	fmr15	fcr4	fcr5	fcr6	fcr7	fcr8	fcr9	fcr10	fcr11	fcr12	fcr13	fcr14	fcr15	rmc4	rmc5	rmc6	rmc7	rmc8	rmc9	rmc10	rmc11	rmc12	rmc13	rmc14	rmc15	rcc4	rcc5	rcc6	rcc7	rcc8	rcc9	rcc10	rcc11	rcc12	rcc13	rcc14	rcc15	fmc4	fmc5	fmc6	fmc7	fmc8	fmc9	fmc10	fmc11	fmc12	fmc13	fmc14	fmc15	fcc4	fcc5	fcc6	fcc7	fcc8	fcc9	fcc10	fcc11	fcc12	fcc13	fcc14	fcc15	size
3zdg_ligand	-4.751288	-14.478875	-18.106711	-9.792735	6.360123	18.244675	24.656474	29.535471	37.570948	46.867816	54.305177	56.667179	2.340361	-0.211418	0.790686	10.058241	26.294789	35.307590	42.210194	48.428363	59.531322	70.651373	76.659708	80.659500	-5.871135	-9.352223	-1.936842	1.628316	-0.933117	-1.573323	-1.745025	-1.222000	-3.015710	-4.370992	-7.543450	-5.261923	-2.862716	-4.140105	2.884614	7.309263	9.689991	9.245838	8.772962	9.249083	7.893924	7.738757	9.570070	12.697918	-87.340914	-285.064214	-490.297144	-757.790917	-1079.537312	-1568.434805	-2200.016171	-2919.467008	-3732.524107	-4599.454359	-5484.080260	-6494.647198	2.575464	-0.189213	0.412475	7.517078	22.416977	30.018165	35.833038	41.167661	50.923021	60.712446	66.346998	70.072147	-91.848937	-294.273127	-508.187248	-815.986228	-1192.415068	-1761.005666	-2472.640124	-3258.685642	-4130.655555	-5030.767640	-5924.578114	-6944.402923	-3.038190	-4.290163	3.248196	8.129818	11.667024	11.256016	10.735240	11.174840	10.067111	10.298524	11.745130	14.440244	34
