name	rmr4	rmr5	rmr6	rmr7	rmr8	rmr9	rmr10	rmr11	rmr12	rmr13	rmr14	rmr15	rcr4	rcr5	rcr6	rcr7	rcr8	rcr9	rcr10	rcr11	rcr12	rcr13	rcr14	rcr15	fmr4	fmr5	fmr6	fmr7	fmr8	fmr9	fmr10	fmr11	fmr12	fmr13	fmr14	fmr15	fcr4	fcr5	fcr6	fcr7	fcr8	fcr9	fcr10	fcr11	fcr12	fcr13	fcr14	fcr15	rmc4	rmc5	rmc6	rmc7	rmc8	rmc9	rmc10	rmc11	rmc12	rmc13	rmc14	rmc15	rcc4	rcc5	rcc6	rcc7	rcc8	rcc9	rcc10	rcc11	rcc12	rcc13	rcc14	rcc15	fmc4	fmc5	fmc6	fmc7	fmc8	fmc9	fmc10	fmc11	fmc12	fmc13	fmc14	fmc15	fcc4	fcc5	fcc6	fcc7	fcc8	fcc9	fcc10	fcc11	fcc12	fcc13	fcc14	fcc15	size
4agn_ligand	-10.009219	-7.436966	-13.045394	-4.897610	8.068433	27.704858	44.024959	50.358914	59.473324	70.579273	78.682908	81.787265	-3.661273	-4.403963	-6.848543	1.088700	11.741762	27.609657	40.171028	44.230282	55.442553	66.960051	74.193605	79.567961	-11.811874	-14.036565	-20.381062	-22.971621	-32.390998	-29.974440	-28.758286	-33.274109	-30.712732	-29.220882	-32.859368	-26.258630	-8.735456	-15.272308	-20.969119	-20.224603	-20.165872	-16.639666	-13.704196	-15.982576	-14.222808	-13.842783	-14.830286	-11.666822	-90.692981	-317.770938	-585.700664	-895.349018	-1254.335437	-1714.645664	-2282.361862	-2935.363046	-3625.782782	-4354.483459	-5157.358480	-5956.312772	-3.612870	-10.318779	-13.837061	-6.308003	5.081243	21.511822	34.178098	37.959454	48.874565	59.940574	66.398001	71.079642	-92.998441	-331.601198	-623.893969	-978.265026	-1393.775745	-1928.513726	-2567.422841	-3279.781809	-4014.803362	-4768.795070	-5583.691049	-6383.574456	-6.788001	-15.102089	-20.323190	-20.095036	-21.761080	-18.827870	-16.143393	-18.468627	-16.671215	-15.957918	-16.267317	-12.232249	53
