name	rmr4	rmr5	rmr6	rmr7	rmr8	rmr9	rmr10	rmr11	rmr12	rmr13	rmr14	rmr15	rcr4	rcr5	rcr6	rcr7	rcr8	rcr9	rcr10	rcr11	rcr12	rcr13	rcr14	rcr15	fmr4	fmr5	fmr6	fmr7	fmr8	fmr9	fmr10	fmr11	fmr12	fmr13	fmr14	fmr15	fcr4	fcr5	fcr6	fcr7	fcr8	fcr9	fcr10	fcr11	fcr12	fcr13	fcr14	fcr15	rmc4	rmc5	rmc6	rmc7	rmc8	rmc9	rmc10	rmc11	rmc12	rmc13	rmc14	rmc15	rcc4	rcc5	rcc6	rcc7	rcc8	rcc9	rcc10	rcc11	rcc12	rcc13	rcc14	rcc15	fmc4	fmc5	fmc6	fmc7	fmc8	fmc9	fmc10	fmc11	fmc12	fmc13	fmc14	fmc15	fcc4	fcc5	fcc6	fcc7	fcc8	fcc9	fcc10	fcc11	fcc12	fcc13	fcc14	fcc15	size
4agp_ligand	-5.118497	-5.087645	-12.872874	-6.307150	11.910318	31.295890	48.895944	57.092721	67.075526	77.701901	90.150773	93.266924	3.634496	4.844521	0.582407	7.255286	21.665870	37.219984	50.491744	55.231377	66.920457	78.216159	88.396915	95.029965	-6.544936	-10.186486	-16.038949	-20.926783	-30.817095	-32.614738	-31.473965	-35.263752	-31.358012	-31.033888	-31.697532	-24.288684	-1.040207	-5.217961	-10.607095	-11.141205	-10.553035	-10.552958	-8.216014	-10.412285	-8.221824	-8.407556	-6.734520	-2.351683	-94.093408	-365.696459	-688.247178	-1051.832328	-1483.067010	-2025.000421	-2670.925975	-3416.680301	-4221.152962	-5130.361370	-6123.016019	-7133.606853	2.102385	-4.030425	-9.857403	-3.724300	11.710638	27.912536	41.291009	45.726559	57.073038	67.698667	76.811027	82.424658	-96.411126	-379.198077	-728.189797	-1142.879622	-1644.740535	-2273.296208	-2997.325087	-3809.535816	-4665.261768	-5609.014088	-6619.257782	-7634.767690	-0.487084	-7.100025	-12.096673	-13.320456	-14.493933	-15.249738	-13.277419	-15.529995	-13.289645	-13.161275	-10.783227	-5.479658	63
