name	rmr4	rmr5	rmr6	rmr7	rmr8	rmr9	rmr10	rmr11	rmr12	rmr13	rmr14	rmr15	rcr4	rcr5	rcr6	rcr7	rcr8	rcr9	rcr10	rcr11	rcr12	rcr13	rcr14	rcr15	fmr4	fmr5	fmr6	fmr7	fmr8	fmr9	fmr10	fmr11	fmr12	fmr13	fmr14	fmr15	fcr4	fcr5	fcr6	fcr7	fcr8	fcr9	fcr10	fcr11	fcr12	fcr13	fcr14	fcr15	rmc4	rmc5	rmc6	rmc7	rmc8	rmc9	rmc10	rmc11	rmc12	rmc13	rmc14	rmc15	rcc4	rcc5	rcc6	rcc7	rcc8	rcc9	rcc10	rcc11	rcc12	rcc13	rcc14	rcc15	fmc4	fmc5	fmc6	fmc7	fmc8	fmc9	fmc10	fmc11	fmc12	fmc13	fmc14	fmc15	fcc4	fcc5	fcc6	fcc7	fcc8	fcc9	fcc10	fcc11	fcc12	fcc13	fcc14	fcc15	size
4agq_ligand	-9.762191	-8.786869	-15.044370	-6.292526	13.542346	33.282794	49.400120	56.188588	62.145713	71.388414	79.879858	85.299232	-0.737502	1.200478	-0.521474	9.491908	24.853544	41.580011	52.990206	56.834258	64.820121	74.128111	80.689391	88.941622	-10.949256	-13.324334	-14.377323	-16.355167	-23.871279	-25.452972	-26.150191	-31.283709	-30.565485	-29.938594	-33.540083	-23.191580	-5.157488	-8.192384	-7.605633	-4.175790	-2.011048	-0.836529	-0.241182	-3.216736	-3.824072	-4.618134	-5.786589	0.864718	-107.219644	-378.623125	-696.045460	-1058.320185	-1492.272983	-2030.382052	-2679.676853	-3433.457335	-4243.041450	-5143.344668	-6158.426310	-7178.117406	-3.746006	-8.494779	-11.493897	-2.170744	14.244321	31.564916	43.083158	46.613871	54.256682	62.933037	68.380233	75.582165	-109.453402	-392.110209	-732.702734	-1144.015083	-1649.527045	-2273.823527	-3001.393390	-3822.118362	-4681.571913	-5613.531939	-6646.866977	-7671.267252	-5.894576	-10.698467	-9.526610	-7.004357	-6.563501	-6.228511	-5.996439	-9.029520	-9.588856	-10.043453	-10.527895	-2.969944	64
