name	rmr4	rmr5	rmr6	rmr7	rmr8	rmr9	rmr10	rmr11	rmr12	rmr13	rmr14	rmr15	rcr4	rcr5	rcr6	rcr7	rcr8	rcr9	rcr10	rcr11	rcr12	rcr13	rcr14	rcr15	fmr4	fmr5	fmr6	fmr7	fmr8	fmr9	fmr10	fmr11	fmr12	fmr13	fmr14	fmr15	fcr4	fcr5	fcr6	fcr7	fcr8	fcr9	fcr10	fcr11	fcr12	fcr13	fcr14	fcr15	rmc4	rmc5	rmc6	rmc7	rmc8	rmc9	rmc10	rmc11	rmc12	rmc13	rmc14	rmc15	rcc4	rcc5	rcc6	rcc7	rcc8	rcc9	rcc10	rcc11	rcc12	rcc13	rcc14	rcc15	fmc4	fmc5	fmc6	fmc7	fmc8	fmc9	fmc10	fmc11	fmc12	fmc13	fmc14	fmc15	fcc4	fcc5	fcc6	fcc7	fcc8	fcc9	fcc10	fcc11	fcc12	fcc13	fcc14	fcc15	size
4cra_ligand	-16.575339	-38.686583	-52.380741	-43.781678	-21.191380	3.428830	28.123011	51.401163	61.754425	72.176121	88.810143	94.440500	-10.101993	-21.609012	-26.952108	-21.131663	-10.061138	0.251431	18.044777	36.435277	39.450155	42.766658	47.651086	55.280723	-15.048805	-20.841483	-16.196930	-10.150494	-15.977064	-20.166231	-20.087207	-16.911021	-15.814685	-12.953832	-14.611737	-14.461971	-15.420254	-21.185784	-16.365710	-7.895185	-5.444431	-5.406184	-5.398021	-1.743443	0.254554	3.723952	5.326620	5.005183	-144.714150	-485.104021	-937.404672	-1489.903363	-2212.890125	-3154.608464	-4384.767788	-5923.594910	-7783.891942	-10026.895675	-12535.448505	-15296.511336	-8.839375	-23.306823	-27.882930	-20.730535	-6.338560	6.584617	24.800070	42.840440	45.345564	46.645147	48.772363	53.543623	-145.812689	-492.265339	-976.681260	-1603.935985	-2439.488211	-3518.115065	-4907.771065	-6602.848084	-8584.768127	-10916.343106	-13482.450689	-16295.051410	-12.502948	-18.651787	-13.547355	-5.229150	-3.809035	-4.249508	-4.118007	-0.311109	1.892170	5.681097	7.909697	8.348064	63
