name	rmr4	rmr5	rmr6	rmr7	rmr8	rmr9	rmr10	rmr11	rmr12	rmr13	rmr14	rmr15	rcr4	rcr5	rcr6	rcr7	rcr8	rcr9	rcr10	rcr11	rcr12	rcr13	rcr14	rcr15	fmr4	fmr5	fmr6	fmr7	fmr8	fmr9	fmr10	fmr11	fmr12	fmr13	fmr14	fmr15	fcr4	fcr5	fcr6	fcr7	fcr8	fcr9	fcr10	fcr11	fcr12	fcr13	fcr14	fcr15	rmc4	rmc5	rmc6	rmc7	rmc8	rmc9	rmc10	rmc11	rmc12	rmc13	rmc14	rmc15	rcc4	rcc5	rcc6	rcc7	rcc8	rcc9	rcc10	rcc11	rcc12	rcc13	rcc14	rcc15	fmc4	fmc5	fmc6	fmc7	fmc8	fmc9	fmc10	fmc11	fmc12	fmc13	fmc14	fmc15	fcc4	fcc5	fcc6	fcc7	fcc8	fcc9	fcc10	fcc11	fcc12	fcc13	fcc14	fcc15	size
4crc_ligand	-11.101987	-21.679565	-42.052739	-45.284381	-18.366447	0.352913	14.932996	32.297234	37.481475	42.360504	56.396790	59.766723	0.888549	-0.612729	-11.219456	-13.789046	3.174678	11.459997	24.456954	44.221307	49.863402	56.392250	61.918518	73.552219	-10.550947	-0.774643	2.426794	0.852497	4.941087	3.173623	3.973235	8.245511	11.224394	13.372619	13.193896	18.180092	-7.151230	0.056124	3.205368	6.300168	18.615346	19.960630	20.046390	24.441294	27.665762	29.738615	32.380221	35.897839	-198.847095	-557.902246	-1047.678076	-1637.233997	-2391.414417	-3386.353953	-4695.357704	-6268.798276	-8195.858568	-10486.265726	-13079.092429	-15988.582068	0.779290	-2.682650	-11.403771	-12.927569	7.677737	18.709872	31.303900	49.564297	53.609609	56.812989	57.667205	64.210084	-200.979338	-559.179996	-1079.646715	-1739.787842	-2609.700775	-3746.828532	-5221.130273	-6950.162032	-9003.328872	-11385.042675	-14035.151223	-16999.257546	-3.238234	5.241699	8.379280	10.724275	21.595094	22.416688	22.679454	27.514360	31.082940	33.727525	37.343997	41.916033	60
