name	rmr4	rmr5	rmr6	rmr7	rmr8	rmr9	rmr10	rmr11	rmr12	rmr13	rmr14	rmr15	rcr4	rcr5	rcr6	rcr7	rcr8	rcr9	rcr10	rcr11	rcr12	rcr13	rcr14	rcr15	fmr4	fmr5	fmr6	fmr7	fmr8	fmr9	fmr10	fmr11	fmr12	fmr13	fmr14	fmr15	fcr4	fcr5	fcr6	fcr7	fcr8	fcr9	fcr10	fcr11	fcr12	fcr13	fcr14	fcr15	rmc4	rmc5	rmc6	rmc7	rmc8	rmc9	rmc10	rmc11	rmc12	rmc13	rmc14	rmc15	rcc4	rcc5	rcc6	rcc7	rcc8	rcc9	rcc10	rcc11	rcc12	rcc13	rcc14	rcc15	fmc4	fmc5	fmc6	fmc7	fmc8	fmc9	fmc10	fmc11	fmc12	fmc13	fmc14	fmc15	fcc4	fcc5	fcc6	fcc7	fcc8	fcc9	fcc10	fcc11	fcc12	fcc13	fcc14	fcc15	size
4ddh_ligand	-6.577217	-19.413813	-49.491562	-60.136323	-38.793812	-16.062693	-18.356121	-24.086495	-22.514868	-35.896455	-30.263865	-39.990789	-2.385912	-0.542222	-7.397849	-3.057421	-0.367237	21.467075	29.617496	30.163595	31.745580	30.270105	34.213932	48.801458	-6.334295	-6.823519	-19.717030	-28.777707	-27.704574	-12.306637	-9.393327	-14.342537	-19.400202	-22.954166	-25.712816	-25.353873	-7.323020	-5.695344	-11.423541	-10.600470	-15.516627	-1.164460	0.685464	-3.427126	-2.623005	-7.714157	-8.431827	-8.747501	-85.365910	-255.433215	-516.244641	-805.810621	-1196.726105	-1668.976739	-2228.712385	-2935.828276	-3755.749884	-4747.491637	-5789.453347	-7060.174704	0.468282	0.367951	-6.850656	0.262727	10.815169	38.401793	49.427492	52.673723	56.503040	56.631658	61.571201	77.523130	-87.699464	-262.763300	-546.249498	-878.968223	-1342.688226	-1892.941289	-2518.853916	-3294.615464	-4166.279388	-5199.234560	-6263.529756	-7574.416897	-3.360139	-1.530675	-7.078259	-7.817427	-14.218589	-1.186777	0.021049	-4.216450	-3.356737	-8.080923	-8.129701	-8.124512	24
