name	rmr4	rmr5	rmr6	rmr7	rmr8	rmr9	rmr10	rmr11	rmr12	rmr13	rmr14	rmr15	rcr4	rcr5	rcr6	rcr7	rcr8	rcr9	rcr10	rcr11	rcr12	rcr13	rcr14	rcr15	fmr4	fmr5	fmr6	fmr7	fmr8	fmr9	fmr10	fmr11	fmr12	fmr13	fmr14	fmr15	fcr4	fcr5	fcr6	fcr7	fcr8	fcr9	fcr10	fcr11	fcr12	fcr13	fcr14	fcr15	rmc4	rmc5	rmc6	rmc7	rmc8	rmc9	rmc10	rmc11	rmc12	rmc13	rmc14	rmc15	rcc4	rcc5	rcc6	rcc7	rcc8	rcc9	rcc10	rcc11	rcc12	rcc13	rcc14	rcc15	fmc4	fmc5	fmc6	fmc7	fmc8	fmc9	fmc10	fmc11	fmc12	fmc13	fmc14	fmc15	fcc4	fcc5	fcc6	fcc7	fcc8	fcc9	fcc10	fcc11	fcc12	fcc13	fcc14	fcc15	size
4ddk_ligand	-3.289148	-10.609811	-10.384059	-2.498091	4.517028	13.895276	16.386103	16.263491	15.665167	13.892517	12.630147	10.685285	-4.007256	-4.920459	0.533666	13.012164	22.137034	34.649769	40.279990	42.913620	42.372932	38.708610	32.889526	24.943639	-2.878953	-8.514036	-7.780944	-4.686582	-6.647423	-6.034446	-8.071354	-10.675146	-11.863547	-12.219867	-11.578215	-9.917739	-6.178818	-10.890899	-9.073358	-5.746585	-5.677905	-4.992508	-10.070724	-16.412548	-22.844296	-29.382781	-35.593216	-41.312486	-86.652871	-263.215220	-494.588188	-789.359131	-1141.679476	-1554.122625	-1976.105080	-2410.481236	-2772.631805	-3061.334657	-3228.558084	-3319.455333	-2.500437	-4.265830	1.768556	15.507702	26.104504	39.728079	45.633864	48.422991	47.805358	44.059340	38.220055	30.244897	-85.767907	-272.940329	-527.776051	-877.009414	-1284.930353	-1759.485952	-2226.145592	-2695.320345	-3066.998186	-3343.939905	-3484.045500	-3547.571580	-3.938013	-8.592867	-6.902009	-3.605336	-4.631930	-4.729402	-10.028755	-16.400652	-22.877270	-28.921690	-34.328603	-39.383641	17
