name	rmr4	rmr5	rmr6	rmr7	rmr8	rmr9	rmr10	rmr11	rmr12	rmr13	rmr14	rmr15	rcr4	rcr5	rcr6	rcr7	rcr8	rcr9	rcr10	rcr11	rcr12	rcr13	rcr14	rcr15	fmr4	fmr5	fmr6	fmr7	fmr8	fmr9	fmr10	fmr11	fmr12	fmr13	fmr14	fmr15	fcr4	fcr5	fcr6	fcr7	fcr8	fcr9	fcr10	fcr11	fcr12	fcr13	fcr14	fcr15	rmc4	rmc5	rmc6	rmc7	rmc8	rmc9	rmc10	rmc11	rmc12	rmc13	rmc14	rmc15	rcc4	rcc5	rcc6	rcc7	rcc8	rcc9	rcc10	rcc11	rcc12	rcc13	rcc14	rcc15	fmc4	fmc5	fmc6	fmc7	fmc8	fmc9	fmc10	fmc11	fmc12	fmc13	fmc14	fmc15	fcc4	fcc5	fcc6	fcc7	fcc8	fcc9	fcc10	fcc11	fcc12	fcc13	fcc14	fcc15	size
4djv_ligand	-10.722125	-18.134718	-35.793493	-29.317569	-7.089680	11.683094	26.169559	28.675882	27.354395	28.982346	38.640383	36.538861	-5.508336	-8.728713	-17.474122	-12.315668	0.056786	10.886370	24.187028	30.165293	32.167758	33.931840	36.274023	39.868709	-8.423060	-6.212370	-5.241847	0.791533	3.558740	5.727357	7.741619	5.265331	5.601514	7.808846	8.883756	9.595279	-10.436942	-12.409319	-12.113041	-6.082312	-2.016800	-0.049645	1.672883	0.473261	2.104575	5.335942	8.716557	9.112510	-145.139924	-357.927086	-678.953441	-1087.389484	-1666.242153	-2484.824494	-3630.466689	-5033.003310	-6728.264092	-8648.142868	-10782.769200	-13244.169958	-3.786250	-7.295434	-15.273481	-8.654410	7.448418	21.912027	36.567108	43.137420	45.495908	46.267774	46.916465	48.461151	-145.054041	-361.176409	-702.764213	-1171.905682	-1849.701579	-2799.194401	-4101.199131	-5642.611437	-7451.509634	-9439.813489	-11614.063913	-14119.532934	-6.985109	-7.770880	-7.184993	-1.067554	2.751686	4.860985	6.575980	5.395199	7.096945	10.703057	14.750489	15.717837	50
