name	rmr4	rmr5	rmr6	rmr7	rmr8	rmr9	rmr10	rmr11	rmr12	rmr13	rmr14	rmr15	rcr4	rcr5	rcr6	rcr7	rcr8	rcr9	rcr10	rcr11	rcr12	rcr13	rcr14	rcr15	fmr4	fmr5	fmr6	fmr7	fmr8	fmr9	fmr10	fmr11	fmr12	fmr13	fmr14	fmr15	fcr4	fcr5	fcr6	fcr7	fcr8	fcr9	fcr10	fcr11	fcr12	fcr13	fcr14	fcr15	rmc4	rmc5	rmc6	rmc7	rmc8	rmc9	rmc10	rmc11	rmc12	rmc13	rmc14	rmc15	rcc4	rcc5	rcc6	rcc7	rcc8	rcc9	rcc10	rcc11	rcc12	rcc13	rcc14	rcc15	fmc4	fmc5	fmc6	fmc7	fmc8	fmc9	fmc10	fmc11	fmc12	fmc13	fmc14	fmc15	fcc4	fcc5	fcc6	fcc7	fcc8	fcc9	fcc10	fcc11	fcc12	fcc13	fcc14	fcc15	size
4dld_ligand	-14.666701	-6.530157	-11.768975	2.169482	20.392001	29.621252	30.370309	28.605367	35.674162	39.460906	41.019653	49.468108	-23.203541	-18.722575	-10.214275	11.536289	25.916974	42.206882	62.852153	82.852026	114.675113	143.711346	158.382447	190.379749	-14.973679	-10.992031	-11.570689	-2.692648	-0.210035	0.183481	4.127513	4.844652	15.145899	27.474458	24.590933	38.274559	-33.335855	-40.198816	-41.348706	-30.983252	-27.875409	-27.791458	-23.827380	-22.532679	-12.871413	-1.254297	-3.687337	9.147492	-140.239666	-337.408991	-619.476280	-948.456140	-1428.936601	-2086.088259	-2963.408928	-4114.643053	-5488.851806	-7104.497002	-8960.575300	-11011.568211	-7.700272	-2.952158	5.795241	30.440957	55.396455	80.218334	106.353087	131.007248	166.791632	197.855994	213.260279	245.939231	-141.159993	-351.182609	-668.594689	-1056.979768	-1635.346046	-2412.759087	-3421.625910	-4710.102293	-6205.971215	-7907.652258	-9825.675113	-11933.400479	-14.334712	-17.842445	-18.784444	-10.275106	-7.856015	-8.025734	-4.046395	-2.733133	6.919836	18.793244	16.886568	30.326308	33
