name	rmr4	rmr5	rmr6	rmr7	rmr8	rmr9	rmr10	rmr11	rmr12	rmr13	rmr14	rmr15	rcr4	rcr5	rcr6	rcr7	rcr8	rcr9	rcr10	rcr11	rcr12	rcr13	rcr14	rcr15	fmr4	fmr5	fmr6	fmr7	fmr8	fmr9	fmr10	fmr11	fmr12	fmr13	fmr14	fmr15	fcr4	fcr5	fcr6	fcr7	fcr8	fcr9	fcr10	fcr11	fcr12	fcr13	fcr14	fcr15	rmc4	rmc5	rmc6	rmc7	rmc8	rmc9	rmc10	rmc11	rmc12	rmc13	rmc14	rmc15	rcc4	rcc5	rcc6	rcc7	rcc8	rcc9	rcc10	rcc11	rcc12	rcc13	rcc14	rcc15	fmc4	fmc5	fmc6	fmc7	fmc8	fmc9	fmc10	fmc11	fmc12	fmc13	fmc14	fmc15	fcc4	fcc5	fcc6	fcc7	fcc8	fcc9	fcc10	fcc11	fcc12	fcc13	fcc14	fcc15	size
4dld_ligand	-15.285186	-23.075110	-24.611933	-25.894531	-21.561317	-24.115990	-32.732034	-44.165025	-51.251237	-55.469495	-56.415157	-54.626545	-26.611822	-33.870260	-24.209942	-13.472138	3.215598	20.140882	37.762925	50.981488	62.678626	68.261285	69.328477	64.742038	-17.386501	-26.514385	-26.979087	-30.947976	-32.423451	-35.719844	-37.852312	-39.325866	-38.173375	-35.486075	-31.799451	-26.335285	-35.426774	-52.147530	-54.280423	-61.077669	-63.477794	-68.926896	-75.700365	-83.049871	-90.747602	-100.273958	-110.906700	-122.209830	-199.872272	-444.843482	-774.832059	-1171.166424	-1722.751787	-2446.738286	-3330.600882	-4341.027635	-5378.626675	-6325.688694	-7136.696196	-7758.762297	-20.275976	-27.150860	-15.368877	-2.231908	19.587495	41.765240	63.224140	79.634747	93.570223	99.941994	101.012491	95.818173	-198.239048	-455.495158	-828.792687	-1296.185254	-1956.739110	-2810.478648	-3825.205020	-4944.262711	-6055.206185	-7022.954995	-7820.368042	-8413.631822	-27.312048	-43.204353	-45.896211	-53.992722	-57.389267	-63.548881	-70.907796	-78.871638	-87.309843	-96.957508	-107.144001	-117.979667	33
