name	rmr4	rmr5	rmr6	rmr7	rmr8	rmr9	rmr10	rmr11	rmr12	rmr13	rmr14	rmr15	rcr4	rcr5	rcr6	rcr7	rcr8	rcr9	rcr10	rcr11	rcr12	rcr13	rcr14	rcr15	fmr4	fmr5	fmr6	fmr7	fmr8	fmr9	fmr10	fmr11	fmr12	fmr13	fmr14	fmr15	fcr4	fcr5	fcr6	fcr7	fcr8	fcr9	fcr10	fcr11	fcr12	fcr13	fcr14	fcr15	rmc4	rmc5	rmc6	rmc7	rmc8	rmc9	rmc10	rmc11	rmc12	rmc13	rmc14	rmc15	rcc4	rcc5	rcc6	rcc7	rcc8	rcc9	rcc10	rcc11	rcc12	rcc13	rcc14	rcc15	fmc4	fmc5	fmc6	fmc7	fmc8	fmc9	fmc10	fmc11	fmc12	fmc13	fmc14	fmc15	fcc4	fcc5	fcc6	fcc7	fcc8	fcc9	fcc10	fcc11	fcc12	fcc13	fcc14	fcc15	size
4dli_ligand	-12.856632	-25.477449	-34.579002	-33.605188	-8.788479	0.102355	20.355420	26.053910	30.461989	33.259665	39.008535	38.062475	-2.489045	-0.097185	1.309100	5.546687	16.522767	16.170539	31.039343	36.501424	40.171924	45.671604	48.383610	48.448394	-7.043084	-3.555234	3.052081	-1.320587	-4.269417	-19.762145	-18.843534	-26.754701	-27.111391	-28.330330	-41.990179	-42.123679	-5.182991	-1.083177	5.327822	9.968903	14.588164	8.342753	12.486559	8.678529	10.880896	13.535838	13.209145	11.076948	-113.942838	-361.457244	-691.253168	-1060.829520	-1550.308573	-2188.387263	-2966.914744	-3821.569930	-4746.738338	-5627.757897	-6529.020528	-7441.613207	-0.179892	-3.750613	-6.741572	-3.190633	11.431965	12.259515	25.302319	28.074515	29.223895	32.940620	33.955533	32.600078	-112.316322	-361.126729	-709.961397	-1123.878815	-1695.917425	-2423.315396	-3295.097396	-4221.204110	-5189.825024	-6078.713300	-6972.285194	-7875.934888	0.890791	5.303033	11.863276	15.480743	18.413398	11.459823	16.225096	13.870113	17.777094	23.128028	25.906824	26.612803	37
