name	rmr4	rmr5	rmr6	rmr7	rmr8	rmr9	rmr10	rmr11	rmr12	rmr13	rmr14	rmr15	rcr4	rcr5	rcr6	rcr7	rcr8	rcr9	rcr10	rcr11	rcr12	rcr13	rcr14	rcr15	fmr4	fmr5	fmr6	fmr7	fmr8	fmr9	fmr10	fmr11	fmr12	fmr13	fmr14	fmr15	fcr4	fcr5	fcr6	fcr7	fcr8	fcr9	fcr10	fcr11	fcr12	fcr13	fcr14	fcr15	rmc4	rmc5	rmc6	rmc7	rmc8	rmc9	rmc10	rmc11	rmc12	rmc13	rmc14	rmc15	rcc4	rcc5	rcc6	rcc7	rcc8	rcc9	rcc10	rcc11	rcc12	rcc13	rcc14	rcc15	fmc4	fmc5	fmc6	fmc7	fmc8	fmc9	fmc10	fmc11	fmc12	fmc13	fmc14	fmc15	fcc4	fcc5	fcc6	fcc7	fcc8	fcc9	fcc10	fcc11	fcc12	fcc13	fcc14	fcc15	size
4e6q_ligand	-12.263431	-26.875638	-53.891874	-60.740994	-32.004640	-25.072451	-38.767794	-52.731937	-70.448592	-90.112255	-116.065944	-145.978836	-5.390977	-3.417036	-13.573941	-8.055819	4.503701	17.271162	21.203615	24.759979	26.302335	28.705803	27.342731	28.680362	-9.429682	-14.602304	-23.840801	-28.073340	-23.694879	-28.770652	-40.857147	-57.370082	-71.058933	-87.041996	-104.833781	-118.409012	-6.045137	-1.463233	-1.077814	6.972659	11.552220	16.820064	14.754597	11.770805	12.804170	13.724487	12.825026	16.380624	-89.465788	-327.646943	-703.494976	-1141.632138	-1736.662904	-2519.789688	-3490.634300	-4655.063142	-5960.267852	-7481.362470	-9121.470067	-11018.106279	-5.509760	-6.173925	-16.408702	-10.078955	5.461833	20.528926	24.941795	28.636998	30.252763	31.799025	29.312496	29.298103	-88.473694	-332.419625	-734.701739	-1232.178025	-1924.332239	-2822.748230	-3903.503188	-5173.401740	-6552.504460	-8123.557361	-9785.507617	-11705.731038	-5.380043	-1.752307	-1.181797	6.799503	10.963806	16.038114	14.027407	11.157184	12.395701	13.835966	13.732223	17.899919	47
