name	rmr4	rmr5	rmr6	rmr7	rmr8	rmr9	rmr10	rmr11	rmr12	rmr13	rmr14	rmr15	rcr4	rcr5	rcr6	rcr7	rcr8	rcr9	rcr10	rcr11	rcr12	rcr13	rcr14	rcr15	fmr4	fmr5	fmr6	fmr7	fmr8	fmr9	fmr10	fmr11	fmr12	fmr13	fmr14	fmr15	fcr4	fcr5	fcr6	fcr7	fcr8	fcr9	fcr10	fcr11	fcr12	fcr13	fcr14	fcr15	rmc4	rmc5	rmc6	rmc7	rmc8	rmc9	rmc10	rmc11	rmc12	rmc13	rmc14	rmc15	rcc4	rcc5	rcc6	rcc7	rcc8	rcc9	rcc10	rcc11	rcc12	rcc13	rcc14	rcc15	fmc4	fmc5	fmc6	fmc7	fmc8	fmc9	fmc10	fmc11	fmc12	fmc13	fmc14	fmc15	fcc4	fcc5	fcc6	fcc7	fcc8	fcc9	fcc10	fcc11	fcc12	fcc13	fcc14	fcc15	size
4ea2_ligand	-8.647918	-30.391671	-58.315257	-40.663393	-9.960772	8.959352	28.173947	36.436002	39.671967	42.722858	43.219226	-7.583014	3.193218	15.278112	18.286685	28.646847	59.897661	85.429218	109.040497	133.143846	171.415646	206.408443	233.512960	251.565006	-9.665559	-23.792160	-45.629871	-62.801230	-96.033740	-128.826974	-167.932623	-217.281965	-271.612076	-334.279058	-407.814223	-479.835593	-4.609163	-0.521449	-1.723254	-3.469370	-4.381721	-4.579103	-5.264901	-7.252676	-7.157438	-7.267146	-7.258679	-5.476955	-71.831531	-281.305598	-645.352955	-1103.936897	-1697.068952	-2495.605310	-3554.110809	-4862.442575	-6484.514813	-8417.158096	-10656.639738	-13095.035641	8.154978	9.784143	-1.573312	-3.854045	16.427587	31.473261	44.697350	56.931480	80.666697	100.349788	113.129456	117.203379	-76.716045	-295.682302	-690.973702	-1214.292730	-1913.485505	-2836.456775	-4030.931141	-5471.725911	-7227.361943	-9259.196746	-11568.081371	-14051.720282	2.582639	3.922316	-0.589342	-2.388156	-2.920119	-3.038716	-3.717824	-5.575810	-5.371755	-5.253361	-5.099248	-2.939330	64
