name	rmr4	rmr5	rmr6	rmr7	rmr8	rmr9	rmr10	rmr11	rmr12	rmr13	rmr14	rmr15	rcr4	rcr5	rcr6	rcr7	rcr8	rcr9	rcr10	rcr11	rcr12	rcr13	rcr14	rcr15	fmr4	fmr5	fmr6	fmr7	fmr8	fmr9	fmr10	fmr11	fmr12	fmr13	fmr14	fmr15	fcr4	fcr5	fcr6	fcr7	fcr8	fcr9	fcr10	fcr11	fcr12	fcr13	fcr14	fcr15	rmc4	rmc5	rmc6	rmc7	rmc8	rmc9	rmc10	rmc11	rmc12	rmc13	rmc14	rmc15	rcc4	rcc5	rcc6	rcc7	rcc8	rcc9	rcc10	rcc11	rcc12	rcc13	rcc14	rcc15	fmc4	fmc5	fmc6	fmc7	fmc8	fmc9	fmc10	fmc11	fmc12	fmc13	fmc14	fmc15	fcc4	fcc5	fcc6	fcc7	fcc8	fcc9	fcc10	fcc11	fcc12	fcc13	fcc14	fcc15	size
4eky_ligand	9.619462	-0.826620	-7.418195	4.432110	45.107664	62.982592	66.735916	72.411067	79.617319	72.871202	50.566033	2.651018	13.520270	12.574366	14.722474	31.945909	52.958231	68.319061	83.169644	103.703881	132.566215	163.563510	189.105209	200.108244	-2.430378	-10.077063	-14.349897	-25.258764	-36.563838	-50.588965	-70.652584	-93.202261	-116.776255	-145.789221	-182.023380	-224.553825	-6.676467	-10.764835	-7.433507	-1.509907	-1.413827	2.669224	2.558090	4.117583	9.497358	15.274942	17.903975	19.378475	-160.607841	-416.406244	-798.000805	-1265.399680	-1887.853733	-2731.690679	-3822.702116	-5217.989995	-6906.915900	-8933.031050	-11289.792287	-14019.182614	16.080428	15.153447	18.701789	37.671376	61.457242	79.713779	96.336370	118.118104	148.157860	179.654290	205.055945	215.789457	-174.034892	-437.629973	-854.283587	-1400.369872	-2138.386240	-3113.317528	-4349.144671	-5897.859410	-7726.303523	-9863.337715	-12302.815222	-15098.814571	-2.388012	-5.685463	-2.339001	3.279051	2.598498	6.329291	6.129753	7.712278	13.115876	19.007439	21.839651	23.486722	44
