name	rmr4	rmr5	rmr6	rmr7	rmr8	rmr9	rmr10	rmr11	rmr12	rmr13	rmr14	rmr15	rcr4	rcr5	rcr6	rcr7	rcr8	rcr9	rcr10	rcr11	rcr12	rcr13	rcr14	rcr15	fmr4	fmr5	fmr6	fmr7	fmr8	fmr9	fmr10	fmr11	fmr12	fmr13	fmr14	fmr15	fcr4	fcr5	fcr6	fcr7	fcr8	fcr9	fcr10	fcr11	fcr12	fcr13	fcr14	fcr15	rmc4	rmc5	rmc6	rmc7	rmc8	rmc9	rmc10	rmc11	rmc12	rmc13	rmc14	rmc15	rcc4	rcc5	rcc6	rcc7	rcc8	rcc9	rcc10	rcc11	rcc12	rcc13	rcc14	rcc15	fmc4	fmc5	fmc6	fmc7	fmc8	fmc9	fmc10	fmc11	fmc12	fmc13	fmc14	fmc15	fcc4	fcc5	fcc6	fcc7	fcc8	fcc9	fcc10	fcc11	fcc12	fcc13	fcc14	fcc15	size
4eo8_ligand	0.292150	-0.353393	-12.307879	-10.616426	6.604006	24.546534	38.166133	51.883892	64.412303	78.814384	98.287447	106.861822	9.302417	13.809034	11.921989	13.982329	22.994031	39.033810	56.690374	76.848192	94.138515	112.266845	126.201228	142.638743	-4.007437	-3.437231	-3.429578	-5.294811	-8.203742	-4.664030	-2.577129	0.497089	-2.841929	-2.182861	1.073833	9.881591	2.394022	3.399508	4.969474	3.617436	2.641193	5.548819	7.947281	11.628431	8.251767	8.312128	15.560691	23.889280	-62.580789	-231.252138	-474.595846	-802.572121	-1245.579032	-1865.358910	-2686.642290	-3735.897048	-5040.972818	-6465.477786	-8025.452079	-9858.120670	6.964366	9.923876	9.666849	13.607389	26.473953	46.489782	66.151003	87.764393	106.655135	125.079332	138.514598	154.180212	-68.606382	-247.404227	-511.959582	-892.598448	-1415.368688	-2142.149824	-3077.761611	-4244.744735	-5662.534841	-7157.507970	-8751.413854	-10623.216382	1.077448	1.912533	3.933116	2.710703	1.644330	4.760355	7.180272	10.853146	7.469154	7.741348	15.620630	24.412458	57
