name	rmr4	rmr5	rmr6	rmr7	rmr8	rmr9	rmr10	rmr11	rmr12	rmr13	rmr14	rmr15	rcr4	rcr5	rcr6	rcr7	rcr8	rcr9	rcr10	rcr11	rcr12	rcr13	rcr14	rcr15	fmr4	fmr5	fmr6	fmr7	fmr8	fmr9	fmr10	fmr11	fmr12	fmr13	fmr14	fmr15	fcr4	fcr5	fcr6	fcr7	fcr8	fcr9	fcr10	fcr11	fcr12	fcr13	fcr14	fcr15	rmc4	rmc5	rmc6	rmc7	rmc8	rmc9	rmc10	rmc11	rmc12	rmc13	rmc14	rmc15	rcc4	rcc5	rcc6	rcc7	rcc8	rcc9	rcc10	rcc11	rcc12	rcc13	rcc14	rcc15	fmc4	fmc5	fmc6	fmc7	fmc8	fmc9	fmc10	fmc11	fmc12	fmc13	fmc14	fmc15	fcc4	fcc5	fcc6	fcc7	fcc8	fcc9	fcc10	fcc11	fcc12	fcc13	fcc14	fcc15	size
4eor_ligand	-13.297009	-27.512176	-42.779315	-47.722837	-7.686529	6.378707	4.600939	-2.880544	-21.514049	-38.348420	-58.165184	-78.593341	-2.308052	-8.177329	-11.677375	-3.371673	19.761692	32.865188	46.455257	51.450600	56.449260	58.049721	64.107526	64.890266	-13.869744	-20.294360	-24.403096	-24.459391	-13.138439	-19.914105	-30.883406	-51.819901	-66.028780	-89.685284	-102.198847	-121.084641	-6.873344	-8.963175	-4.988049	6.958554	17.882049	21.293280	22.512346	16.916036	19.343311	16.641579	18.279288	19.627391	-125.075089	-384.697338	-760.687158	-1197.097593	-1817.633688	-2688.030702	-3771.470002	-5022.011019	-6495.120969	-8092.714501	-9879.724362	-11803.008901	-3.160937	-10.712124	-13.764201	-3.957764	23.507028	40.257448	55.022455	60.450185	65.815523	66.892905	71.952491	71.700811	-127.201602	-391.800423	-793.779999	-1289.928447	-2024.918450	-3032.596902	-4249.373499	-5612.919545	-7176.559355	-8823.716359	-10640.348291	-12581.284403	-6.507217	-8.630512	-4.795039	6.934545	17.782232	21.118830	22.378112	16.995156	19.641065	17.696951	20.249484	22.574444	50
