name	rmr4	rmr5	rmr6	rmr7	rmr8	rmr9	rmr10	rmr11	rmr12	rmr13	rmr14	rmr15	rcr4	rcr5	rcr6	rcr7	rcr8	rcr9	rcr10	rcr11	rcr12	rcr13	rcr14	rcr15	fmr4	fmr5	fmr6	fmr7	fmr8	fmr9	fmr10	fmr11	fmr12	fmr13	fmr14	fmr15	fcr4	fcr5	fcr6	fcr7	fcr8	fcr9	fcr10	fcr11	fcr12	fcr13	fcr14	fcr15	rmc4	rmc5	rmc6	rmc7	rmc8	rmc9	rmc10	rmc11	rmc12	rmc13	rmc14	rmc15	rcc4	rcc5	rcc6	rcc7	rcc8	rcc9	rcc10	rcc11	rcc12	rcc13	rcc14	rcc15	fmc4	fmc5	fmc6	fmc7	fmc8	fmc9	fmc10	fmc11	fmc12	fmc13	fmc14	fmc15	fcc4	fcc5	fcc6	fcc7	fcc8	fcc9	fcc10	fcc11	fcc12	fcc13	fcc14	fcc15	size
4f09_ligand	-6.727697	-19.169389	-38.516318	-47.184440	-19.364927	-19.044009	-23.449921	-33.338004	-47.284861	-60.938751	-77.493076	-102.797601	-0.095485	-1.957451	-10.069316	-10.009326	0.715919	6.891344	17.868734	21.935369	23.574666	26.296398	27.388980	24.819563	-7.360421	-11.192847	-17.775307	-20.888391	-10.759485	-17.248624	-21.747439	-32.687133	-43.306319	-55.019118	-65.882019	-76.356728	-3.510294	-1.818576	-2.218904	3.370010	9.620556	12.087125	17.107570	16.834531	18.168808	18.503982	19.468994	20.967623	-72.804843	-253.873542	-520.366927	-844.337667	-1322.567127	-1952.412488	-2748.902876	-3656.128695	-4700.285281	-5871.392605	-7081.033867	-8498.881621	-0.789971	-4.267505	-12.417083	-11.691303	2.007662	10.062749	21.418324	25.597598	27.285734	29.386266	29.738752	26.220892	-75.151165	-258.000503	-541.927519	-907.341836	-1470.143495	-2189.829905	-3081.644800	-4066.321958	-5169.704063	-6376.935221	-7596.660794	-9025.933728	-3.543864	-2.253856	-2.586335	3.042817	9.713706	12.095502	17.091249	16.939392	18.418809	19.241927	20.990314	23.066576	37
