name	rmr4	rmr5	rmr6	rmr7	rmr8	rmr9	rmr10	rmr11	rmr12	rmr13	rmr14	rmr15	rcr4	rcr5	rcr6	rcr7	rcr8	rcr9	rcr10	rcr11	rcr12	rcr13	rcr14	rcr15	fmr4	fmr5	fmr6	fmr7	fmr8	fmr9	fmr10	fmr11	fmr12	fmr13	fmr14	fmr15	fcr4	fcr5	fcr6	fcr7	fcr8	fcr9	fcr10	fcr11	fcr12	fcr13	fcr14	fcr15	rmc4	rmc5	rmc6	rmc7	rmc8	rmc9	rmc10	rmc11	rmc12	rmc13	rmc14	rmc15	rcc4	rcc5	rcc6	rcc7	rcc8	rcc9	rcc10	rcc11	rcc12	rcc13	rcc14	rcc15	fmc4	fmc5	fmc6	fmc7	fmc8	fmc9	fmc10	fmc11	fmc12	fmc13	fmc14	fmc15	fcc4	fcc5	fcc6	fcc7	fcc8	fcc9	fcc10	fcc11	fcc12	fcc13	fcc14	fcc15	size
4f2w_ligand	-15.097532	-24.760084	-33.796222	-27.127235	1.179904	22.587172	51.623338	65.784429	79.968277	92.292809	109.338793	113.074183	-3.217626	0.283623	-2.801814	2.007901	18.198744	21.526408	40.072647	48.666721	56.905287	65.789497	73.471622	74.275852	-13.728897	-16.339932	-14.379321	-11.285892	-10.597629	-14.529676	-5.188242	-5.798839	-3.174045	-2.225574	-3.731530	-1.572427	-9.898608	-7.391489	-3.867711	7.461556	19.349617	19.203895	29.485175	30.777399	34.457278	35.518024	36.926415	37.746231	-145.639723	-419.927702	-784.572762	-1200.095897	-1724.684376	-2464.762135	-3407.036838	-4529.094154	-5870.526471	-7440.847231	-9107.693351	-10950.075503	-4.238032	-5.312335	-12.419871	-7.543377	11.917948	17.360065	35.568850	43.203312	49.869502	55.989244	60.961370	59.205017	-148.198065	-426.544074	-813.167790	-1273.383200	-1879.552521	-2728.764748	-3790.564955	-5016.419035	-6445.773424	-8078.531572	-9776.360391	-11639.561069	-8.459235	-5.637379	-1.302466	9.488742	18.888423	18.446682	28.707243	30.149415	34.136144	35.757234	38.059731	39.673213	40
