name	rmr4	rmr5	rmr6	rmr7	rmr8	rmr9	rmr10	rmr11	rmr12	rmr13	rmr14	rmr15	rcr4	rcr5	rcr6	rcr7	rcr8	rcr9	rcr10	rcr11	rcr12	rcr13	rcr14	rcr15	fmr4	fmr5	fmr6	fmr7	fmr8	fmr9	fmr10	fmr11	fmr12	fmr13	fmr14	fmr15	fcr4	fcr5	fcr6	fcr7	fcr8	fcr9	fcr10	fcr11	fcr12	fcr13	fcr14	fcr15	rmc4	rmc5	rmc6	rmc7	rmc8	rmc9	rmc10	rmc11	rmc12	rmc13	rmc14	rmc15	rcc4	rcc5	rcc6	rcc7	rcc8	rcc9	rcc10	rcc11	rcc12	rcc13	rcc14	rcc15	fmc4	fmc5	fmc6	fmc7	fmc8	fmc9	fmc10	fmc11	fmc12	fmc13	fmc14	fmc15	fcc4	fcc5	fcc6	fcc7	fcc8	fcc9	fcc10	fcc11	fcc12	fcc13	fcc14	fcc15	size
4f3c_ligand	-10.247680	-25.412210	-27.308496	-14.648589	20.956233	50.409146	80.311674	97.563907	115.681119	129.857829	153.726798	157.398352	1.179489	-0.286683	2.719661	12.667278	35.094860	43.151603	62.377877	73.151668	84.517270	94.213351	108.477599	110.303757	-8.616880	-14.745612	-5.867688	1.751245	3.577235	2.374427	10.008937	9.086877	11.758516	12.060246	12.820800	13.601139	-7.244487	-8.531027	0.784787	16.909903	31.666435	33.455987	42.432876	42.941807	47.085326	46.530629	51.772080	52.667451	-165.403833	-477.931563	-869.678285	-1322.482697	-1896.295814	-2719.981785	-3747.719251	-4973.949676	-6472.576804	-8183.374853	-10037.318439	-12087.478323	2.115199	-3.267214	-4.208837	5.920339	31.894827	42.315906	61.190905	70.918317	80.474722	87.231423	98.442085	97.370368	-168.392270	-483.687726	-899.152341	-1402.911734	-2069.515734	-3019.171917	-4175.878697	-5517.921493	-7119.088075	-8898.053720	-10790.045585	-12865.525750	-3.345188	-3.081948	7.423670	23.042920	34.919666	36.417942	45.362315	46.036653	50.469499	50.616797	56.811252	58.539165	49
