name	rmr4	rmr5	rmr6	rmr7	rmr8	rmr9	rmr10	rmr11	rmr12	rmr13	rmr14	rmr15	rcr4	rcr5	rcr6	rcr7	rcr8	rcr9	rcr10	rcr11	rcr12	rcr13	rcr14	rcr15	fmr4	fmr5	fmr6	fmr7	fmr8	fmr9	fmr10	fmr11	fmr12	fmr13	fmr14	fmr15	fcr4	fcr5	fcr6	fcr7	fcr8	fcr9	fcr10	fcr11	fcr12	fcr13	fcr14	fcr15	rmc4	rmc5	rmc6	rmc7	rmc8	rmc9	rmc10	rmc11	rmc12	rmc13	rmc14	rmc15	rcc4	rcc5	rcc6	rcc7	rcc8	rcc9	rcc10	rcc11	rcc12	rcc13	rcc14	rcc15	fmc4	fmc5	fmc6	fmc7	fmc8	fmc9	fmc10	fmc11	fmc12	fmc13	fmc14	fmc15	fcc4	fcc5	fcc6	fcc7	fcc8	fcc9	fcc10	fcc11	fcc12	fcc13	fcc14	fcc15	size
4f9w_ligand	-11.065857	-9.627504	-11.070604	1.360251	48.292472	94.716858	152.950754	199.116494	215.008544	237.213010	277.037034	289.334830	6.648938	7.767710	2.871254	5.632544	22.252126	39.071671	60.244162	73.213235	79.247797	84.962411	93.666448	103.256875	-7.203921	-0.853839	0.436375	-3.396875	-0.247067	3.831616	5.592062	-2.276482	-3.413576	-6.531542	-10.769846	-6.208683	4.398996	7.689922	6.635253	6.438605	9.657851	11.697364	16.004086	13.494405	16.078679	18.844444	20.747149	21.213339	-123.630575	-325.330179	-634.994334	-1030.464520	-1584.255917	-2402.123533	-3464.723870	-4734.829005	-6109.535698	-7649.765283	-9455.311945	-11425.104966	0.508625	-0.236902	-8.758407	-8.960476	7.028837	20.859371	35.963245	41.284170	41.209734	40.543683	40.654088	41.387529	-122.016109	-323.201424	-654.889781	-1105.525478	-1758.654299	-2709.146015	-3908.258299	-5296.244471	-6743.593246	-8324.120596	-10159.364176	-12154.220444	2.212247	8.444209	7.504374	7.307254	10.591355	12.890346	17.068998	15.046725	18.820884	22.993254	26.504300	28.804276	43
