name	rmr4	rmr5	rmr6	rmr7	rmr8	rmr9	rmr10	rmr11	rmr12	rmr13	rmr14	rmr15	rcr4	rcr5	rcr6	rcr7	rcr8	rcr9	rcr10	rcr11	rcr12	rcr13	rcr14	rcr15	fmr4	fmr5	fmr6	fmr7	fmr8	fmr9	fmr10	fmr11	fmr12	fmr13	fmr14	fmr15	fcr4	fcr5	fcr6	fcr7	fcr8	fcr9	fcr10	fcr11	fcr12	fcr13	fcr14	fcr15	rmc4	rmc5	rmc6	rmc7	rmc8	rmc9	rmc10	rmc11	rmc12	rmc13	rmc14	rmc15	rcc4	rcc5	rcc6	rcc7	rcc8	rcc9	rcc10	rcc11	rcc12	rcc13	rcc14	rcc15	fmc4	fmc5	fmc6	fmc7	fmc8	fmc9	fmc10	fmc11	fmc12	fmc13	fmc14	fmc15	fcc4	fcc5	fcc6	fcc7	fcc8	fcc9	fcc10	fcc11	fcc12	fcc13	fcc14	fcc15	size
4gfm_ligand	-5.811899	-17.816273	-32.540735	-35.677104	-13.618237	-8.003637	-11.130944	-9.069249	-15.509133	-28.183025	-45.115875	-62.868603	3.669032	-0.628204	-2.875671	1.821078	9.964991	21.255107	33.890170	49.529758	59.774248	65.562145	68.662019	74.126642	-6.301656	-11.769581	-17.998474	-20.364987	-13.162182	-15.993011	-24.135192	-31.056931	-39.656871	-51.375503	-64.602826	-77.225235	0.077463	-2.830944	-2.518575	2.310568	8.068524	13.810595	15.205649	17.622679	20.385877	20.923096	21.610361	21.300003	-90.654158	-252.400394	-494.855355	-794.555178	-1276.388461	-1864.999269	-2635.136864	-3526.623759	-4560.089465	-5714.668114	-6967.091213	-8358.412032	1.773797	-2.789320	-3.627272	3.261096	16.500680	31.189524	46.186338	63.585151	75.426104	82.052212	85.569424	91.398954	-93.125401	-257.724661	-522.019714	-868.873855	-1435.972777	-2110.438742	-2981.410837	-3964.147826	-5067.730276	-6263.499173	-7535.563661	-8948.681247	-0.850140	-3.434152	-2.869905	2.160228	8.710978	14.167979	15.565051	17.940939	20.668334	21.517771	22.720712	22.889641	26
