name	rmr4	rmr5	rmr6	rmr7	rmr8	rmr9	rmr10	rmr11	rmr12	rmr13	rmr14	rmr15	rcr4	rcr5	rcr6	rcr7	rcr8	rcr9	rcr10	rcr11	rcr12	rcr13	rcr14	rcr15	fmr4	fmr5	fmr6	fmr7	fmr8	fmr9	fmr10	fmr11	fmr12	fmr13	fmr14	fmr15	fcr4	fcr5	fcr6	fcr7	fcr8	fcr9	fcr10	fcr11	fcr12	fcr13	fcr14	fcr15	rmc4	rmc5	rmc6	rmc7	rmc8	rmc9	rmc10	rmc11	rmc12	rmc13	rmc14	rmc15	rcc4	rcc5	rcc6	rcc7	rcc8	rcc9	rcc10	rcc11	rcc12	rcc13	rcc14	rcc15	fmc4	fmc5	fmc6	fmc7	fmc8	fmc9	fmc10	fmc11	fmc12	fmc13	fmc14	fmc15	fcc4	fcc5	fcc6	fcc7	fcc8	fcc9	fcc10	fcc11	fcc12	fcc13	fcc14	fcc15	size
4gid_ligand	-16.143857	-34.026172	-47.902185	-21.634942	30.020828	72.289468	103.815195	132.138821	148.035160	150.146535	151.215489	161.783881	-6.696421	-15.386152	-28.881452	-7.360133	28.440985	51.622243	71.776412	98.678606	117.890757	130.967422	136.589623	152.241857	-16.204007	-27.350717	-31.617242	-27.954007	-33.375907	-38.072972	-40.653351	-33.907437	-28.495880	-27.323439	-30.239765	-20.421129	-17.843811	-25.775172	-28.044936	-13.039985	-9.402553	-10.321526	-14.167993	-9.876312	-4.198459	-3.940005	-8.240907	-0.504498	-268.438899	-811.912586	-1478.311098	-2249.436882	-3255.163113	-4563.643619	-6284.902362	-8438.907551	-11124.416142	-14302.610955	-17928.042047	-21908.912353	-3.315519	-15.936214	-29.556880	-7.277455	33.329063	60.220110	81.948505	110.129573	130.447002	142.312501	145.781537	159.047005	-270.764626	-827.092122	-1531.945488	-2410.138493	-3600.082692	-5113.181749	-7061.369454	-9440.739625	-12325.885373	-15645.774355	-19365.542689	-23422.497518	-11.843104	-19.877197	-22.785006	-9.011587	-7.349767	-9.510222	-13.361194	-9.053539	-3.292480	-2.670834	-6.359676	2.184139	95
