name	rmr4	rmr5	rmr6	rmr7	rmr8	rmr9	rmr10	rmr11	rmr12	rmr13	rmr14	rmr15	rcr4	rcr5	rcr6	rcr7	rcr8	rcr9	rcr10	rcr11	rcr12	rcr13	rcr14	rcr15	fmr4	fmr5	fmr6	fmr7	fmr8	fmr9	fmr10	fmr11	fmr12	fmr13	fmr14	fmr15	fcr4	fcr5	fcr6	fcr7	fcr8	fcr9	fcr10	fcr11	fcr12	fcr13	fcr14	fcr15	rmc4	rmc5	rmc6	rmc7	rmc8	rmc9	rmc10	rmc11	rmc12	rmc13	rmc14	rmc15	rcc4	rcc5	rcc6	rcc7	rcc8	rcc9	rcc10	rcc11	rcc12	rcc13	rcc14	rcc15	fmc4	fmc5	fmc6	fmc7	fmc8	fmc9	fmc10	fmc11	fmc12	fmc13	fmc14	fmc15	fcc4	fcc5	fcc6	fcc7	fcc8	fcc9	fcc10	fcc11	fcc12	fcc13	fcc14	fcc15	size
4gkm_ligand	-12.117070	-23.703313	-42.927913	-32.828063	-19.526209	-4.407601	-4.436431	-1.724066	-2.219777	-10.556337	-14.981810	-20.836226	0.977555	2.546327	0.487016	4.313063	9.873121	22.530820	28.077928	37.426348	45.123279	47.606872	50.881231	70.360021	-7.377538	-7.483061	-18.823751	-22.343342	-36.412367	-49.576893	-68.320612	-81.929503	-93.347289	-111.271949	-132.754647	-144.672842	-0.496973	3.897368	1.894158	2.450718	-0.320901	0.319424	-1.508670	1.529475	8.155412	10.542530	12.691845	22.722771	-94.318192	-289.137768	-562.629975	-874.256214	-1319.267823	-1902.497851	-2575.964952	-3317.449554	-4241.017849	-5387.124320	-6682.286851	-8092.839630	1.930014	1.009896	-2.427056	3.862249	16.830663	35.512942	43.896813	54.949318	64.427806	68.290212	72.520394	93.009810	-93.550789	-289.893958	-586.984760	-945.975100	-1474.250773	-2156.590745	-2908.692278	-3714.519826	-4696.362583	-5887.987870	-7213.619141	-8657.849616	1.532571	5.746933	3.611784	3.260732	0.028707	0.273562	-2.076309	0.764396	7.427164	10.031436	12.531478	22.894195	31
