name	rmr4	rmr5	rmr6	rmr7	rmr8	rmr9	rmr10	rmr11	rmr12	rmr13	rmr14	rmr15	rcr4	rcr5	rcr6	rcr7	rcr8	rcr9	rcr10	rcr11	rcr12	rcr13	rcr14	rcr15	fmr4	fmr5	fmr6	fmr7	fmr8	fmr9	fmr10	fmr11	fmr12	fmr13	fmr14	fmr15	fcr4	fcr5	fcr6	fcr7	fcr8	fcr9	fcr10	fcr11	fcr12	fcr13	fcr14	fcr15	rmc4	rmc5	rmc6	rmc7	rmc8	rmc9	rmc10	rmc11	rmc12	rmc13	rmc14	rmc15	rcc4	rcc5	rcc6	rcc7	rcc8	rcc9	rcc10	rcc11	rcc12	rcc13	rcc14	rcc15	fmc4	fmc5	fmc6	fmc7	fmc8	fmc9	fmc10	fmc11	fmc12	fmc13	fmc14	fmc15	fcc4	fcc5	fcc6	fcc7	fcc8	fcc9	fcc10	fcc11	fcc12	fcc13	fcc14	fcc15	size
4gr0_ligand	-20.357595	-64.704367	-136.200384	-147.601846	-120.286040	-125.413015	-139.698297	-169.914564	-208.272380	-258.512846	-314.794310	-387.416833	-0.773714	-14.954645	-43.387639	-15.941676	3.130305	35.427358	60.943066	76.387038	88.650226	103.842483	120.719480	138.140365	-16.701335	-48.151065	-87.904045	-92.431574	-105.635853	-122.297729	-153.261403	-190.991132	-221.294118	-240.637526	-271.980509	-303.757346	-4.833711	-19.170467	-32.025569	-10.305202	-10.775680	-1.332074	1.593866	2.610064	12.479469	28.619477	38.339637	43.316740	-201.092164	-679.486696	-1302.880201	-1989.870351	-2879.931110	-3956.447172	-5329.663297	-6959.164684	-8917.968253	-11005.472077	-13333.593567	-15907.810482	0.957786	-15.474658	-40.497009	-8.941114	16.060588	53.407262	82.614776	101.226174	116.818971	133.677303	151.626626	170.015643	-199.203853	-693.603556	-1357.383503	-2148.637519	-3184.587934	-4427.214538	-5978.824580	-7765.160908	-9851.434392	-12000.292198	-14370.553149	-16988.951800	-0.911123	-15.445449	-28.470303	-7.824161	-11.202754	-3.803161	-1.390439	-0.562509	9.214149	25.946002	36.601158	42.468005	74
