name	rmr4	rmr5	rmr6	rmr7	rmr8	rmr9	rmr10	rmr11	rmr12	rmr13	rmr14	rmr15	rcr4	rcr5	rcr6	rcr7	rcr8	rcr9	rcr10	rcr11	rcr12	rcr13	rcr14	rcr15	fmr4	fmr5	fmr6	fmr7	fmr8	fmr9	fmr10	fmr11	fmr12	fmr13	fmr14	fmr15	fcr4	fcr5	fcr6	fcr7	fcr8	fcr9	fcr10	fcr11	fcr12	fcr13	fcr14	fcr15	rmc4	rmc5	rmc6	rmc7	rmc8	rmc9	rmc10	rmc11	rmc12	rmc13	rmc14	rmc15	rcc4	rcc5	rcc6	rcc7	rcc8	rcc9	rcc10	rcc11	rcc12	rcc13	rcc14	rcc15	fmc4	fmc5	fmc6	fmc7	fmc8	fmc9	fmc10	fmc11	fmc12	fmc13	fmc14	fmc15	fcc4	fcc5	fcc6	fcc7	fcc8	fcc9	fcc10	fcc11	fcc12	fcc13	fcc14	fcc15	size
4hge_ligand	-10.294045	-29.406993	-48.775365	-62.074189	-36.138540	-40.297271	-63.882988	-85.892164	-122.042229	-151.058133	-189.493919	-235.458020	0.486685	-2.781227	-5.102098	-3.852523	9.283031	19.853825	23.332166	29.710197	26.861385	33.010468	31.302749	29.739824	-7.328023	-15.400087	-19.135461	-23.608740	-18.014014	-29.868419	-49.855595	-73.623658	-98.557274	-117.670382	-144.136687	-175.678551	-0.044761	0.471647	6.716800	15.409004	24.801508	31.124600	31.346552	30.535639	31.887841	39.464130	42.163701	41.075283	-106.927378	-352.151274	-678.712613	-1105.118040	-1727.268441	-2534.953862	-3574.095527	-4779.105204	-6159.291133	-7659.613061	-9286.589297	-11115.509908	-0.880680	-5.335651	-6.586858	-3.157988	13.646074	27.321965	32.701396	40.152335	38.242391	44.802652	43.124038	41.523584	-106.282977	-355.401206	-704.264764	-1191.047821	-1917.249927	-2839.623152	-3998.742848	-5313.014558	-6768.666404	-8310.224807	-9951.533630	-11799.937507	-0.429544	-0.095881	6.075855	15.079603	24.648121	30.801723	30.981535	30.223794	31.648403	39.585873	42.900380	42.344728	38
