name	rmr4	rmr5	rmr6	rmr7	rmr8	rmr9	rmr10	rmr11	rmr12	rmr13	rmr14	rmr15	rcr4	rcr5	rcr6	rcr7	rcr8	rcr9	rcr10	rcr11	rcr12	rcr13	rcr14	rcr15	fmr4	fmr5	fmr6	fmr7	fmr8	fmr9	fmr10	fmr11	fmr12	fmr13	fmr14	fmr15	fcr4	fcr5	fcr6	fcr7	fcr8	fcr9	fcr10	fcr11	fcr12	fcr13	fcr14	fcr15	rmc4	rmc5	rmc6	rmc7	rmc8	rmc9	rmc10	rmc11	rmc12	rmc13	rmc14	rmc15	rcc4	rcc5	rcc6	rcc7	rcc8	rcc9	rcc10	rcc11	rcc12	rcc13	rcc14	rcc15	fmc4	fmc5	fmc6	fmc7	fmc8	fmc9	fmc10	fmc11	fmc12	fmc13	fmc14	fmc15	fcc4	fcc5	fcc6	fcc7	fcc8	fcc9	fcc10	fcc11	fcc12	fcc13	fcc14	fcc15	size
4ih5_ligand	-16.094415	-23.907237	-34.665208	-36.165532	-14.573176	3.895084	22.546002	33.443022	41.712263	52.161463	80.662410	87.205774	-7.012543	-8.836563	-14.032804	-18.970545	-22.424779	-19.765230	-5.782932	7.229639	12.075417	21.896463	34.428920	50.102126	-12.309577	-11.623604	-9.420760	-5.633029	4.203726	7.146381	10.615615	6.860331	7.075169	10.806142	11.488385	13.185411	-8.619399	-9.096460	-6.092668	-1.023706	4.559386	9.394648	14.817742	12.813582	13.325942	17.398151	19.297151	21.459500	-67.262622	-215.815788	-426.015182	-691.647921	-1099.765334	-1638.343795	-2354.773026	-3198.475878	-4309.764327	-5627.779829	-7136.047436	-8811.817462	-7.273971	-11.302051	-15.674998	-17.637626	-11.552341	-7.833714	-2.624336	-0.635649	-7.709927	-10.576970	-14.908882	-15.347346	-66.707379	-218.067760	-439.010606	-735.708886	-1210.547415	-1820.389860	-2620.114436	-3538.349764	-4717.984391	-6084.258760	-7623.530785	-9327.520728	-7.182503	-7.804660	-5.044183	0.109504	7.658293	12.579521	17.824278	17.879360	18.418519	22.779107	25.899270	29.639971	27
