name	rmr4	rmr5	rmr6	rmr7	rmr8	rmr9	rmr10	rmr11	rmr12	rmr13	rmr14	rmr15	rcr4	rcr5	rcr6	rcr7	rcr8	rcr9	rcr10	rcr11	rcr12	rcr13	rcr14	rcr15	fmr4	fmr5	fmr6	fmr7	fmr8	fmr9	fmr10	fmr11	fmr12	fmr13	fmr14	fmr15	fcr4	fcr5	fcr6	fcr7	fcr8	fcr9	fcr10	fcr11	fcr12	fcr13	fcr14	fcr15	rmc4	rmc5	rmc6	rmc7	rmc8	rmc9	rmc10	rmc11	rmc12	rmc13	rmc14	rmc15	rcc4	rcc5	rcc6	rcc7	rcc8	rcc9	rcc10	rcc11	rcc12	rcc13	rcc14	rcc15	fmc4	fmc5	fmc6	fmc7	fmc8	fmc9	fmc10	fmc11	fmc12	fmc13	fmc14	fmc15	fcc4	fcc5	fcc6	fcc7	fcc8	fcc9	fcc10	fcc11	fcc12	fcc13	fcc14	fcc15	size
4ivb_ligand	-13.720153	-26.250876	-47.607280	-48.864382	-16.506667	-17.842533	-21.653872	-34.396759	-47.431879	-58.733107	-74.371065	-96.291750	-6.154012	-7.950111	-13.498073	-2.908303	13.304578	22.051099	42.283892	52.382101	63.087110	77.029200	86.757960	94.184940	-13.906527	-20.480049	-26.937195	-26.138021	-15.993724	-23.065989	-23.575563	-35.302445	-42.273584	-51.475066	-58.987346	-66.998587	-10.313109	-13.207956	-13.270671	-3.320243	2.422504	3.068077	10.699036	9.840031	12.781664	15.191030	17.678345	21.254511	-113.117780	-327.726167	-642.056507	-1030.529660	-1605.665946	-2370.029140	-3323.827141	-4428.028144	-5626.049330	-7034.750391	-8502.870000	-10151.483507	-6.730298	-9.248241	-12.400082	0.827625	23.367245	37.066488	60.497699	72.977873	85.637198	100.955801	111.441531	119.603652	-115.018491	-337.089248	-679.192734	-1126.020927	-1812.183943	-2692.367336	-3769.090773	-4977.431291	-6249.576003	-7714.737521	-9206.488434	-10876.096801	-9.786021	-12.657521	-12.080872	-2.362420	4.035652	4.451513	11.960539	10.976365	13.807197	16.535738	19.694281	23.862653	42
