name	rmr4	rmr5	rmr6	rmr7	rmr8	rmr9	rmr10	rmr11	rmr12	rmr13	rmr14	rmr15	rcr4	rcr5	rcr6	rcr7	rcr8	rcr9	rcr10	rcr11	rcr12	rcr13	rcr14	rcr15	fmr4	fmr5	fmr6	fmr7	fmr8	fmr9	fmr10	fmr11	fmr12	fmr13	fmr14	fmr15	fcr4	fcr5	fcr6	fcr7	fcr8	fcr9	fcr10	fcr11	fcr12	fcr13	fcr14	fcr15	rmc4	rmc5	rmc6	rmc7	rmc8	rmc9	rmc10	rmc11	rmc12	rmc13	rmc14	rmc15	rcc4	rcc5	rcc6	rcc7	rcc8	rcc9	rcc10	rcc11	rcc12	rcc13	rcc14	rcc15	fmc4	fmc5	fmc6	fmc7	fmc8	fmc9	fmc10	fmc11	fmc12	fmc13	fmc14	fmc15	fcc4	fcc5	fcc6	fcc7	fcc8	fcc9	fcc10	fcc11	fcc12	fcc13	fcc14	fcc15	size
4ivd_ligand	-11.746410	-23.870348	-47.725191	-57.066156	-13.811463	-13.751836	-26.217377	-39.616991	-53.011759	-66.471478	-87.210689	-109.974958	-5.661344	-4.230565	-12.286950	-9.388073	16.586193	26.650006	40.252834	51.756570	62.922733	76.602903	84.501238	94.498766	-11.021064	-17.386267	-26.648643	-31.741564	-13.289921	-19.941472	-27.990514	-40.425388	-47.369532	-57.745675	-71.989453	-81.028736	-9.545928	-10.492568	-13.703098	-9.111679	4.418945	5.515982	6.378753	6.162604	9.166191	11.265998	8.882245	12.823637	-117.806631	-367.733265	-700.796952	-1119.700190	-1718.892068	-2519.328821	-3551.934238	-4713.675687	-6009.957570	-7528.442391	-9143.211539	-10978.626931	-5.138764	-5.002770	-10.749746	-5.262490	27.235603	42.439603	59.587683	73.570565	86.910014	102.080243	110.848341	121.710210	-118.417792	-378.841971	-739.968470	-1216.486839	-1933.569533	-2855.656336	-4022.401859	-5293.904554	-6672.651584	-8252.959528	-9898.995576	-11763.851270	-7.867433	-9.126674	-12.065882	-7.958022	6.085569	6.895916	7.680604	7.329931	10.214586	12.621958	10.902316	15.402493	48
