name	rmr4	rmr5	rmr6	rmr7	rmr8	rmr9	rmr10	rmr11	rmr12	rmr13	rmr14	rmr15	rcr4	rcr5	rcr6	rcr7	rcr8	rcr9	rcr10	rcr11	rcr12	rcr13	rcr14	rcr15	fmr4	fmr5	fmr6	fmr7	fmr8	fmr9	fmr10	fmr11	fmr12	fmr13	fmr14	fmr15	fcr4	fcr5	fcr6	fcr7	fcr8	fcr9	fcr10	fcr11	fcr12	fcr13	fcr14	fcr15	rmc4	rmc5	rmc6	rmc7	rmc8	rmc9	rmc10	rmc11	rmc12	rmc13	rmc14	rmc15	rcc4	rcc5	rcc6	rcc7	rcc8	rcc9	rcc10	rcc11	rcc12	rcc13	rcc14	rcc15	fmc4	fmc5	fmc6	fmc7	fmc8	fmc9	fmc10	fmc11	fmc12	fmc13	fmc14	fmc15	fcc4	fcc5	fcc6	fcc7	fcc8	fcc9	fcc10	fcc11	fcc12	fcc13	fcc14	fcc15	size
4j21_ligand	-18.247050	-13.789797	-23.062931	-15.778514	13.785755	35.789885	50.626022	69.227822	83.602884	98.380387	109.603552	117.256348	-9.044169	-6.392754	-16.573456	-16.140339	-3.587769	6.600012	13.030403	20.854162	30.491671	36.974226	38.248294	45.061376	-16.425929	-7.208480	-11.244779	-17.535502	-23.730794	-29.824306	-41.220865	-47.557502	-43.038200	-41.128173	-48.209432	-45.646515	-12.597266	-7.128827	-10.688897	-12.924143	-12.756156	-15.008729	-20.703350	-23.286750	-18.197094	-14.523974	-15.028784	-15.255112	-149.488398	-378.074664	-700.971417	-1093.149775	-1619.900125	-2273.772599	-3027.001306	-3912.533894	-4923.644857	-6095.173214	-7364.715454	-8871.878256	-9.350754	-7.358841	-16.636297	-15.549162	-0.210160	11.604282	17.829940	24.913418	33.811528	38.825713	38.203037	42.532954	-149.113084	-380.599948	-724.452919	-1171.494335	-1792.142096	-2545.572747	-3384.342282	-4349.625432	-5421.178588	-6630.149591	-7915.943012	-9450.434648	-10.098176	-3.208836	-7.184004	-9.858833	-10.235893	-12.960565	-18.239476	-20.207007	-14.587200	-10.069211	-9.329504	-8.665006	33
