name	rmr4	rmr5	rmr6	rmr7	rmr8	rmr9	rmr10	rmr11	rmr12	rmr13	rmr14	rmr15	rcr4	rcr5	rcr6	rcr7	rcr8	rcr9	rcr10	rcr11	rcr12	rcr13	rcr14	rcr15	fmr4	fmr5	fmr6	fmr7	fmr8	fmr9	fmr10	fmr11	fmr12	fmr13	fmr14	fmr15	fcr4	fcr5	fcr6	fcr7	fcr8	fcr9	fcr10	fcr11	fcr12	fcr13	fcr14	fcr15	rmc4	rmc5	rmc6	rmc7	rmc8	rmc9	rmc10	rmc11	rmc12	rmc13	rmc14	rmc15	rcc4	rcc5	rcc6	rcc7	rcc8	rcc9	rcc10	rcc11	rcc12	rcc13	rcc14	rcc15	fmc4	fmc5	fmc6	fmc7	fmc8	fmc9	fmc10	fmc11	fmc12	fmc13	fmc14	fmc15	fcc4	fcc5	fcc6	fcc7	fcc8	fcc9	fcc10	fcc11	fcc12	fcc13	fcc14	fcc15	size
4j28_ligand	5.454612	4.881125	0.228898	-2.356132	10.446612	24.616782	38.453421	46.662150	52.327211	59.253433	71.979455	75.335261	11.986391	13.761136	13.484679	10.859151	13.946403	18.138323	27.511647	34.005000	40.439276	47.748204	52.876233	56.851079	0.383132	6.009207	13.717420	12.435615	9.595222	12.087367	15.718150	17.548155	17.319855	19.534826	15.172464	17.870547	-1.316717	1.161224	8.436087	12.157447	13.576388	17.813682	22.148173	23.815318	24.756741	25.235291	22.787876	25.581082	-81.882020	-227.378349	-444.405166	-691.432900	-1026.932533	-1494.990045	-2141.294690	-2938.346851	-3903.629832	-5049.172378	-6271.934542	-7734.391703	15.720060	17.035622	14.623409	12.658080	20.035767	27.222971	37.456776	44.155189	50.271970	55.866415	59.150755	61.084793	-91.277293	-237.853848	-463.678702	-734.846368	-1127.967626	-1665.416307	-2398.728395	-3275.427135	-4311.582348	-5509.055138	-6760.834792	-8250.288162	4.351602	9.125630	16.559983	19.538940	19.896737	23.952613	28.241662	29.921721	30.969062	31.689480	29.876913	33.008739	33
