name	rmr4	rmr5	rmr6	rmr7	rmr8	rmr9	rmr10	rmr11	rmr12	rmr13	rmr14	rmr15	rcr4	rcr5	rcr6	rcr7	rcr8	rcr9	rcr10	rcr11	rcr12	rcr13	rcr14	rcr15	fmr4	fmr5	fmr6	fmr7	fmr8	fmr9	fmr10	fmr11	fmr12	fmr13	fmr14	fmr15	fcr4	fcr5	fcr6	fcr7	fcr8	fcr9	fcr10	fcr11	fcr12	fcr13	fcr14	fcr15	rmc4	rmc5	rmc6	rmc7	rmc8	rmc9	rmc10	rmc11	rmc12	rmc13	rmc14	rmc15	rcc4	rcc5	rcc6	rcc7	rcc8	rcc9	rcc10	rcc11	rcc12	rcc13	rcc14	rcc15	fmc4	fmc5	fmc6	fmc7	fmc8	fmc9	fmc10	fmc11	fmc12	fmc13	fmc14	fmc15	fcc4	fcc5	fcc6	fcc7	fcc8	fcc9	fcc10	fcc11	fcc12	fcc13	fcc14	fcc15	size
4j3l_ligand	-13.517073	-18.068710	-26.610491	-36.582373	-42.741411	-51.080373	-59.380896	-65.132943	-65.294924	-67.343575	-64.585770	-59.241226	-7.730409	-3.678829	-3.682701	-4.405112	-5.064544	-4.883063	-1.264209	3.368616	9.460320	10.890132	11.347757	11.250566	-8.840550	-8.317675	-13.074107	-18.109910	-21.616304	-22.323396	-17.340822	-12.146658	-4.890278	2.964154	12.569625	23.631022	-7.625737	-7.497708	-11.857686	-16.611384	-19.526047	-20.954171	-20.921257	-22.985826	-24.881882	-27.827340	-30.854800	-33.280479	-189.015521	-459.944904	-831.329366	-1315.369130	-1995.301405	-2806.048009	-3713.457638	-4652.301913	-5544.194649	-6391.159239	-7054.740876	-7597.323351	-8.778355	-4.929519	-2.612229	-0.342677	4.487228	8.609112	14.456563	20.527461	27.293896	28.933324	29.095604	28.500629	-184.691120	-466.480081	-877.284230	-1435.937333	-2223.568254	-3139.897148	-4140.886849	-5151.486199	-6081.054530	-6927.939805	-7560.241790	-8069.522838	-7.050531	-6.429428	-10.873147	-16.079753	-19.545996	-22.114542	-22.813364	-25.565027	-28.221428	-31.004019	-33.296075	-35.110494	45
