name	rmr4	rmr5	rmr6	rmr7	rmr8	rmr9	rmr10	rmr11	rmr12	rmr13	rmr14	rmr15	rcr4	rcr5	rcr6	rcr7	rcr8	rcr9	rcr10	rcr11	rcr12	rcr13	rcr14	rcr15	fmr4	fmr5	fmr6	fmr7	fmr8	fmr9	fmr10	fmr11	fmr12	fmr13	fmr14	fmr15	fcr4	fcr5	fcr6	fcr7	fcr8	fcr9	fcr10	fcr11	fcr12	fcr13	fcr14	fcr15	rmc4	rmc5	rmc6	rmc7	rmc8	rmc9	rmc10	rmc11	rmc12	rmc13	rmc14	rmc15	rcc4	rcc5	rcc6	rcc7	rcc8	rcc9	rcc10	rcc11	rcc12	rcc13	rcc14	rcc15	fmc4	fmc5	fmc6	fmc7	fmc8	fmc9	fmc10	fmc11	fmc12	fmc13	fmc14	fmc15	fcc4	fcc5	fcc6	fcc7	fcc8	fcc9	fcc10	fcc11	fcc12	fcc13	fcc14	fcc15	size
4j3l_ligand	-19.682043	-18.697690	-23.784545	-11.371486	22.650786	45.839045	64.688088	84.421642	96.889266	111.226260	125.891974	131.610386	-7.357983	-6.801071	-11.827634	-8.480676	3.651979	15.269085	25.193538	34.323113	41.981752	48.223969	52.172527	57.982570	-16.836905	-9.928445	-10.404643	-11.958249	-16.083751	-22.693998	-32.292009	-37.509010	-35.111253	-33.054405	-36.428652	-32.947795	-9.460039	-5.413755	-4.885702	-3.779445	-5.412504	-6.337364	-9.404865	-10.615567	-7.638763	-3.794775	-2.541418	-1.740312	-155.785187	-413.246679	-762.269636	-1206.969003	-1820.848433	-2570.141654	-3449.455321	-4468.842122	-5665.209517	-7065.972520	-8563.313407	-10311.693320	-9.106677	-9.498322	-12.853186	-7.419838	9.158904	23.888946	35.231198	45.480582	54.241756	60.866784	64.747910	70.390776	-154.671589	-416.059640	-791.455841	-1303.842181	-2027.626321	-2887.280853	-3869.896953	-4982.119718	-6253.453956	-7703.208230	-9223.832193	-11002.756812	-9.414422	-4.948592	-4.403055	-3.558093	-5.628601	-7.285923	-10.517781	-11.736399	-8.722341	-4.480158	-2.500359	-1.148024	45
