name	rmr4	rmr5	rmr6	rmr7	rmr8	rmr9	rmr10	rmr11	rmr12	rmr13	rmr14	rmr15	rcr4	rcr5	rcr6	rcr7	rcr8	rcr9	rcr10	rcr11	rcr12	rcr13	rcr14	rcr15	fmr4	fmr5	fmr6	fmr7	fmr8	fmr9	fmr10	fmr11	fmr12	fmr13	fmr14	fmr15	fcr4	fcr5	fcr6	fcr7	fcr8	fcr9	fcr10	fcr11	fcr12	fcr13	fcr14	fcr15	rmc4	rmc5	rmc6	rmc7	rmc8	rmc9	rmc10	rmc11	rmc12	rmc13	rmc14	rmc15	rcc4	rcc5	rcc6	rcc7	rcc8	rcc9	rcc10	rcc11	rcc12	rcc13	rcc14	rcc15	fmc4	fmc5	fmc6	fmc7	fmc8	fmc9	fmc10	fmc11	fmc12	fmc13	fmc14	fmc15	fcc4	fcc5	fcc6	fcc7	fcc8	fcc9	fcc10	fcc11	fcc12	fcc13	fcc14	fcc15	size
4jfs_ligand	-4.043924	-8.893459	-21.629937	-25.601441	-8.499608	-0.817361	2.025638	6.832091	9.544271	13.816581	26.465041	27.242862	-1.352551	-3.466992	-7.184082	-8.277506	0.372510	4.664753	10.752619	21.285757	32.659952	44.890758	52.706061	58.007808	-7.312786	-5.890711	-3.629128	-5.879379	-4.107519	-4.249803	-4.748630	-1.932381	0.463309	1.234342	-3.759251	-3.107651	-13.952899	-16.897015	-14.075319	-10.691215	-6.758037	-5.943723	-5.073016	-1.724045	-0.378690	-0.007940	-0.862888	0.767596	-90.134731	-237.612818	-464.388569	-736.181141	-1092.414312	-1604.112472	-2274.618452	-3134.206665	-4096.307908	-5261.056597	-6499.000592	-7972.461267	3.361233	0.569117	-5.255943	-5.605955	8.282199	16.791782	24.475615	35.987304	47.589453	58.660776	65.080029	68.807357	-97.823660	-248.544814	-486.568448	-789.971425	-1211.660018	-1804.260600	-2561.123405	-3511.177246	-4543.694363	-5764.593935	-7031.746491	-8533.284519	-7.315210	-8.024227	-4.871891	-2.274949	0.528070	1.340523	2.198484	5.541702	7.024598	7.740529	7.647492	9.737976	37
