name	rmr4	rmr5	rmr6	rmr7	rmr8	rmr9	rmr10	rmr11	rmr12	rmr13	rmr14	rmr15	rcr4	rcr5	rcr6	rcr7	rcr8	rcr9	rcr10	rcr11	rcr12	rcr13	rcr14	rcr15	fmr4	fmr5	fmr6	fmr7	fmr8	fmr9	fmr10	fmr11	fmr12	fmr13	fmr14	fmr15	fcr4	fcr5	fcr6	fcr7	fcr8	fcr9	fcr10	fcr11	fcr12	fcr13	fcr14	fcr15	rmc4	rmc5	rmc6	rmc7	rmc8	rmc9	rmc10	rmc11	rmc12	rmc13	rmc14	rmc15	rcc4	rcc5	rcc6	rcc7	rcc8	rcc9	rcc10	rcc11	rcc12	rcc13	rcc14	rcc15	fmc4	fmc5	fmc6	fmc7	fmc8	fmc9	fmc10	fmc11	fmc12	fmc13	fmc14	fmc15	fcc4	fcc5	fcc6	fcc7	fcc8	fcc9	fcc10	fcc11	fcc12	fcc13	fcc14	fcc15	size
4jia_ligand	-17.077577	-33.118491	-56.799328	-65.479512	-31.779436	-28.883399	-42.854127	-65.247792	-101.489152	-137.781793	-175.255883	-223.764387	-3.527415	-6.455318	-15.695988	-11.383330	5.868650	21.012458	33.162686	40.454670	39.962488	42.890247	47.678968	45.828111	-13.706897	-20.581777	-29.672601	-33.012283	-23.431172	-34.691201	-52.951154	-80.001893	-109.353218	-139.209725	-167.589803	-202.051575	-3.693851	-3.075652	-2.841476	6.682191	16.895498	23.106340	25.494772	25.244578	26.642137	29.956436	35.251305	32.982203	-109.680242	-323.441746	-636.568166	-1031.320841	-1646.366674	-2483.506364	-3527.573517	-4813.873860	-6355.969739	-8105.666547	-9947.682952	-11877.889252	-5.645831	-9.824008	-19.651388	-15.142228	3.743187	19.757421	31.390703	37.492774	35.717599	36.834458	39.735444	36.188590	-109.368548	-324.742754	-656.355530	-1106.412175	-1833.923453	-2797.703725	-3965.166282	-5370.289186	-7006.438885	-8815.665660	-10682.723235	-12627.931621	-4.994794	-4.337986	-4.224373	5.548444	16.277149	22.561771	25.020034	24.900995	26.450194	30.139315	36.106690	34.626706	59
