name	rmr4	rmr5	rmr6	rmr7	rmr8	rmr9	rmr10	rmr11	rmr12	rmr13	rmr14	rmr15	rcr4	rcr5	rcr6	rcr7	rcr8	rcr9	rcr10	rcr11	rcr12	rcr13	rcr14	rcr15	fmr4	fmr5	fmr6	fmr7	fmr8	fmr9	fmr10	fmr11	fmr12	fmr13	fmr14	fmr15	fcr4	fcr5	fcr6	fcr7	fcr8	fcr9	fcr10	fcr11	fcr12	fcr13	fcr14	fcr15	rmc4	rmc5	rmc6	rmc7	rmc8	rmc9	rmc10	rmc11	rmc12	rmc13	rmc14	rmc15	rcc4	rcc5	rcc6	rcc7	rcc8	rcc9	rcc10	rcc11	rcc12	rcc13	rcc14	rcc15	fmc4	fmc5	fmc6	fmc7	fmc8	fmc9	fmc10	fmc11	fmc12	fmc13	fmc14	fmc15	fcc4	fcc5	fcc6	fcc7	fcc8	fcc9	fcc10	fcc11	fcc12	fcc13	fcc14	fcc15	size
4jxs_ligand	-15.866455	-22.773805	-21.226354	-10.656246	1.286207	15.449761	21.749179	27.102539	25.716589	24.227229	22.042207	21.474226	-19.699648	-26.497111	-23.069017	-11.826868	-2.672506	10.909248	21.172666	33.272737	37.214527	37.654927	35.213201	32.588993	-16.747596	-25.521365	-28.624305	-29.255078	-30.953403	-31.656899	-35.096057	-36.746934	-40.150071	-40.424785	-39.171698	-37.532115	-25.366766	-37.636977	-41.237923	-41.738021	-42.210549	-42.803942	-47.254607	-51.616796	-59.257727	-67.664966	-76.349836	-83.622785	-140.125364	-351.921078	-619.013906	-958.393670	-1439.445017	-2062.345108	-2785.855232	-3577.182286	-4342.685286	-4975.403389	-5507.241261	-5935.908014	-17.006867	-24.171668	-19.903526	-7.058228	5.530198	22.157412	33.943265	47.069560	51.571655	52.021094	49.478438	46.670857	-138.515610	-359.716740	-657.894229	-1060.285778	-1627.522813	-2353.711117	-3169.533382	-4038.765186	-4845.847859	-5476.879419	-5986.560354	-6390.600375	-21.773433	-33.718472	-37.567653	-38.421016	-39.342994	-40.344428	-45.002094	-49.486693	-57.307530	-65.199053	-73.020486	-79.548861	31
