name	rmr4	rmr5	rmr6	rmr7	rmr8	rmr9	rmr10	rmr11	rmr12	rmr13	rmr14	rmr15	rcr4	rcr5	rcr6	rcr7	rcr8	rcr9	rcr10	rcr11	rcr12	rcr13	rcr14	rcr15	fmr4	fmr5	fmr6	fmr7	fmr8	fmr9	fmr10	fmr11	fmr12	fmr13	fmr14	fmr15	fcr4	fcr5	fcr6	fcr7	fcr8	fcr9	fcr10	fcr11	fcr12	fcr13	fcr14	fcr15	rmc4	rmc5	rmc6	rmc7	rmc8	rmc9	rmc10	rmc11	rmc12	rmc13	rmc14	rmc15	rcc4	rcc5	rcc6	rcc7	rcc8	rcc9	rcc10	rcc11	rcc12	rcc13	rcc14	rcc15	fmc4	fmc5	fmc6	fmc7	fmc8	fmc9	fmc10	fmc11	fmc12	fmc13	fmc14	fmc15	fcc4	fcc5	fcc6	fcc7	fcc8	fcc9	fcc10	fcc11	fcc12	fcc13	fcc14	fcc15	size
4jxs_ligand	-13.640614	-17.030966	-17.577496	-15.613376	-2.354608	7.195960	30.471555	57.539033	63.985119	72.467503	83.804912	88.333676	-9.097104	-11.646225	-5.929945	-1.079124	8.132016	16.370852	38.004180	73.235461	85.707752	101.539769	107.807497	114.151123	-12.145205	-15.510216	-14.309667	-19.426094	-25.118443	-33.577794	-28.176686	-17.206551	-20.452351	-11.903648	-13.447990	-22.586601	-14.007309	-22.369373	-23.944685	-26.123251	-27.314416	-33.883807	-29.146027	-18.276425	-20.723472	-12.709890	-11.836501	-20.212809	-102.282723	-291.477381	-538.938830	-851.432806	-1275.420528	-1839.158086	-2557.749080	-3479.725651	-4633.381562	-5956.178920	-7506.339642	-9279.135865	-5.382300	-9.890692	-5.681806	1.054896	16.557250	29.432904	53.134463	88.831806	101.371263	116.310953	120.699561	125.019196	-102.047656	-299.668798	-575.070613	-941.221278	-1445.678838	-2106.749552	-2929.107406	-3965.037941	-5212.588947	-6593.978705	-8184.913661	-10005.063622	-8.026829	-15.064155	-16.507841	-19.151037	-21.305528	-28.462047	-23.675302	-12.751323	-15.086941	-6.711381	-5.380881	-13.326465	31
