name	rmr4	rmr5	rmr6	rmr7	rmr8	rmr9	rmr10	rmr11	rmr12	rmr13	rmr14	rmr15	rcr4	rcr5	rcr6	rcr7	rcr8	rcr9	rcr10	rcr11	rcr12	rcr13	rcr14	rcr15	fmr4	fmr5	fmr6	fmr7	fmr8	fmr9	fmr10	fmr11	fmr12	fmr13	fmr14	fmr15	fcr4	fcr5	fcr6	fcr7	fcr8	fcr9	fcr10	fcr11	fcr12	fcr13	fcr14	fcr15	rmc4	rmc5	rmc6	rmc7	rmc8	rmc9	rmc10	rmc11	rmc12	rmc13	rmc14	rmc15	rcc4	rcc5	rcc6	rcc7	rcc8	rcc9	rcc10	rcc11	rcc12	rcc13	rcc14	rcc15	fmc4	fmc5	fmc6	fmc7	fmc8	fmc9	fmc10	fmc11	fmc12	fmc13	fmc14	fmc15	fcc4	fcc5	fcc6	fcc7	fcc8	fcc9	fcc10	fcc11	fcc12	fcc13	fcc14	fcc15	size
4k18_ligand	-6.020443	-20.277093	-31.004245	-44.089586	-67.044983	-97.095904	-128.545841	-159.922934	-187.827978	-211.273876	-222.308288	-225.614049	1.065265	3.883613	9.484058	17.144505	16.028844	19.581166	28.525799	39.156118	43.054626	45.434849	46.929912	47.416533	-2.291350	-8.306952	-10.783993	-17.778112	-30.385187	-43.102217	-52.466253	-63.374048	-70.608161	-74.732367	-74.133223	-70.211432	0.657335	1.715367	4.259459	3.804287	-1.012607	-3.191050	-4.528212	-8.433640	-14.304885	-19.920759	-25.649495	-30.516180	-134.735284	-406.238531	-770.777012	-1258.709957	-1967.547197	-2930.140564	-4070.909986	-5369.300633	-6649.428277	-7901.679231	-8939.406463	-9795.063031	0.793329	3.829483	12.236352	24.743418	31.003481	42.893585	57.863749	73.413031	80.234714	84.264602	85.859971	85.665925	-132.681727	-414.707789	-820.000851	-1392.366224	-2219.971548	-3331.486360	-4610.784083	-6033.787462	-7381.946629	-8653.958141	-9667.303936	-10488.174326	0.966563	2.052296	4.722762	4.257468	-0.447799	-2.536705	-4.521677	-9.134778	-16.134523	-22.305266	-27.887040	-32.638819	43
