name	rmr4	rmr5	rmr6	rmr7	rmr8	rmr9	rmr10	rmr11	rmr12	rmr13	rmr14	rmr15	rcr4	rcr5	rcr6	rcr7	rcr8	rcr9	rcr10	rcr11	rcr12	rcr13	rcr14	rcr15	fmr4	fmr5	fmr6	fmr7	fmr8	fmr9	fmr10	fmr11	fmr12	fmr13	fmr14	fmr15	fcr4	fcr5	fcr6	fcr7	fcr8	fcr9	fcr10	fcr11	fcr12	fcr13	fcr14	fcr15	rmc4	rmc5	rmc6	rmc7	rmc8	rmc9	rmc10	rmc11	rmc12	rmc13	rmc14	rmc15	rcc4	rcc5	rcc6	rcc7	rcc8	rcc9	rcc10	rcc11	rcc12	rcc13	rcc14	rcc15	fmc4	fmc5	fmc6	fmc7	fmc8	fmc9	fmc10	fmc11	fmc12	fmc13	fmc14	fmc15	fcc4	fcc5	fcc6	fcc7	fcc8	fcc9	fcc10	fcc11	fcc12	fcc13	fcc14	fcc15	size
4k18_ligand	-6.433663	-24.353636	-40.009728	-52.356177	-34.370461	-25.951514	-30.050067	-48.639398	-79.074330	-116.989114	-140.684634	-175.577458	2.544903	-1.801825	-3.914477	-5.835011	18.269047	40.936776	65.024327	81.573461	87.467983	89.462718	97.246578	101.461819	-4.823128	-9.304889	-8.205094	-15.277433	-7.569915	-7.667135	-12.172533	-24.425392	-35.175221	-51.068999	-62.439562	-80.331276	-0.490921	0.203447	5.025491	3.617765	17.639209	27.579744	34.155479	35.303393	36.661412	36.517443	41.210984	39.398028	-111.669690	-369.536835	-713.893828	-1172.751456	-1810.673360	-2718.549447	-3856.878765	-5250.870756	-6831.514692	-8707.062795	-10648.789007	-12765.968116	1.905979	-2.896010	-2.816064	-1.053522	29.541034	59.564888	88.872082	109.847550	119.462561	124.597343	134.304053	140.262275	-112.796068	-374.137381	-746.489939	-1273.820420	-2030.443194	-3091.174661	-4382.060764	-5919.594956	-7601.040362	-9547.881923	-11522.007270	-13669.005446	-0.309750	0.342269	5.408606	3.962070	18.353533	28.763440	35.250679	36.274789	37.417063	37.340185	42.534208	41.244848	43
