name	rmr4	rmr5	rmr6	rmr7	rmr8	rmr9	rmr10	rmr11	rmr12	rmr13	rmr14	rmr15	rcr4	rcr5	rcr6	rcr7	rcr8	rcr9	rcr10	rcr11	rcr12	rcr13	rcr14	rcr15	fmr4	fmr5	fmr6	fmr7	fmr8	fmr9	fmr10	fmr11	fmr12	fmr13	fmr14	fmr15	fcr4	fcr5	fcr6	fcr7	fcr8	fcr9	fcr10	fcr11	fcr12	fcr13	fcr14	fcr15	rmc4	rmc5	rmc6	rmc7	rmc8	rmc9	rmc10	rmc11	rmc12	rmc13	rmc14	rmc15	rcc4	rcc5	rcc6	rcc7	rcc8	rcc9	rcc10	rcc11	rcc12	rcc13	rcc14	rcc15	fmc4	fmc5	fmc6	fmc7	fmc8	fmc9	fmc10	fmc11	fmc12	fmc13	fmc14	fmc15	fcc4	fcc5	fcc6	fcc7	fcc8	fcc9	fcc10	fcc11	fcc12	fcc13	fcc14	fcc15	size
4k77_ligand	-1.881398	-16.523078	-38.928999	-43.600330	-12.770412	-12.144505	-18.326635	-25.819914	-35.679797	-45.164989	-63.096951	-85.757155	5.647114	0.804045	-6.804600	-0.658663	10.297304	17.795263	26.818282	32.394173	38.374964	43.911199	45.862862	47.069628	-2.785987	-12.709631	-22.598451	-24.062941	-14.868056	-21.326555	-28.168475	-41.232027	-51.222071	-61.970446	-78.688039	-92.896043	1.929817	-3.963639	-5.761237	2.926784	7.929310	12.041130	15.493156	14.178862	18.543632	21.451706	20.725628	20.989927	-71.746059	-238.395692	-505.943419	-831.363705	-1314.528345	-1914.751446	-2698.268238	-3584.698791	-4593.442530	-5674.819074	-6898.588205	-8253.784908	4.606598	-1.181020	-8.191124	-0.823199	13.911274	23.688666	33.620080	39.506539	45.726378	50.925198	52.202296	52.660584	-74.426685	-248.524160	-536.841513	-907.568346	-1479.381315	-2160.674275	-3037.933140	-4003.108540	-5070.270362	-6181.316258	-7422.603724	-8792.246729	1.647970	-4.173418	-5.696909	3.014775	8.529501	12.358392	15.860897	14.718186	19.297307	22.855825	22.865785	23.819758	34
