name	rmr4	rmr5	rmr6	rmr7	rmr8	rmr9	rmr10	rmr11	rmr12	rmr13	rmr14	rmr15	rcr4	rcr5	rcr6	rcr7	rcr8	rcr9	rcr10	rcr11	rcr12	rcr13	rcr14	rcr15	fmr4	fmr5	fmr6	fmr7	fmr8	fmr9	fmr10	fmr11	fmr12	fmr13	fmr14	fmr15	fcr4	fcr5	fcr6	fcr7	fcr8	fcr9	fcr10	fcr11	fcr12	fcr13	fcr14	fcr15	rmc4	rmc5	rmc6	rmc7	rmc8	rmc9	rmc10	rmc11	rmc12	rmc13	rmc14	rmc15	rcc4	rcc5	rcc6	rcc7	rcc8	rcc9	rcc10	rcc11	rcc12	rcc13	rcc14	rcc15	fmc4	fmc5	fmc6	fmc7	fmc8	fmc9	fmc10	fmc11	fmc12	fmc13	fmc14	fmc15	fcc4	fcc5	fcc6	fcc7	fcc8	fcc9	fcc10	fcc11	fcc12	fcc13	fcc14	fcc15	size
4kz6_ligand	-3.295086	-3.819738	-7.437125	-1.955676	16.671978	22.140153	29.221001	39.270685	49.265968	60.547476	70.422780	75.658665	-0.905721	4.089059	9.155028	20.066111	39.702751	48.773504	61.137793	76.245977	90.414664	105.298532	113.682716	125.342471	-5.105835	-6.061881	-4.219633	-1.989415	4.702805	0.684111	1.390189	6.105822	5.640346	8.873511	6.784095	9.600154	-4.838749	-4.853150	-1.964448	1.231921	8.195382	5.807391	7.185886	11.225056	10.993997	14.383154	13.933424	16.417463	-50.270783	-158.913647	-316.113827	-535.609541	-843.194100	-1250.957557	-1774.533711	-2420.988864	-3214.459750	-4151.752732	-5221.250055	-6473.239857	-0.891700	3.517103	8.888407	17.967608	35.761808	44.419869	56.096460	69.866514	82.078945	94.729083	101.924519	112.497706	-52.810223	-169.661979	-345.858459	-607.912561	-973.833051	-1446.286096	-2040.108942	-2754.932213	-3613.247876	-4596.972545	-5699.026520	-6984.596637	-4.765799	-5.124018	-2.134647	0.627236	7.665599	5.255766	6.625905	10.731305	10.670321	14.207740	13.767237	16.243062	31
