name	rmr4	rmr5	rmr6	rmr7	rmr8	rmr9	rmr10	rmr11	rmr12	rmr13	rmr14	rmr15	rcr4	rcr5	rcr6	rcr7	rcr8	rcr9	rcr10	rcr11	rcr12	rcr13	rcr14	rcr15	fmr4	fmr5	fmr6	fmr7	fmr8	fmr9	fmr10	fmr11	fmr12	fmr13	fmr14	fmr15	fcr4	fcr5	fcr6	fcr7	fcr8	fcr9	fcr10	fcr11	fcr12	fcr13	fcr14	fcr15	rmc4	rmc5	rmc6	rmc7	rmc8	rmc9	rmc10	rmc11	rmc12	rmc13	rmc14	rmc15	rcc4	rcc5	rcc6	rcc7	rcc8	rcc9	rcc10	rcc11	rcc12	rcc13	rcc14	rcc15	fmc4	fmc5	fmc6	fmc7	fmc8	fmc9	fmc10	fmc11	fmc12	fmc13	fmc14	fmc15	fcc4	fcc5	fcc6	fcc7	fcc8	fcc9	fcc10	fcc11	fcc12	fcc13	fcc14	fcc15	size
4kzu_ligand	-14.247084	-29.262306	-39.119893	-28.386699	3.223507	15.491473	17.901427	17.944600	17.298552	10.622825	10.757810	-2.375443	-2.118675	-6.053660	-9.006471	10.784915	23.979321	40.231586	49.932612	53.601096	56.353872	60.194793	66.635358	84.927248	-11.116136	-17.872670	-19.800357	-26.814938	-38.303480	-48.217114	-64.054231	-88.418456	-101.770154	-111.351353	-128.949478	-140.834146	-3.518410	-4.122438	-2.605845	5.881965	2.560668	3.426459	-0.220619	-5.473782	-2.537844	1.233638	1.640720	3.251742	-136.401659	-382.283961	-713.082064	-1082.457225	-1578.528334	-2183.025126	-2920.619107	-3771.030351	-4777.239016	-5889.446342	-7178.500766	-8651.601171	-3.692802	-9.468433	-12.516947	7.425301	22.558737	39.772762	48.773856	51.195079	52.497591	54.306256	57.856532	72.736395	-134.400897	-381.749464	-736.161527	-1167.091715	-1752.077198	-2449.926081	-3275.949195	-4201.034452	-5264.899973	-6407.132678	-7720.881381	-9230.687955	-2.402974	-2.141964	-1.056279	7.033202	2.720745	2.866809	-0.279297	-4.720843	-1.151108	3.690852	5.255801	7.841032	27
