name	rmr4	rmr5	rmr6	rmr7	rmr8	rmr9	rmr10	rmr11	rmr12	rmr13	rmr14	rmr15	rcr4	rcr5	rcr6	rcr7	rcr8	rcr9	rcr10	rcr11	rcr12	rcr13	rcr14	rcr15	fmr4	fmr5	fmr6	fmr7	fmr8	fmr9	fmr10	fmr11	fmr12	fmr13	fmr14	fmr15	fcr4	fcr5	fcr6	fcr7	fcr8	fcr9	fcr10	fcr11	fcr12	fcr13	fcr14	fcr15	rmc4	rmc5	rmc6	rmc7	rmc8	rmc9	rmc10	rmc11	rmc12	rmc13	rmc14	rmc15	rcc4	rcc5	rcc6	rcc7	rcc8	rcc9	rcc10	rcc11	rcc12	rcc13	rcc14	rcc15	fmc4	fmc5	fmc6	fmc7	fmc8	fmc9	fmc10	fmc11	fmc12	fmc13	fmc14	fmc15	fcc4	fcc5	fcc6	fcc7	fcc8	fcc9	fcc10	fcc11	fcc12	fcc13	fcc14	fcc15	size
4lzs_ligand	-5.022046	-10.428065	-18.141209	-12.573937	0.581774	20.020878	37.595678	47.426084	55.420510	61.681611	68.081322	68.604466	2.697060	4.305389	1.648199	7.475729	12.780700	24.608929	40.181393	49.276728	56.892407	62.614795	65.211518	67.130947	-6.858255	-5.817600	-5.270757	-1.267679	-0.454372	2.756682	6.657965	4.937126	3.777432	3.438017	-1.559168	-0.731047	-2.012142	0.728782	1.746868	7.508254	7.652525	11.034692	16.054763	15.036539	15.448026	16.666208	15.462623	14.614137	-59.390393	-182.531891	-364.531547	-576.684561	-906.269382	-1352.597778	-1918.442592	-2595.903097	-3323.223770	-4091.788666	-4901.570007	-5729.164063	0.264893	0.286431	-2.323599	3.556399	10.160945	22.425428	36.575503	43.777208	49.913087	54.013943	54.869146	55.250947	-63.067818	-187.867527	-383.683093	-626.657539	-1014.266509	-1533.229422	-2172.370692	-2915.932230	-3688.634768	-4477.142252	-5292.359942	-6120.914623	-3.294675	-0.666753	0.565885	6.417802	6.721654	10.075540	15.122635	14.410258	15.394678	17.612830	17.726912	18.268513	31
