name	rmr4	rmr5	rmr6	rmr7	rmr8	rmr9	rmr10	rmr11	rmr12	rmr13	rmr14	rmr15	rcr4	rcr5	rcr6	rcr7	rcr8	rcr9	rcr10	rcr11	rcr12	rcr13	rcr14	rcr15	fmr4	fmr5	fmr6	fmr7	fmr8	fmr9	fmr10	fmr11	fmr12	fmr13	fmr14	fmr15	fcr4	fcr5	fcr6	fcr7	fcr8	fcr9	fcr10	fcr11	fcr12	fcr13	fcr14	fcr15	rmc4	rmc5	rmc6	rmc7	rmc8	rmc9	rmc10	rmc11	rmc12	rmc13	rmc14	rmc15	rcc4	rcc5	rcc6	rcc7	rcc8	rcc9	rcc10	rcc11	rcc12	rcc13	rcc14	rcc15	fmc4	fmc5	fmc6	fmc7	fmc8	fmc9	fmc10	fmc11	fmc12	fmc13	fmc14	fmc15	fcc4	fcc5	fcc6	fcc7	fcc8	fcc9	fcc10	fcc11	fcc12	fcc13	fcc14	fcc15	size
4m0y_ligand	-17.142654	-31.563765	-42.238570	-36.314290	-21.650288	1.307733	16.531727	28.844320	33.513580	37.244765	49.250219	49.372664	-11.850340	-19.632110	-27.470937	-21.784244	-19.729940	-9.826252	7.209228	21.735404	26.646898	29.229999	34.262369	41.228698	-13.418437	-16.352434	-12.726321	-5.018472	-1.038509	6.648768	6.680750	6.009060	3.263952	2.106106	-2.404171	-3.986058	-13.655353	-15.157178	-11.916238	-0.319588	4.469595	11.444927	13.643974	12.852451	12.366718	12.349582	11.252403	6.989268	-110.055898	-286.211463	-536.577300	-831.498404	-1274.344608	-1914.000564	-2658.113471	-3590.707214	-4696.930248	-5935.868797	-7261.797421	-8701.795804	-11.259942	-19.009848	-21.872911	-14.041123	-8.420733	1.365271	12.558006	18.682389	16.968035	13.038581	10.199114	9.420216	-108.916888	-283.773089	-550.771369	-882.550130	-1395.124605	-2132.192371	-2964.104120	-3984.232806	-5156.520789	-6431.304472	-7772.506328	-9229.008114	-11.734546	-13.271548	-8.973465	2.587883	7.376979	14.408416	18.463662	19.232454	19.943344	21.717542	23.869730	22.711890	35
