name	rmr4	rmr5	rmr6	rmr7	rmr8	rmr9	rmr10	rmr11	rmr12	rmr13	rmr14	rmr15	rcr4	rcr5	rcr6	rcr7	rcr8	rcr9	rcr10	rcr11	rcr12	rcr13	rcr14	rcr15	fmr4	fmr5	fmr6	fmr7	fmr8	fmr9	fmr10	fmr11	fmr12	fmr13	fmr14	fmr15	fcr4	fcr5	fcr6	fcr7	fcr8	fcr9	fcr10	fcr11	fcr12	fcr13	fcr14	fcr15	rmc4	rmc5	rmc6	rmc7	rmc8	rmc9	rmc10	rmc11	rmc12	rmc13	rmc14	rmc15	rcc4	rcc5	rcc6	rcc7	rcc8	rcc9	rcc10	rcc11	rcc12	rcc13	rcc14	rcc15	fmc4	fmc5	fmc6	fmc7	fmc8	fmc9	fmc10	fmc11	fmc12	fmc13	fmc14	fmc15	fcc4	fcc5	fcc6	fcc7	fcc8	fcc9	fcc10	fcc11	fcc12	fcc13	fcc14	fcc15	size
4m0z_ligand	-16.800325	-24.545044	-39.689928	-36.977480	-19.542558	-5.416280	-0.342649	2.494505	7.242283	5.827724	12.667037	15.888637	-6.088498	-2.693341	-8.797128	-4.019502	5.532781	10.748835	13.406391	16.849695	21.345606	19.854856	21.351494	27.276772	-10.350631	-1.653295	2.984113	7.496713	9.264653	9.572109	8.074155	3.137396	5.256460	4.067225	1.397894	8.561736	-8.766262	-1.006247	3.640571	14.098808	22.829540	27.802293	26.858645	23.360516	26.645785	26.826132	29.244692	33.911870	-171.405517	-474.877814	-870.463180	-1321.589288	-1929.587657	-2718.914203	-3696.358524	-4837.037096	-6131.194834	-7622.974138	-9201.305696	-10865.711365	-5.709463	-4.110433	-9.277257	-3.740610	8.820103	16.217088	19.260148	22.486360	26.707204	24.132283	24.233268	28.803172	-169.488552	-476.541175	-896.159954	-1396.453635	-2096.896640	-2993.588134	-4080.759665	-5324.109439	-6693.938197	-8229.935640	-9825.492514	-11502.773326	-6.453418	1.743959	6.609971	16.174164	23.915403	28.226987	27.462888	24.323545	28.027121	28.992246	32.564855	38.444882	39
