name	rmr4	rmr5	rmr6	rmr7	rmr8	rmr9	rmr10	rmr11	rmr12	rmr13	rmr14	rmr15	rcr4	rcr5	rcr6	rcr7	rcr8	rcr9	rcr10	rcr11	rcr12	rcr13	rcr14	rcr15	fmr4	fmr5	fmr6	fmr7	fmr8	fmr9	fmr10	fmr11	fmr12	fmr13	fmr14	fmr15	fcr4	fcr5	fcr6	fcr7	fcr8	fcr9	fcr10	fcr11	fcr12	fcr13	fcr14	fcr15	rmc4	rmc5	rmc6	rmc7	rmc8	rmc9	rmc10	rmc11	rmc12	rmc13	rmc14	rmc15	rcc4	rcc5	rcc6	rcc7	rcc8	rcc9	rcc10	rcc11	rcc12	rcc13	rcc14	rcc15	fmc4	fmc5	fmc6	fmc7	fmc8	fmc9	fmc10	fmc11	fmc12	fmc13	fmc14	fmc15	fcc4	fcc5	fcc6	fcc7	fcc8	fcc9	fcc10	fcc11	fcc12	fcc13	fcc14	fcc15	size
4mgd_ligand	-9.399565	-24.213282	-37.287849	-28.154964	-0.835647	18.644687	36.675860	48.488172	54.634949	62.869286	71.736712	72.984743	-10.722124	-17.939305	-21.290759	-11.151848	7.543306	25.148186	47.739691	66.843712	81.388171	97.287915	107.624512	117.010756	-8.105477	-14.645648	-15.835838	-9.043709	-2.091026	1.917468	5.771981	7.376512	6.849334	8.037614	5.649307	7.046498	-12.856113	-18.156669	-18.661595	-12.159505	-7.622176	-3.451476	0.592003	1.513349	0.808128	2.421060	4.030522	4.450914	-59.289080	-248.633720	-510.568777	-841.903410	-1339.557877	-2004.617101	-2930.684091	-4030.134519	-5310.830807	-6789.503703	-8463.576110	-10246.604755	-8.222893	-17.201262	-18.740921	-6.439165	17.455993	39.311393	65.025073	86.517136	103.159724	120.133518	130.924435	140.574832	-58.499699	-255.615987	-541.938165	-928.279047	-1526.160405	-2301.078333	-3362.480452	-4581.082060	-5958.319863	-7504.452357	-9220.758976	-11035.673159	-9.676193	-15.354921	-15.121923	-8.453331	-3.183493	0.982517	5.120246	6.000729	5.268158	7.120916	9.146157	10.132924	30
