name	rmr4	rmr5	rmr6	rmr7	rmr8	rmr9	rmr10	rmr11	rmr12	rmr13	rmr14	rmr15	rcr4	rcr5	rcr6	rcr7	rcr8	rcr9	rcr10	rcr11	rcr12	rcr13	rcr14	rcr15	fmr4	fmr5	fmr6	fmr7	fmr8	fmr9	fmr10	fmr11	fmr12	fmr13	fmr14	fmr15	fcr4	fcr5	fcr6	fcr7	fcr8	fcr9	fcr10	fcr11	fcr12	fcr13	fcr14	fcr15	rmc4	rmc5	rmc6	rmc7	rmc8	rmc9	rmc10	rmc11	rmc12	rmc13	rmc14	rmc15	rcc4	rcc5	rcc6	rcc7	rcc8	rcc9	rcc10	rcc11	rcc12	rcc13	rcc14	rcc15	fmc4	fmc5	fmc6	fmc7	fmc8	fmc9	fmc10	fmc11	fmc12	fmc13	fmc14	fmc15	fcc4	fcc5	fcc6	fcc7	fcc8	fcc9	fcc10	fcc11	fcc12	fcc13	fcc14	fcc15	size
4mme_ligand	-4.036267	-22.642206	-52.034737	-60.766095	-54.155437	-63.129322	-76.000142	-93.478273	-116.919059	-144.135094	-169.642100	-208.544331	-1.702412	2.166169	0.823864	9.058793	23.587735	34.534384	46.221160	55.874604	62.906019	69.536246	74.890558	82.487893	-1.246430	-3.149838	-3.963088	0.426422	1.915244	0.850641	2.720465	0.831722	5.894010	8.604187	8.781594	9.164949	-7.737375	-5.268304	-2.315104	3.334893	7.455346	7.387069	8.339949	5.611726	7.662394	9.581897	10.246415	10.126911	-106.425777	-340.015892	-662.922632	-1055.861026	-1602.197873	-2349.016169	-3345.694398	-4504.729699	-5834.905793	-7464.436422	-9463.707280	-11815.866864	5.773539	5.291632	2.450165	10.847673	28.327493	41.441409	54.097936	63.416288	69.980283	75.379348	77.887516	81.741291	-107.031744	-347.270876	-691.656763	-1142.953564	-1785.128881	-2650.529240	-3777.724028	-5049.701113	-6462.763726	-8157.080707	-10211.255286	-12620.332569	2.257096	4.551794	7.471981	12.864177	16.578613	16.264222	17.200286	14.502195	16.677244	18.806003	19.702143	19.718869	34
