name	rmr4	rmr5	rmr6	rmr7	rmr8	rmr9	rmr10	rmr11	rmr12	rmr13	rmr14	rmr15	rcr4	rcr5	rcr6	rcr7	rcr8	rcr9	rcr10	rcr11	rcr12	rcr13	rcr14	rcr15	fmr4	fmr5	fmr6	fmr7	fmr8	fmr9	fmr10	fmr11	fmr12	fmr13	fmr14	fmr15	fcr4	fcr5	fcr6	fcr7	fcr8	fcr9	fcr10	fcr11	fcr12	fcr13	fcr14	fcr15	rmc4	rmc5	rmc6	rmc7	rmc8	rmc9	rmc10	rmc11	rmc12	rmc13	rmc14	rmc15	rcc4	rcc5	rcc6	rcc7	rcc8	rcc9	rcc10	rcc11	rcc12	rcc13	rcc14	rcc15	fmc4	fmc5	fmc6	fmc7	fmc8	fmc9	fmc10	fmc11	fmc12	fmc13	fmc14	fmc15	fcc4	fcc5	fcc6	fcc7	fcc8	fcc9	fcc10	fcc11	fcc12	fcc13	fcc14	fcc15	size
4mme_ligand	2.420694	-14.766329	-37.725272	-54.395608	-82.295884	-116.376796	-150.561359	-173.183407	-188.498594	-193.467882	-187.551078	-174.406001	4.135084	9.014852	10.242917	17.197346	14.184501	11.844346	14.285438	18.051865	19.088602	18.229015	17.571809	15.223484	7.727403	3.121081	-2.002568	-2.847229	-7.436921	-9.743832	-6.737921	1.776596	10.414806	20.284557	30.918984	47.335365	4.515127	6.885440	5.597827	5.934050	1.997263	-0.093644	-0.300381	-1.478537	-4.404963	-8.634982	-12.918210	-16.961045	-113.012864	-346.132084	-672.375522	-1076.535788	-1656.202426	-2416.975230	-3339.308327	-4265.861961	-5160.197015	-5909.209842	-6468.456610	-6848.443934	5.451073	9.629133	12.897629	22.769448	25.170912	28.103550	34.263691	40.105651	42.262883	41.407891	40.181916	36.906070	-108.499923	-352.889805	-711.957665	-1182.832058	-1854.117555	-2723.341974	-3752.730373	-4751.335223	-5681.328576	-6420.690623	-6943.322009	-7281.232996	6.876235	9.352955	7.968609	7.922764	3.573184	1.019637	0.419544	-1.525044	-5.276522	-9.455015	-13.089972	-16.509126	34
