name	rmr4	rmr5	rmr6	rmr7	rmr8	rmr9	rmr10	rmr11	rmr12	rmr13	rmr14	rmr15	rcr4	rcr5	rcr6	rcr7	rcr8	rcr9	rcr10	rcr11	rcr12	rcr13	rcr14	rcr15	fmr4	fmr5	fmr6	fmr7	fmr8	fmr9	fmr10	fmr11	fmr12	fmr13	fmr14	fmr15	fcr4	fcr5	fcr6	fcr7	fcr8	fcr9	fcr10	fcr11	fcr12	fcr13	fcr14	fcr15	rmc4	rmc5	rmc6	rmc7	rmc8	rmc9	rmc10	rmc11	rmc12	rmc13	rmc14	rmc15	rcc4	rcc5	rcc6	rcc7	rcc8	rcc9	rcc10	rcc11	rcc12	rcc13	rcc14	rcc15	fmc4	fmc5	fmc6	fmc7	fmc8	fmc9	fmc10	fmc11	fmc12	fmc13	fmc14	fmc15	fcc4	fcc5	fcc6	fcc7	fcc8	fcc9	fcc10	fcc11	fcc12	fcc13	fcc14	fcc15	size
4ogj_ligand	-16.019739	-26.018933	-26.622474	-28.229352	-3.906666	17.989211	36.158725	48.663464	44.673040	36.604434	38.956758	45.112712	-6.698168	-11.303572	-11.498238	-16.824714	1.075766	16.142233	32.907995	57.369843	62.888901	65.543308	73.472535	82.729363	-13.804311	-17.322519	-11.353094	-8.078855	7.455031	12.291785	19.664963	26.522515	27.080435	24.892482	25.527061	30.854941	-8.260020	-10.339211	-6.634193	-6.403545	7.185124	12.778713	20.310817	30.744317	30.967642	26.356964	27.634942	33.883695	-83.786472	-239.369210	-494.535296	-862.837039	-1374.006408	-2106.985436	-3096.296332	-4373.065625	-5821.261235	-7351.829246	-8987.044724	-10672.207656	-7.632591	-14.645246	-18.930987	-23.356457	0.580166	19.344966	37.045480	61.453526	66.272901	67.438655	73.756380	81.735491	-83.840374	-240.078555	-512.903419	-935.714716	-1537.177285	-2389.831655	-3507.665534	-4921.918292	-6463.480459	-8044.439938	-9704.264585	-11400.454074	-8.126560	-10.124514	-7.298105	-5.722995	9.061282	15.282282	22.928693	33.332031	33.650714	29.777964	31.954689	39.113586	74
