name	rmr4	rmr5	rmr6	rmr7	rmr8	rmr9	rmr10	rmr11	rmr12	rmr13	rmr14	rmr15	rcr4	rcr5	rcr6	rcr7	rcr8	rcr9	rcr10	rcr11	rcr12	rcr13	rcr14	rcr15	fmr4	fmr5	fmr6	fmr7	fmr8	fmr9	fmr10	fmr11	fmr12	fmr13	fmr14	fmr15	fcr4	fcr5	fcr6	fcr7	fcr8	fcr9	fcr10	fcr11	fcr12	fcr13	fcr14	fcr15	rmc4	rmc5	rmc6	rmc7	rmc8	rmc9	rmc10	rmc11	rmc12	rmc13	rmc14	rmc15	rcc4	rcc5	rcc6	rcc7	rcc8	rcc9	rcc10	rcc11	rcc12	rcc13	rcc14	rcc15	fmc4	fmc5	fmc6	fmc7	fmc8	fmc9	fmc10	fmc11	fmc12	fmc13	fmc14	fmc15	fcc4	fcc5	fcc6	fcc7	fcc8	fcc9	fcc10	fcc11	fcc12	fcc13	fcc14	fcc15	size
4pcs_ligand	2.179521	0.192525	-8.557324	-7.199569	5.264400	9.772933	16.621335	17.119284	18.135937	18.372880	29.324711	28.959190	5.049335	6.441939	6.006599	10.119854	17.132029	21.801292	34.749979	44.755589	58.668793	70.652556	81.203762	88.156203	-2.970154	-0.232249	5.608538	9.437152	11.136612	10.947388	15.659826	15.064009	14.654014	16.545065	15.087332	17.312869	-8.631269	-8.667010	-3.800314	3.827339	7.356793	7.555060	13.241449	13.522754	12.606274	12.598189	13.735557	15.983159	-81.982053	-222.017178	-435.982784	-665.061598	-988.629934	-1433.672808	-2053.202651	-2796.099163	-3687.575707	-4736.047359	-5925.849006	-7255.942363	9.183783	10.408670	8.285679	13.222128	26.446161	35.780858	52.109499	64.776195	80.823105	93.638428	104.575431	111.988897	-91.263219	-234.083449	-459.329859	-713.947562	-1099.606852	-1617.109078	-2327.076002	-3151.740958	-4119.667468	-5222.113016	-6447.765873	-7805.682895	-2.562028	-0.664712	3.559830	9.393238	12.362161	12.185110	17.904721	18.129509	17.236416	17.476557	18.963680	21.557157	32
