name	rmr4	rmr5	rmr6	rmr7	rmr8	rmr9	rmr10	rmr11	rmr12	rmr13	rmr14	rmr15	rcr4	rcr5	rcr6	rcr7	rcr8	rcr9	rcr10	rcr11	rcr12	rcr13	rcr14	rcr15	fmr4	fmr5	fmr6	fmr7	fmr8	fmr9	fmr10	fmr11	fmr12	fmr13	fmr14	fmr15	fcr4	fcr5	fcr6	fcr7	fcr8	fcr9	fcr10	fcr11	fcr12	fcr13	fcr14	fcr15	rmc4	rmc5	rmc6	rmc7	rmc8	rmc9	rmc10	rmc11	rmc12	rmc13	rmc14	rmc15	rcc4	rcc5	rcc6	rcc7	rcc8	rcc9	rcc10	rcc11	rcc12	rcc13	rcc14	rcc15	fmc4	fmc5	fmc6	fmc7	fmc8	fmc9	fmc10	fmc11	fmc12	fmc13	fmc14	fmc15	fcc4	fcc5	fcc6	fcc7	fcc8	fcc9	fcc10	fcc11	fcc12	fcc13	fcc14	fcc15	size
4qac_ligand	-20.589790	-38.150226	-48.375795	-38.182668	-8.001782	33.390060	60.375349	77.494634	90.725022	103.062205	124.152676	132.366194	-9.780112	-14.040945	-14.862414	-4.808541	13.778102	36.262381	58.010779	79.656329	99.175489	116.995647	134.046981	150.024463	-17.786738	-21.002905	-16.610300	-15.168898	-19.657497	-12.525071	-10.338728	-12.150370	-13.675996	-14.650427	-18.382265	-17.371423	-15.902401	-19.330370	-13.634075	-5.429080	-0.154989	5.777799	5.515628	3.274359	2.452930	2.369936	2.060508	1.415388	-150.570606	-480.551249	-884.385327	-1324.040505	-1884.574956	-2721.062337	-3844.987376	-5140.398084	-6534.450714	-8151.053131	-9930.185362	-11884.111423	-8.675228	-19.391337	-23.461604	-11.976224	13.010844	42.139433	65.859876	87.044889	105.641822	121.168983	134.986177	147.647673	-151.193690	-486.452177	-911.686709	-1410.334899	-2074.240817	-3060.597916	-4345.997591	-5778.554735	-7268.369652	-8949.566836	-10766.889023	-12755.271522	-11.268913	-15.216040	-9.676179	-3.626295	-2.030289	4.061677	3.980415	2.169938	2.337327	3.769038	5.515420	6.780220	43
