name	rmr4	rmr5	rmr6	rmr7	rmr8	rmr9	rmr10	rmr11	rmr12	rmr13	rmr14	rmr15	rcr4	rcr5	rcr6	rcr7	rcr8	rcr9	rcr10	rcr11	rcr12	rcr13	rcr14	rcr15	fmr4	fmr5	fmr6	fmr7	fmr8	fmr9	fmr10	fmr11	fmr12	fmr13	fmr14	fmr15	fcr4	fcr5	fcr6	fcr7	fcr8	fcr9	fcr10	fcr11	fcr12	fcr13	fcr14	fcr15	rmc4	rmc5	rmc6	rmc7	rmc8	rmc9	rmc10	rmc11	rmc12	rmc13	rmc14	rmc15	rcc4	rcc5	rcc6	rcc7	rcc8	rcc9	rcc10	rcc11	rcc12	rcc13	rcc14	rcc15	fmc4	fmc5	fmc6	fmc7	fmc8	fmc9	fmc10	fmc11	fmc12	fmc13	fmc14	fmc15	fcc4	fcc5	fcc6	fcc7	fcc8	fcc9	fcc10	fcc11	fcc12	fcc13	fcc14	fcc15	size
4qd6_ligand	6.934971	-2.155174	-7.414437	-14.973970	-20.803909	-28.215431	-38.586851	-51.460304	-59.836748	-65.805071	-66.295620	-63.553981	6.753654	-0.047977	-0.220068	-0.489796	-1.024836	0.747234	5.480076	7.928346	10.026488	12.079888	14.997831	16.929803	9.982192	5.826772	4.913250	3.707540	5.279902	7.549208	10.189843	12.706773	17.217529	23.177779	31.684683	40.882441	6.625403	0.191118	0.233664	-0.077255	1.537972	3.629146	5.480626	4.750108	2.691295	-0.172556	-2.485555	-5.007313	-126.351174	-297.041805	-587.297915	-959.717789	-1454.310788	-2111.683301	-2956.871117	-3890.010814	-4795.710241	-5680.929527	-6457.907181	-7116.024144	6.875721	0.388769	0.935114	2.307239	5.018665	9.978152	16.846712	20.730960	23.664402	26.067299	29.043082	30.901775	-122.977548	-296.499021	-613.365910	-1038.135316	-1605.983020	-2356.411987	-3304.640628	-4318.002785	-5266.945846	-6163.737738	-6926.167113	-7563.315820	7.703181	2.043845	1.909340	1.361809	2.472583	4.309694	6.083976	5.233646	2.955999	0.485898	-1.080566	-2.910731	62
