name	rmr4	rmr5	rmr6	rmr7	rmr8	rmr9	rmr10	rmr11	rmr12	rmr13	rmr14	rmr15	rcr4	rcr5	rcr6	rcr7	rcr8	rcr9	rcr10	rcr11	rcr12	rcr13	rcr14	rcr15	fmr4	fmr5	fmr6	fmr7	fmr8	fmr9	fmr10	fmr11	fmr12	fmr13	fmr14	fmr15	fcr4	fcr5	fcr6	fcr7	fcr8	fcr9	fcr10	fcr11	fcr12	fcr13	fcr14	fcr15	rmc4	rmc5	rmc6	rmc7	rmc8	rmc9	rmc10	rmc11	rmc12	rmc13	rmc14	rmc15	rcc4	rcc5	rcc6	rcc7	rcc8	rcc9	rcc10	rcc11	rcc12	rcc13	rcc14	rcc15	fmc4	fmc5	fmc6	fmc7	fmc8	fmc9	fmc10	fmc11	fmc12	fmc13	fmc14	fmc15	fcc4	fcc5	fcc6	fcc7	fcc8	fcc9	fcc10	fcc11	fcc12	fcc13	fcc14	fcc15	size
4qd6_ligand	-12.106518	-21.244227	-26.798758	-19.482976	-3.508488	16.628972	35.092118	36.330730	31.942317	28.779240	28.990405	33.792738	-1.552999	-7.298119	-10.698641	-2.206578	12.937907	24.651922	42.503156	52.904130	56.094881	63.404254	67.195501	72.443871	-7.210142	-8.933290	-5.611957	4.510317	9.917057	14.855065	19.620753	18.187384	19.442849	22.010664	19.322939	20.369335	-3.279080	-6.782473	-6.118111	5.218031	14.149740	18.664225	25.384096	25.082491	26.516940	29.890640	28.802328	30.312299	-116.598316	-278.314486	-570.257423	-928.027725	-1397.144419	-2052.572028	-2932.216244	-3962.417134	-5118.215627	-6473.413002	-7982.647369	-9638.479470	-0.131807	-5.908723	-13.097226	-3.932728	16.917033	32.758532	52.246839	63.025255	66.085286	72.376298	74.854876	78.898641	-114.872574	-276.536208	-587.854496	-994.060414	-1546.285191	-2306.345373	-3305.749398	-4437.265243	-5660.809360	-7064.748353	-8603.564030	-10283.839428	0.014944	-1.128940	-1.386983	9.328863	17.634266	22.066469	28.778954	28.596252	30.390504	34.349657	33.980991	36.153003	62
