name	rmr4	rmr5	rmr6	rmr7	rmr8	rmr9	rmr10	rmr11	rmr12	rmr13	rmr14	rmr15	rcr4	rcr5	rcr6	rcr7	rcr8	rcr9	rcr10	rcr11	rcr12	rcr13	rcr14	rcr15	fmr4	fmr5	fmr6	fmr7	fmr8	fmr9	fmr10	fmr11	fmr12	fmr13	fmr14	fmr15	fcr4	fcr5	fcr6	fcr7	fcr8	fcr9	fcr10	fcr11	fcr12	fcr13	fcr14	fcr15	rmc4	rmc5	rmc6	rmc7	rmc8	rmc9	rmc10	rmc11	rmc12	rmc13	rmc14	rmc15	rcc4	rcc5	rcc6	rcc7	rcc8	rcc9	rcc10	rcc11	rcc12	rcc13	rcc14	rcc15	fmc4	fmc5	fmc6	fmc7	fmc8	fmc9	fmc10	fmc11	fmc12	fmc13	fmc14	fmc15	fcc4	fcc5	fcc6	fcc7	fcc8	fcc9	fcc10	fcc11	fcc12	fcc13	fcc14	fcc15	size
4rfm_ligand	-16.399830	-38.908234	-49.556424	-26.776766	4.682387	28.730489	44.681919	55.178370	58.835305	53.205672	58.111091	61.473789	-6.216262	-17.818418	-28.149850	-5.448961	25.052321	46.392036	70.117393	97.809009	116.439363	124.465855	139.643387	151.341995	-15.406937	-28.117874	-27.906805	-11.484180	-0.620522	0.610226	-0.310238	3.584426	7.916475	5.338955	5.647217	7.727207	-10.397569	-19.284948	-21.395787	-4.790108	6.323988	8.201559	6.980578	7.934069	9.274580	5.031857	6.273458	6.767414	-141.574799	-441.005023	-829.032110	-1306.928989	-2002.474012	-2982.562368	-4203.200695	-5610.610841	-7135.337323	-8956.369974	-10919.001610	-12976.819501	-6.871399	-20.491095	-29.505480	-4.331933	33.199516	60.866965	86.728712	115.171329	134.329325	141.568107	155.058570	165.025390	-142.855598	-448.131330	-863.750216	-1420.065218	-2253.404791	-3399.944670	-4784.235281	-6337.366506	-7960.826131	-9849.971717	-11851.303654	-13934.062889	-9.278935	-18.189360	-20.208238	-3.818508	7.624246	9.785588	8.647815	9.960271	11.866768	8.644631	11.591574	14.039330	63
