name	rmr4	rmr5	rmr6	rmr7	rmr8	rmr9	rmr10	rmr11	rmr12	rmr13	rmr14	rmr15	rcr4	rcr5	rcr6	rcr7	rcr8	rcr9	rcr10	rcr11	rcr12	rcr13	rcr14	rcr15	fmr4	fmr5	fmr6	fmr7	fmr8	fmr9	fmr10	fmr11	fmr12	fmr13	fmr14	fmr15	fcr4	fcr5	fcr6	fcr7	fcr8	fcr9	fcr10	fcr11	fcr12	fcr13	fcr14	fcr15	rmc4	rmc5	rmc6	rmc7	rmc8	rmc9	rmc10	rmc11	rmc12	rmc13	rmc14	rmc15	rcc4	rcc5	rcc6	rcc7	rcc8	rcc9	rcc10	rcc11	rcc12	rcc13	rcc14	rcc15	fmc4	fmc5	fmc6	fmc7	fmc8	fmc9	fmc10	fmc11	fmc12	fmc13	fmc14	fmc15	fcc4	fcc5	fcc6	fcc7	fcc8	fcc9	fcc10	fcc11	fcc12	fcc13	fcc14	fcc15	size
4tmn_ligand	11.899311	2.225665	3.594871	19.394921	35.297106	55.159999	65.758261	70.590607	73.271481	75.955538	75.624308	75.076290	1.717028	-4.326419	-2.339512	12.215119	22.228082	37.463138	52.063886	69.451760	83.983953	98.021562	105.367302	109.638494	12.857101	2.329160	1.366429	5.212461	4.862172	5.873724	6.982018	7.492286	8.926108	12.946186	16.246978	25.858560	-3.526958	-14.314368	-14.485591	-9.959421	-8.016825	-6.549328	-6.588437	-8.070856	-10.336165	-13.608137	-20.987260	-28.528438	-185.511364	-539.988406	-1002.805411	-1579.482403	-2379.729009	-3440.110884	-4805.062287	-6363.946201	-8023.587889	-9636.334229	-11069.077180	-12399.815162	5.449812	-1.381772	1.813078	18.989998	34.224402	54.534207	72.486101	92.348703	108.840017	123.608459	131.141538	135.460676	-181.201665	-548.638065	-1053.058604	-1723.579357	-2656.213596	-3883.850082	-5426.781232	-7140.138260	-8905.776745	-10559.702703	-11981.414324	-13292.265081	1.650271	-8.825392	-9.580247	-5.571813	-4.533223	-3.536235	-3.692104	-5.320862	-7.790554	-10.431101	-16.534569	-22.973184	68
