name	rmr4	rmr5	rmr6	rmr7	rmr8	rmr9	rmr10	rmr11	rmr12	rmr13	rmr14	rmr15	rcr4	rcr5	rcr6	rcr7	rcr8	rcr9	rcr10	rcr11	rcr12	rcr13	rcr14	rcr15	fmr4	fmr5	fmr6	fmr7	fmr8	fmr9	fmr10	fmr11	fmr12	fmr13	fmr14	fmr15	fcr4	fcr5	fcr6	fcr7	fcr8	fcr9	fcr10	fcr11	fcr12	fcr13	fcr14	fcr15	rmc4	rmc5	rmc6	rmc7	rmc8	rmc9	rmc10	rmc11	rmc12	rmc13	rmc14	rmc15	rcc4	rcc5	rcc6	rcc7	rcc8	rcc9	rcc10	rcc11	rcc12	rcc13	rcc14	rcc15	fmc4	fmc5	fmc6	fmc7	fmc8	fmc9	fmc10	fmc11	fmc12	fmc13	fmc14	fmc15	fcc4	fcc5	fcc6	fcc7	fcc8	fcc9	fcc10	fcc11	fcc12	fcc13	fcc14	fcc15	size
4tmn_ligand	-10.829934	-32.929945	-79.183737	-95.750041	-77.838376	-90.973542	-120.347305	-140.195858	-202.095006	-266.722598	-340.844719	-437.437346	2.591727	4.210166	-2.333748	13.298860	34.066190	55.643772	78.606683	113.666922	135.612619	153.900487	171.673134	194.218319	-15.481700	-29.009124	-45.344103	-45.700762	-48.536164	-62.674525	-84.816556	-99.205502	-130.857800	-171.113736	-220.202604	-271.576560	-9.073757	-11.331144	-9.187335	4.017027	9.834696	13.700052	18.205406	35.527478	45.116516	52.879293	54.990113	62.337604	-156.171851	-482.780123	-912.005249	-1445.168895	-2186.582241	-3197.649317	-4574.849967	-6317.894877	-8561.579587	-11290.105396	-14372.514044	-17975.240252	5.165061	5.997788	1.558394	21.545329	49.920009	79.523520	108.758464	149.367289	177.383338	200.098715	220.940750	246.643375	-163.017545	-502.799668	-960.892617	-1578.516125	-2454.908437	-3636.223541	-5207.611320	-7142.707508	-9565.375149	-12431.551407	-15614.287126	-19315.106996	-5.469641	-7.760777	-6.224811	6.619928	11.767845	15.375655	19.924210	37.250476	46.863362	54.589692	56.863220	64.309547	68
