name	rmr4	rmr5	rmr6	rmr7	rmr8	rmr9	rmr10	rmr11	rmr12	rmr13	rmr14	rmr15	rcr4	rcr5	rcr6	rcr7	rcr8	rcr9	rcr10	rcr11	rcr12	rcr13	rcr14	rcr15	fmr4	fmr5	fmr6	fmr7	fmr8	fmr9	fmr10	fmr11	fmr12	fmr13	fmr14	fmr15	fcr4	fcr5	fcr6	fcr7	fcr8	fcr9	fcr10	fcr11	fcr12	fcr13	fcr14	fcr15	rmc4	rmc5	rmc6	rmc7	rmc8	rmc9	rmc10	rmc11	rmc12	rmc13	rmc14	rmc15	rcc4	rcc5	rcc6	rcc7	rcc8	rcc9	rcc10	rcc11	rcc12	rcc13	rcc14	rcc15	fmc4	fmc5	fmc6	fmc7	fmc8	fmc9	fmc10	fmc11	fmc12	fmc13	fmc14	fmc15	fcc4	fcc5	fcc6	fcc7	fcc8	fcc9	fcc10	fcc11	fcc12	fcc13	fcc14	fcc15	size
4twp_ligand	-8.599740	-46.619108	-79.065756	-86.787510	-70.883628	-60.643879	-59.283562	-60.128869	-68.757341	-80.392760	-90.257637	-109.235784	-3.801596	-13.813226	-21.693312	-15.409093	1.887395	20.005449	37.894227	52.105967	58.618823	62.387953	67.062976	69.701769	-3.581830	-17.324349	-20.041685	-15.852866	-9.272934	-2.041020	-0.534164	-2.197085	2.229279	6.076291	8.797548	12.794732	-6.160105	-10.559574	-9.071040	-0.442132	8.771854	16.485922	18.078988	16.702947	22.899869	27.391718	29.921793	26.516887	-115.817422	-419.188990	-814.613269	-1276.924367	-1900.268756	-2793.687652	-3902.346262	-5223.801659	-6662.890389	-8374.826630	-10156.797307	-11994.577856	1.021821	-14.022049	-22.411285	-16.745508	2.445668	21.293657	36.672085	47.351007	50.989133	50.447130	50.755092	49.504810	-113.327468	-417.466161	-837.467323	-1358.773196	-2086.846841	-3121.787084	-4368.146112	-5815.108217	-7329.740584	-9091.517945	-10891.698928	-12740.779223	0.991039	-4.913876	-3.857160	4.268255	13.004662	20.731895	22.711239	22.041459	29.335384	35.062837	39.644007	38.581042	46
