name	rmr4	rmr5	rmr6	rmr7	rmr8	rmr9	rmr10	rmr11	rmr12	rmr13	rmr14	rmr15	rcr4	rcr5	rcr6	rcr7	rcr8	rcr9	rcr10	rcr11	rcr12	rcr13	rcr14	rcr15	fmr4	fmr5	fmr6	fmr7	fmr8	fmr9	fmr10	fmr11	fmr12	fmr13	fmr14	fmr15	fcr4	fcr5	fcr6	fcr7	fcr8	fcr9	fcr10	fcr11	fcr12	fcr13	fcr14	fcr15	rmc4	rmc5	rmc6	rmc7	rmc8	rmc9	rmc10	rmc11	rmc12	rmc13	rmc14	rmc15	rcc4	rcc5	rcc6	rcc7	rcc8	rcc9	rcc10	rcc11	rcc12	rcc13	rcc14	rcc15	fmc4	fmc5	fmc6	fmc7	fmc8	fmc9	fmc10	fmc11	fmc12	fmc13	fmc14	fmc15	fcc4	fcc5	fcc6	fcc7	fcc8	fcc9	fcc10	fcc11	fcc12	fcc13	fcc14	fcc15	size
4ty7_ligand	-9.194739	-14.627429	-22.364916	-13.696389	16.601373	32.896036	50.618499	69.068345	83.983747	94.212043	115.011968	118.283836	-2.594512	-1.376163	-4.758875	2.235273	22.386904	28.516324	44.301024	63.327574	79.248072	92.244539	106.659323	116.871465	-12.684230	-11.832953	-2.613111	3.419569	4.557342	0.373779	-0.614999	2.661743	7.330793	11.349114	14.767996	20.028347	-13.103233	-11.837884	-2.452328	7.286088	14.474492	12.764745	11.657139	14.458542	19.227699	23.256991	27.523862	31.860191	-153.284089	-443.454020	-855.167318	-1361.166118	-2011.579610	-2881.765691	-4022.641980	-5450.134269	-7132.331812	-9126.625119	-11501.484809	-14121.029391	-2.256212	-3.637097	-6.226745	0.840133	23.221525	30.649831	45.213600	62.207219	76.195153	85.720019	95.108342	100.150442	-159.214335	-456.040226	-893.735959	-1465.843459	-2224.048159	-3219.676112	-4508.862419	-6081.771134	-7881.488325	-9958.352584	-12398.704239	-15067.241039	-9.797165	-8.102295	1.685716	11.178456	17.365423	15.387250	14.474658	17.462074	22.479940	27.004442	31.762843	36.856747	66
