name	rmr4	rmr5	rmr6	rmr7	rmr8	rmr9	rmr10	rmr11	rmr12	rmr13	rmr14	rmr15	rcr4	rcr5	rcr6	rcr7	rcr8	rcr9	rcr10	rcr11	rcr12	rcr13	rcr14	rcr15	fmr4	fmr5	fmr6	fmr7	fmr8	fmr9	fmr10	fmr11	fmr12	fmr13	fmr14	fmr15	fcr4	fcr5	fcr6	fcr7	fcr8	fcr9	fcr10	fcr11	fcr12	fcr13	fcr14	fcr15	rmc4	rmc5	rmc6	rmc7	rmc8	rmc9	rmc10	rmc11	rmc12	rmc13	rmc14	rmc15	rcc4	rcc5	rcc6	rcc7	rcc8	rcc9	rcc10	rcc11	rcc12	rcc13	rcc14	rcc15	fmc4	fmc5	fmc6	fmc7	fmc8	fmc9	fmc10	fmc11	fmc12	fmc13	fmc14	fmc15	fcc4	fcc5	fcc6	fcc7	fcc8	fcc9	fcc10	fcc11	fcc12	fcc13	fcc14	fcc15	size
4u4s_ligand	-4.831517	-9.265365	-12.009209	-4.953791	14.381893	33.072652	46.139215	54.260764	56.263800	65.176195	74.237155	78.967689	-6.273966	-7.974818	-9.353704	-1.387726	14.931984	25.329819	38.111995	48.631922	53.771442	67.377340	75.150305	77.700234	-5.471539	-7.604940	-7.004961	-4.778670	-0.655354	-1.802738	-6.612134	-7.412254	-11.033223	-7.029356	-4.649546	-6.945045	-12.814188	-16.306127	-16.660282	-10.976665	-4.138517	-5.510339	-7.571847	-9.855226	-12.299484	-7.072550	-5.379107	-8.906778	-97.042169	-242.996462	-464.429827	-706.515503	-1023.032906	-1489.535899	-2075.470310	-2772.321567	-3627.250118	-4674.866760	-5870.640708	-7234.936928	2.874812	1.115737	-3.525657	3.972851	22.885537	34.539889	46.070686	54.439959	56.965182	66.781804	70.168495	68.143899	-98.880347	-246.429543	-482.045402	-757.788791	-1136.251034	-1683.794376	-2351.982312	-3120.247262	-4035.099168	-5130.667812	-6356.982061	-7748.863278	-0.721302	-1.192945	-2.087814	2.779190	8.438052	6.939168	4.893471	3.042222	0.991552	6.535269	8.727434	5.683135	25
