name	rmr4	rmr5	rmr6	rmr7	rmr8	rmr9	rmr10	rmr11	rmr12	rmr13	rmr14	rmr15	rcr4	rcr5	rcr6	rcr7	rcr8	rcr9	rcr10	rcr11	rcr12	rcr13	rcr14	rcr15	fmr4	fmr5	fmr6	fmr7	fmr8	fmr9	fmr10	fmr11	fmr12	fmr13	fmr14	fmr15	fcr4	fcr5	fcr6	fcr7	fcr8	fcr9	fcr10	fcr11	fcr12	fcr13	fcr14	fcr15	rmc4	rmc5	rmc6	rmc7	rmc8	rmc9	rmc10	rmc11	rmc12	rmc13	rmc14	rmc15	rcc4	rcc5	rcc6	rcc7	rcc8	rcc9	rcc10	rcc11	rcc12	rcc13	rcc14	rcc15	fmc4	fmc5	fmc6	fmc7	fmc8	fmc9	fmc10	fmc11	fmc12	fmc13	fmc14	fmc15	fcc4	fcc5	fcc6	fcc7	fcc8	fcc9	fcc10	fcc11	fcc12	fcc13	fcc14	fcc15	size
4w9h_ligand	-3.677396	-36.156891	-78.359951	-77.152208	-71.858914	-69.360597	-69.581452	-74.807310	-87.756542	-92.988516	-108.415909	-120.316197	7.086231	-4.356594	-20.688229	-8.535911	4.547321	11.627579	22.113603	32.309424	39.936355	50.046911	48.723367	49.803675	-7.179154	-22.963504	-37.812527	-30.046947	-41.811847	-44.873811	-41.121127	-38.669549	-38.882685	-35.331141	-38.785140	-38.915716	-4.328892	-12.503177	-15.792307	-0.071713	5.528904	7.863957	9.673190	11.425787	10.709898	13.857666	10.398106	8.810581	-134.187308	-411.779157	-769.916563	-1219.558903	-1777.936789	-2460.201742	-3401.464419	-4544.121914	-5784.830792	-7068.553074	-8456.858595	-9966.552318	8.395387	-4.657251	-20.679099	-7.295799	8.297490	17.178185	28.525586	39.025625	46.753653	56.303348	54.101912	54.182015	-140.810788	-420.730321	-795.024231	-1309.093817	-1952.244730	-2726.965028	-3789.713324	-5045.418557	-6365.146920	-7685.249717	-9084.092696	-10604.729152	-1.247374	-9.139964	-12.761432	2.868619	6.950325	8.212232	10.099260	11.961040	11.528528	15.619630	13.388236	12.950884	65
