name	rmr4	rmr5	rmr6	rmr7	rmr8	rmr9	rmr10	rmr11	rmr12	rmr13	rmr14	rmr15	rcr4	rcr5	rcr6	rcr7	rcr8	rcr9	rcr10	rcr11	rcr12	rcr13	rcr14	rcr15	fmr4	fmr5	fmr6	fmr7	fmr8	fmr9	fmr10	fmr11	fmr12	fmr13	fmr14	fmr15	fcr4	fcr5	fcr6	fcr7	fcr8	fcr9	fcr10	fcr11	fcr12	fcr13	fcr14	fcr15	rmc4	rmc5	rmc6	rmc7	rmc8	rmc9	rmc10	rmc11	rmc12	rmc13	rmc14	rmc15	rcc4	rcc5	rcc6	rcc7	rcc8	rcc9	rcc10	rcc11	rcc12	rcc13	rcc14	rcc15	fmc4	fmc5	fmc6	fmc7	fmc8	fmc9	fmc10	fmc11	fmc12	fmc13	fmc14	fmc15	fcc4	fcc5	fcc6	fcc7	fcc8	fcc9	fcc10	fcc11	fcc12	fcc13	fcc14	fcc15	size
4wiv_ligand	-14.269942	-24.443429	-40.463509	-42.284156	-1.724338	16.075121	11.471184	7.988146	5.432368	-16.686362	-22.458502	-54.796823	5.962345	8.043051	6.616696	16.658081	37.000696	48.169264	61.940969	71.061073	81.520588	88.706140	95.823690	98.219511	-13.242538	-15.802753	-23.023302	-29.119745	-17.593733	-25.239787	-45.997904	-72.348996	-99.047522	-123.173464	-151.248873	-174.877102	2.348315	5.566989	6.009074	12.735348	25.670597	26.577824	28.684442	24.019668	30.367765	31.706206	31.819166	24.482041	-76.733804	-219.360242	-440.468278	-713.140502	-1107.432759	-1712.540016	-2520.242247	-3497.241979	-4569.051866	-5765.476610	-6917.294160	-8150.725662	-2.722317	-2.745522	-8.615554	-0.225698	21.525301	31.783304	41.261413	44.665838	50.113839	52.253220	55.583663	54.287776	-78.940528	-221.864801	-457.317553	-773.138001	-1239.815652	-1944.404359	-2855.941066	-3928.816806	-5061.622567	-6294.606017	-7453.457308	-8695.332040	-4.005003	0.527774	0.358962	7.311612	20.711983	22.061372	23.996177	19.440025	26.529638	28.873247	30.958743	25.454548	51
