name	rmr4	rmr5	rmr6	rmr7	rmr8	rmr9	rmr10	rmr11	rmr12	rmr13	rmr14	rmr15	rcr4	rcr5	rcr6	rcr7	rcr8	rcr9	rcr10	rcr11	rcr12	rcr13	rcr14	rcr15	fmr4	fmr5	fmr6	fmr7	fmr8	fmr9	fmr10	fmr11	fmr12	fmr13	fmr14	fmr15	fcr4	fcr5	fcr6	fcr7	fcr8	fcr9	fcr10	fcr11	fcr12	fcr13	fcr14	fcr15	rmc4	rmc5	rmc6	rmc7	rmc8	rmc9	rmc10	rmc11	rmc12	rmc13	rmc14	rmc15	rcc4	rcc5	rcc6	rcc7	rcc8	rcc9	rcc10	rcc11	rcc12	rcc13	rcc14	rcc15	fmc4	fmc5	fmc6	fmc7	fmc8	fmc9	fmc10	fmc11	fmc12	fmc13	fmc14	fmc15	fcc4	fcc5	fcc6	fcc7	fcc8	fcc9	fcc10	fcc11	fcc12	fcc13	fcc14	fcc15	size
4x6p_ligand	-9.669774	-31.493069	-44.402027	-46.134742	-23.317425	-0.645530	19.346054	31.907733	34.834771	42.922553	53.108222	51.041554	1.114531	-10.687047	-14.321816	-15.005787	-2.812320	8.320654	26.539166	41.132882	44.546738	54.600623	56.081031	62.642134	-9.028463	-8.178600	3.124737	1.107695	-2.074165	0.943813	7.792283	9.092426	11.877727	15.819144	12.109220	14.753278	-7.065889	-8.590336	2.224190	5.704006	10.322358	15.396823	20.966908	21.937997	25.079269	29.373105	28.692078	30.141315	-211.020248	-602.308654	-1089.332821	-1674.363679	-2434.262861	-3451.190476	-4762.721965	-6386.915980	-8340.638967	-10643.246591	-13316.207428	-16276.229106	0.666598	-13.346547	-14.794568	-14.427083	1.282523	15.153167	32.963415	45.964479	47.775898	54.518377	51.140901	52.532487	-212.936890	-602.647981	-1119.445575	-1773.923128	-2653.163309	-3819.424940	-5294.937272	-7077.731404	-9156.396669	-11550.581448	-14283.418024	-17295.812255	-3.288763	-3.507283	7.301432	9.899516	12.878527	17.349690	23.121768	24.460274	27.974155	32.907638	33.120322	35.644753	63
