name	rmr4	rmr5	rmr6	rmr7	rmr8	rmr9	rmr10	rmr11	rmr12	rmr13	rmr14	rmr15	rcr4	rcr5	rcr6	rcr7	rcr8	rcr9	rcr10	rcr11	rcr12	rcr13	rcr14	rcr15	fmr4	fmr5	fmr6	fmr7	fmr8	fmr9	fmr10	fmr11	fmr12	fmr13	fmr14	fmr15	fcr4	fcr5	fcr6	fcr7	fcr8	fcr9	fcr10	fcr11	fcr12	fcr13	fcr14	fcr15	rmc4	rmc5	rmc6	rmc7	rmc8	rmc9	rmc10	rmc11	rmc12	rmc13	rmc14	rmc15	rcc4	rcc5	rcc6	rcc7	rcc8	rcc9	rcc10	rcc11	rcc12	rcc13	rcc14	rcc15	fmc4	fmc5	fmc6	fmc7	fmc8	fmc9	fmc10	fmc11	fmc12	fmc13	fmc14	fmc15	fcc4	fcc5	fcc6	fcc7	fcc8	fcc9	fcc10	fcc11	fcc12	fcc13	fcc14	fcc15	size
5a7b_ligand	-8.475580	-9.190583	-8.450162	5.881994	24.586339	47.546935	65.089571	75.506303	83.998094	102.600473	117.259501	116.562239	-3.144423	-0.277337	1.256200	13.768791	27.747428	46.542596	56.749279	62.954937	72.496250	88.495140	98.620996	99.970248	-9.589611	-15.357806	-16.530456	-21.324091	-36.322814	-39.819595	-45.329875	-54.373209	-55.370680	-55.137489	-59.702310	-56.873159	-8.976586	-13.590052	-15.099827	-12.692430	-13.785965	-13.386371	-16.456243	-21.440209	-24.297664	-23.908657	-22.571276	-23.078863	-107.510132	-404.461214	-747.669762	-1128.149540	-1582.821651	-2137.524163	-2812.120853	-3576.767548	-4402.007423	-5348.320536	-6375.708178	-7397.447785	-0.739207	-5.814523	-6.130114	5.819676	20.694526	39.939901	50.132502	55.956250	65.095244	80.319397	89.281620	89.627595	-109.809344	-420.001739	-792.994934	-1229.896355	-1758.550473	-2403.518147	-3161.500707	-3997.277270	-4877.254142	-5864.313140	-6909.457904	-7933.758913	-4.234742	-11.418979	-12.615162	-10.923636	-14.083056	-14.712393	-18.218153	-23.245120	-26.033715	-25.312388	-23.210184	-22.680600	65
