name	rmr4	rmr5	rmr6	rmr7	rmr8	rmr9	rmr10	rmr11	rmr12	rmr13	rmr14	rmr15	rcr4	rcr5	rcr6	rcr7	rcr8	rcr9	rcr10	rcr11	rcr12	rcr13	rcr14	rcr15	fmr4	fmr5	fmr6	fmr7	fmr8	fmr9	fmr10	fmr11	fmr12	fmr13	fmr14	fmr15	fcr4	fcr5	fcr6	fcr7	fcr8	fcr9	fcr10	fcr11	fcr12	fcr13	fcr14	fcr15	rmc4	rmc5	rmc6	rmc7	rmc8	rmc9	rmc10	rmc11	rmc12	rmc13	rmc14	rmc15	rcc4	rcc5	rcc6	rcc7	rcc8	rcc9	rcc10	rcc11	rcc12	rcc13	rcc14	rcc15	fmc4	fmc5	fmc6	fmc7	fmc8	fmc9	fmc10	fmc11	fmc12	fmc13	fmc14	fmc15	fcc4	fcc5	fcc6	fcc7	fcc8	fcc9	fcc10	fcc11	fcc12	fcc13	fcc14	fcc15	size
5aba_ligand	1.664523	-7.339484	-9.568034	-3.826315	11.363398	22.789165	33.962446	38.630307	45.518392	51.767599	57.620656	58.781852	8.641268	1.582947	1.179748	6.344737	17.623514	26.619900	33.152894	34.714795	43.645725	50.666222	55.987551	60.255495	-1.512599	-9.605026	-10.148821	-13.103155	-18.442986	-22.412753	-24.920113	-28.608803	-24.340491	-24.414893	-26.470254	-20.674280	2.820535	-4.981013	-6.330976	-6.620037	-6.271999	-8.039811	-9.110163	-11.520692	-7.951167	-8.538399	-8.377196	-5.570794	-72.258847	-234.517788	-463.550091	-737.953515	-1066.140896	-1488.299611	-2018.844198	-2618.790932	-3258.553644	-3905.050801	-4644.508525	-5351.437906	6.955957	-2.346151	-4.529792	0.092764	12.299495	21.952432	28.706529	30.086448	38.803813	45.504495	50.137330	53.869855	-76.252089	-241.339832	-492.014850	-807.828668	-1190.459177	-1679.526477	-2276.191587	-2927.715479	-3605.863684	-4270.276460	-5019.379433	-5724.988863	2.852912	-4.596762	-6.027334	-6.742896	-7.475416	-9.662211	-10.908636	-13.376016	-9.795382	-10.110870	-9.393830	-5.790805	49
