name	rmr4	rmr5	rmr6	rmr7	rmr8	rmr9	rmr10	rmr11	rmr12	rmr13	rmr14	rmr15	rcr4	rcr5	rcr6	rcr7	rcr8	rcr9	rcr10	rcr11	rcr12	rcr13	rcr14	rcr15	fmr4	fmr5	fmr6	fmr7	fmr8	fmr9	fmr10	fmr11	fmr12	fmr13	fmr14	fmr15	fcr4	fcr5	fcr6	fcr7	fcr8	fcr9	fcr10	fcr11	fcr12	fcr13	fcr14	fcr15	rmc4	rmc5	rmc6	rmc7	rmc8	rmc9	rmc10	rmc11	rmc12	rmc13	rmc14	rmc15	rcc4	rcc5	rcc6	rcc7	rcc8	rcc9	rcc10	rcc11	rcc12	rcc13	rcc14	rcc15	fmc4	fmc5	fmc6	fmc7	fmc8	fmc9	fmc10	fmc11	fmc12	fmc13	fmc14	fmc15	fcc4	fcc5	fcc6	fcc7	fcc8	fcc9	fcc10	fcc11	fcc12	fcc13	fcc14	fcc15	size
5c28_ligand	-6.294158	-12.049069	-12.714479	2.276724	27.589994	42.266743	63.463704	78.066376	90.636161	97.564193	112.352662	106.619661	4.360063	4.541843	4.410710	7.423349	15.650021	21.486149	28.843307	34.604343	41.893177	47.639765	54.174654	58.923702	-7.283547	-10.218664	-12.105539	-8.601847	-6.680009	-10.375696	-14.326580	-24.620272	-32.750892	-45.786360	-54.578237	-65.031187	0.113034	1.647233	3.452447	6.642033	10.616771	13.241291	15.891392	15.283820	17.164085	15.954569	19.333559	21.237113	-63.126368	-176.531239	-313.374594	-494.187036	-773.113713	-1131.881846	-1632.641330	-2279.178462	-3062.315075	-3988.311459	-5040.757992	-6191.542752	2.197664	1.093262	0.345238	3.296338	12.873307	19.304314	26.641111	31.618861	38.050358	42.563739	47.221071	49.941633	-65.967261	-178.681262	-323.215655	-531.735919	-861.906600	-1272.555212	-1838.998123	-2553.238114	-3395.428792	-4365.376851	-5444.578555	-6616.113411	-0.619928	1.363399	3.083381	6.347101	10.650879	13.167129	15.840655	15.207071	17.098117	15.927477	19.493872	21.699189	22
