name	rmr4	rmr5	rmr6	rmr7	rmr8	rmr9	rmr10	rmr11	rmr12	rmr13	rmr14	rmr15	rcr4	rcr5	rcr6	rcr7	rcr8	rcr9	rcr10	rcr11	rcr12	rcr13	rcr14	rcr15	fmr4	fmr5	fmr6	fmr7	fmr8	fmr9	fmr10	fmr11	fmr12	fmr13	fmr14	fmr15	fcr4	fcr5	fcr6	fcr7	fcr8	fcr9	fcr10	fcr11	fcr12	fcr13	fcr14	fcr15	rmc4	rmc5	rmc6	rmc7	rmc8	rmc9	rmc10	rmc11	rmc12	rmc13	rmc14	rmc15	rcc4	rcc5	rcc6	rcc7	rcc8	rcc9	rcc10	rcc11	rcc12	rcc13	rcc14	rcc15	fmc4	fmc5	fmc6	fmc7	fmc8	fmc9	fmc10	fmc11	fmc12	fmc13	fmc14	fmc15	fcc4	fcc5	fcc6	fcc7	fcc8	fcc9	fcc10	fcc11	fcc12	fcc13	fcc14	fcc15	size
5c2h_ligand	-17.254665	-24.278359	-24.915053	10.751090	74.220395	125.793920	177.657714	226.234550	257.112399	287.524376	324.799713	330.397997	5.418471	9.342451	9.145264	8.818234	17.346718	34.447926	45.976876	61.279562	71.039593	85.592070	99.875921	112.309824	-15.017591	-21.758569	-24.603859	-25.737463	-29.500402	-42.126789	-54.943631	-68.626969	-83.771209	-96.642572	-113.891733	-122.176878	0.440342	3.523318	13.221295	15.788087	19.474531	28.916818	32.432032	36.366116	39.533702	45.849878	52.210751	62.632208	-161.106330	-474.877883	-845.398420	-1328.959496	-2053.361975	-2959.493443	-4117.194823	-5531.346637	-7206.241368	-9209.923509	-11571.563618	-14037.378836	2.100377	1.343348	-0.142220	-1.079115	10.153765	28.305291	39.463810	53.120652	61.037423	72.894745	82.829705	91.049247	-161.570449	-481.002727	-868.859912	-1416.444468	-2263.499182	-3298.860151	-4593.842910	-6142.610340	-7927.324310	-10013.603052	-12437.232763	-14937.907979	0.718107	4.244156	14.081623	16.361056	20.437519	29.574201	32.940473	37.004108	40.334871	46.928415	53.742007	65.116179	55
