name	rmr4	rmr5	rmr6	rmr7	rmr8	rmr9	rmr10	rmr11	rmr12	rmr13	rmr14	rmr15	rcr4	rcr5	rcr6	rcr7	rcr8	rcr9	rcr10	rcr11	rcr12	rcr13	rcr14	rcr15	fmr4	fmr5	fmr6	fmr7	fmr8	fmr9	fmr10	fmr11	fmr12	fmr13	fmr14	fmr15	fcr4	fcr5	fcr6	fcr7	fcr8	fcr9	fcr10	fcr11	fcr12	fcr13	fcr14	fcr15	rmc4	rmc5	rmc6	rmc7	rmc8	rmc9	rmc10	rmc11	rmc12	rmc13	rmc14	rmc15	rcc4	rcc5	rcc6	rcc7	rcc8	rcc9	rcc10	rcc11	rcc12	rcc13	rcc14	rcc15	fmc4	fmc5	fmc6	fmc7	fmc8	fmc9	fmc10	fmc11	fmc12	fmc13	fmc14	fmc15	fcc4	fcc5	fcc6	fcc7	fcc8	fcc9	fcc10	fcc11	fcc12	fcc13	fcc14	fcc15	size
5dwr_ligand	-6.084654	-19.613533	-44.094223	-42.863510	16.001739	30.608499	35.529679	24.858961	9.894713	-13.888839	-37.518269	-67.244268	2.658979	-3.502455	-13.332832	-2.067977	31.523396	53.002796	85.629322	104.249568	121.152436	129.010718	137.818086	145.123411	-3.691094	-5.407241	-16.989271	-17.663349	3.948866	-2.663492	-6.944829	-25.023443	-38.271444	-56.567217	-71.924505	-88.949145	-0.512672	-0.537695	-3.362809	6.646152	20.999049	24.223011	33.996016	32.294230	36.230778	35.564711	36.514302	34.331775	-129.561123	-361.281361	-750.919644	-1209.935284	-1919.632059	-2953.362914	-4255.207230	-5764.536674	-7562.019155	-9581.593657	-11704.598711	-13960.644006	2.466463	-4.156263	-12.716393	1.758980	43.746254	73.291121	110.867107	133.281865	153.886265	163.660394	173.474832	181.587106	-129.655190	-362.980256	-786.440736	-1317.862154	-2175.104611	-3386.459685	-4866.378192	-6526.936292	-8450.479080	-10545.995397	-12704.913496	-14989.113188	0.013201	0.244012	-2.089273	8.139078	23.834495	27.892793	37.739952	35.831379	39.665875	39.388605	41.214728	39.997349	56
