name	rmr4	rmr5	rmr6	rmr7	rmr8	rmr9	rmr10	rmr11	rmr12	rmr13	rmr14	rmr15	rcr4	rcr5	rcr6	rcr7	rcr8	rcr9	rcr10	rcr11	rcr12	rcr13	rcr14	rcr15	fmr4	fmr5	fmr6	fmr7	fmr8	fmr9	fmr10	fmr11	fmr12	fmr13	fmr14	fmr15	fcr4	fcr5	fcr6	fcr7	fcr8	fcr9	fcr10	fcr11	fcr12	fcr13	fcr14	fcr15	rmc4	rmc5	rmc6	rmc7	rmc8	rmc9	rmc10	rmc11	rmc12	rmc13	rmc14	rmc15	rcc4	rcc5	rcc6	rcc7	rcc8	rcc9	rcc10	rcc11	rcc12	rcc13	rcc14	rcc15	fmc4	fmc5	fmc6	fmc7	fmc8	fmc9	fmc10	fmc11	fmc12	fmc13	fmc14	fmc15	fcc4	fcc5	fcc6	fcc7	fcc8	fcc9	fcc10	fcc11	fcc12	fcc13	fcc14	fcc15	size
5tmn_ligand	-5.773251	-28.051449	-66.367436	-90.398270	-74.110142	-72.245193	-95.704332	-133.499687	-186.855976	-237.094278	-304.720893	-379.927908	4.685572	1.149099	-4.678617	0.595305	19.312723	52.079213	73.903993	84.596033	107.754298	132.520315	147.777904	180.991478	-9.859643	-28.076165	-43.388231	-53.441821	-54.805739	-59.019302	-75.890015	-107.559270	-138.164815	-173.836777	-220.147639	-258.987563	-4.424579	-13.731035	-13.899724	-9.366398	-4.294801	8.305577	14.953971	11.472839	19.598955	27.999253	27.253733	42.098299	-112.821282	-377.507895	-726.947126	-1179.524282	-1807.154663	-2635.649991	-3831.227358	-5373.665543	-7351.594339	-9756.092647	-12537.558282	-15756.262225	5.627750	1.355541	-2.311968	6.677705	32.234323	71.689497	99.276563	114.979348	143.685440	172.411492	190.526563	226.641528	-118.511417	-397.804454	-774.971750	-1297.273210	-2042.388280	-3017.158813	-4382.857342	-6093.260977	-8236.625051	-10771.850130	-13650.937802	-16965.251623	-2.734579	-12.131393	-12.282088	-7.898752	-2.952075	9.448930	16.277479	12.831297	21.007693	29.291286	28.541043	43.392332	64
